ISO-10303-21;
HEADER;
/* Generated by software containing ST-Developer
 * from STEP Tools, Inc. (www.steptools.com) 
 */
/* OPTION: using custom renumber hook */

FILE_DESCRIPTION(
/* description */ ('STEP AP242 Edition 2',
'CAx-IF Rec.Pracs.---Representation and Presentation of Product Manufa
cturing Information (PMI)---4.0---2014-10-13',
'CAx-IF Rec.Pracs.---3D Tessellated Geometry---0.4---2014-09-14','2;1',
'CAx-IF Rec.Pracs.---User Defined Attributes---1.5---2016-08-15'),
/* implementation_level */ '2;1');

FILE_NAME(
/* name */ 'Part Studio 2 - Part 2',
/* time_stamp */ '2026-08-06T14:10:46Z',
/* author */ (''),
/* organization */ (''),
/* preprocessor_version */ 'ST-DEVELOPER v20',
/* originating_system */ 'ONSHAPE BY PTC INC, 1.218',
/* authorisation */ '  ');

FILE_SCHEMA (('AP242_MANAGED_MODEL_BASED_3D_ENGINEERING_MIM_LF { 1 0 10303 442 3 1 4 }'));
ENDSEC;

DATA;
#10=SHAPE_REPRESENTATION_RELATIONSHIP('','',#4707,#11);
#11=ADVANCED_BREP_SHAPE_REPRESENTATION('',(#4705),#7909);
#12=CYLINDRICAL_SURFACE('',#4760,0.00459998545634098);
#13=CYLINDRICAL_SURFACE('',#4764,0.00459978143325802);
#14=CYLINDRICAL_SURFACE('',#4768,0.00459969653134895);
#15=CYLINDRICAL_SURFACE('',#4772,0.004599671922807);
#16=CYLINDRICAL_SURFACE('',#4776,0.0046000428374369);
#17=CYLINDRICAL_SURFACE('',#4780,0.00460009227672498);
#18=CYLINDRICAL_SURFACE('',#4784,0.00460027012807991);
#19=CYLINDRICAL_SURFACE('',#4788,0.00459994752316615);
#20=CYLINDRICAL_SURFACE('',#4795,0.00460002120551808);
#21=CYLINDRICAL_SURFACE('',#4799,0.00460011756131795);
#22=CYLINDRICAL_SURFACE('',#4803,0.0046000821630901);
#23=CYLINDRICAL_SURFACE('',#4807,0.00459981654441301);
#24=CYLINDRICAL_SURFACE('',#4812,0.00460001706694584);
#25=CYLINDRICAL_SURFACE('',#4816,0.00460040609318173);
#26=CYLINDRICAL_SURFACE('',#4823,0.00459982377890802);
#27=CYLINDRICAL_SURFACE('',#4827,0.00460012902565377);
#28=CYLINDRICAL_SURFACE('',#4832,0.00459971567283788);
#29=CYLINDRICAL_SURFACE('',#4836,0.00460010013423954);
#30=CYLINDRICAL_SURFACE('',#4840,0.00460003174966788);
#31=CYLINDRICAL_SURFACE('',#4844,0.00460005570680507);
#32=CYLINDRICAL_SURFACE('',#4852,0.00460024540923144);
#33=CYLINDRICAL_SURFACE('',#4856,0.00460004386899485);
#34=CYLINDRICAL_SURFACE('',#4860,0.00459963363743255);
#35=CYLINDRICAL_SURFACE('',#4864,0.00459982825400985);
#36=CYLINDRICAL_SURFACE('',#4868,0.00459984353563167);
#37=CYLINDRICAL_SURFACE('',#4872,0.00460032502062343);
#38=CYLINDRICAL_SURFACE('',#4876,0.00459950794360983);
#39=CYLINDRICAL_SURFACE('',#4880,0.00459979273774793);
#40=CYLINDRICAL_SURFACE('',#4884,0.00468603084451848);
#41=CYLINDRICAL_SURFACE('',#4888,0.00459976677093396);
#42=CYLINDRICAL_SURFACE('',#4892,0.00468422870878388);
#43=CYLINDRICAL_SURFACE('',#4896,0.00460015369192991);
#44=CYLINDRICAL_SURFACE('',#4900,0.00459985364516502);
#45=CYLINDRICAL_SURFACE('',#4904,0.00467087308704959);
#46=CYLINDRICAL_SURFACE('',#4910,0.0046000302995029);
#47=CYLINDRICAL_SURFACE('',#4915,0.00460000193565586);
#48=CYLINDRICAL_SURFACE('',#4921,0.0046000205625919);
#49=CYLINDRICAL_SURFACE('',#4925,0.00459984993924603);
#50=CYLINDRICAL_SURFACE('',#4929,0.00460038624366699);
#51=CYLINDRICAL_SURFACE('',#4933,0.00468410882305246);
#52=CYLINDRICAL_SURFACE('',#4937,0.00460017178415594);
#53=CYLINDRICAL_SURFACE('',#4941,0.00468618796847753);
#54=CYLINDRICAL_SURFACE('',#4946,0.0016);
#55=CYLINDRICAL_SURFACE('',#4949,0.00319999999999996);
#56=CYLINDRICAL_SURFACE('',#4953,0.00224999999999997);
#57=CYLINDRICAL_SURFACE('',#4956,0.00424999999999992);
#58=CYLINDRICAL_SURFACE('',#4960,0.00224999999999997);
#59=CYLINDRICAL_SURFACE('',#4963,0.00424999999999992);
#60=CYLINDRICAL_SURFACE('',#4967,0.00225);
#61=CYLINDRICAL_SURFACE('',#4970,0.00425);
#62=CYLINDRICAL_SURFACE('',#4974,0.00225);
#63=CYLINDRICAL_SURFACE('',#4977,0.00425);
#64=CYLINDRICAL_SURFACE('',#4981,0.0016);
#65=CYLINDRICAL_SURFACE('',#4984,0.00319999999999996);
#66=CYLINDRICAL_SURFACE('',#4988,0.0016);
#67=CYLINDRICAL_SURFACE('',#4991,0.00319999999999996);
#68=CYLINDRICAL_SURFACE('',#4995,0.0016);
#69=CYLINDRICAL_SURFACE('',#4998,0.00319999999999996);
#70=CYLINDRICAL_SURFACE('',#5047,0.00263982377890799);
#71=CYLINDRICAL_SURFACE('',#5049,0.00264012902565389);
#72=CYLINDRICAL_SURFACE('',#5052,0.00263971567283806);
#73=CYLINDRICAL_SURFACE('',#5054,0.00264010013424205);
#74=CYLINDRICAL_SURFACE('',#5057,0.00264003174966797);
#75=CYLINDRICAL_SURFACE('',#5059,0.00264005570680527);
#76=CYLINDRICAL_SURFACE('',#5066,0.00264024540923084);
#77=CYLINDRICAL_SURFACE('',#5068,0.00264004386899516);
#78=CYLINDRICAL_SURFACE('',#5071,0.00263963363743287);
#79=CYLINDRICAL_SURFACE('',#5073,0.00263982825401008);
#80=CYLINDRICAL_SURFACE('',#5075,0.00263984353563199);
#81=CYLINDRICAL_SURFACE('',#5077,0.00264032502062431);
#82=CYLINDRICAL_SURFACE('',#5079,0.00263950794361015);
#83=CYLINDRICAL_SURFACE('',#5081,0.00263979273774793);
#84=CYLINDRICAL_SURFACE('',#5083,0.00272603084451807);
#85=CYLINDRICAL_SURFACE('',#5085,0.00263976677093406);
#86=CYLINDRICAL_SURFACE('',#5087,0.00272422870878361);
#87=CYLINDRICAL_SURFACE('',#5089,0.00264015369192995);
#88=CYLINDRICAL_SURFACE('',#5091,0.00263985364516507);
#89=CYLINDRICAL_SURFACE('',#5093,0.00271087308705264);
#90=CYLINDRICAL_SURFACE('',#5097,0.00264003029950286);
#91=CYLINDRICAL_SURFACE('',#5099,0.00264000193565606);
#92=CYLINDRICAL_SURFACE('',#5103,0.00264002056259031);
#93=CYLINDRICAL_SURFACE('',#5105,0.00263984993924602);
#94=CYLINDRICAL_SURFACE('',#5107,0.00264038624366698);
#95=CYLINDRICAL_SURFACE('',#5109,0.0027241088230529);
#96=CYLINDRICAL_SURFACE('',#5112,0.002640171784156);
#97=CYLINDRICAL_SURFACE('',#5114,0.00272618796847806);
#98=CYLINDRICAL_SURFACE('',#5116,0.00263998545634098);
#99=CYLINDRICAL_SURFACE('',#5118,0.00263978143325816);
#100=CYLINDRICAL_SURFACE('',#5120,0.00263969653134902);
#101=CYLINDRICAL_SURFACE('',#5122,0.00263967192280701);
#102=CYLINDRICAL_SURFACE('',#5124,0.00264004283743697);
#103=CYLINDRICAL_SURFACE('',#5126,0.00264009227672481);
#104=CYLINDRICAL_SURFACE('',#5129,0.00264027012808012);
#105=CYLINDRICAL_SURFACE('',#5131,0.00263994752316606);
#106=CYLINDRICAL_SURFACE('',#5137,0.00264002120551807);
#107=CYLINDRICAL_SURFACE('',#5139,0.00264011756131803);
#108=CYLINDRICAL_SURFACE('',#5142,0.00264008216308993);
#109=CYLINDRICAL_SURFACE('',#5144,0.00263981654441306);
#110=CYLINDRICAL_SURFACE('',#5147,0.00264001706694594);
#111=CYLINDRICAL_SURFACE('',#5149,0.0026404060931819);
#112=LINE('',#6544,#586);
#113=LINE('',#6547,#587);
#114=LINE('',#6549,#588);
#115=LINE('',#6551,#589);
#116=LINE('',#6553,#590);
#117=LINE('',#6555,#591);
#118=LINE('',#6559,#592);
#119=LINE('',#6561,#593);
#120=LINE('',#6563,#594);
#121=LINE('',#6567,#595);
#122=LINE('',#6571,#596);
#123=LINE('',#6575,#597);
#124=LINE('',#6579,#598);
#125=LINE('',#6581,#599);
#126=LINE('',#6585,#600);
#127=LINE('',#6589,#601);
#128=LINE('',#6593,#602);
#129=LINE('',#6597,#603);
#130=LINE('',#6601,#604);
#131=LINE('',#6605,#605);
#132=LINE('',#6609,#606);
#133=LINE('',#6613,#607);
#134=LINE('',#6615,#608);
#135=LINE('',#6619,#609);
#136=LINE('',#6623,#610);
#137=LINE('',#6625,#611);
#138=LINE('',#6627,#612);
#139=LINE('',#6629,#613);
#140=LINE('',#6631,#614);
#141=LINE('',#6635,#615);
#142=LINE('',#6639,#616);
#143=LINE('',#6641,#617);
#144=LINE('',#6645,#618);
#145=LINE('',#6649,#619);
#146=LINE('',#6651,#620);
#147=LINE('',#6655,#621);
#148=LINE('',#6659,#622);
#149=LINE('',#6661,#623);
#150=LINE('',#6663,#624);
#151=LINE('',#6665,#625);
#152=LINE('',#6669,#626);
#153=LINE('',#6673,#627);
#154=LINE('',#6675,#628);
#155=LINE('',#6679,#629);
#156=LINE('',#6683,#630);
#157=LINE('',#6685,#631);
#158=LINE('',#6689,#632);
#159=LINE('',#6693,#633);
#160=LINE('',#6695,#634);
#161=LINE('',#6697,#635);
#162=LINE('',#6699,#636);
#163=LINE('',#6701,#637);
#164=LINE('',#6703,#638);
#165=LINE('',#6707,#639);
#166=LINE('',#6711,#640);
#167=LINE('',#6713,#641);
#168=LINE('',#6717,#642);
#169=LINE('',#6721,#643);
#170=LINE('',#6725,#644);
#171=LINE('',#6729,#645);
#172=LINE('',#6733,#646);
#173=LINE('',#6737,#647);
#174=LINE('',#6741,#648);
#175=LINE('',#6745,#649);
#176=LINE('',#6749,#650);
#177=LINE('',#6753,#651);
#178=LINE('',#6757,#652);
#179=LINE('',#6761,#653);
#180=LINE('',#6763,#654);
#181=LINE('',#6765,#655);
#182=LINE('',#6769,#656);
#183=LINE('',#6774,#657);
#184=LINE('',#6778,#658);
#185=LINE('',#6781,#659);
#186=LINE('',#6782,#660);
#187=LINE('',#6784,#661);
#188=LINE('',#6790,#662);
#189=LINE('',#6793,#663);
#190=LINE('',#6794,#664);
#191=LINE('',#6796,#665);
#192=LINE('',#6802,#666);
#193=LINE('',#6805,#667);
#194=LINE('',#6806,#668);
#195=LINE('',#6808,#669);
#196=LINE('',#6814,#670);
#197=LINE('',#6817,#671);
#198=LINE('',#6818,#672);
#199=LINE('',#6820,#673);
#200=LINE('',#6826,#674);
#201=LINE('',#6829,#675);
#202=LINE('',#6830,#676);
#203=LINE('',#6832,#677);
#204=LINE('',#6838,#678);
#205=LINE('',#6841,#679);
#206=LINE('',#6842,#680);
#207=LINE('',#6844,#681);
#208=LINE('',#6850,#682);
#209=LINE('',#6853,#683);
#210=LINE('',#6854,#684);
#211=LINE('',#6856,#685);
#212=LINE('',#6862,#686);
#213=LINE('',#6865,#687);
#214=LINE('',#6866,#688);
#215=LINE('',#6868,#689);
#216=LINE('',#6871,#690);
#217=LINE('',#6872,#691);
#218=LINE('',#6874,#692);
#219=LINE('',#6877,#693);
#220=LINE('',#6878,#694);
#221=LINE('',#6880,#695);
#222=LINE('',#6883,#696);
#223=LINE('',#6884,#697);
#224=LINE('',#6886,#698);
#225=LINE('',#6892,#699);
#226=LINE('',#6895,#700);
#227=LINE('',#6896,#701);
#228=LINE('',#6898,#702);
#229=LINE('',#6904,#703);
#230=LINE('',#6907,#704);
#231=LINE('',#6908,#705);
#232=LINE('',#6910,#706);
#233=LINE('',#6916,#707);
#234=LINE('',#6919,#708);
#235=LINE('',#6920,#709);
#236=LINE('',#6922,#710);
#237=LINE('',#6928,#711);
#238=LINE('',#6931,#712);
#239=LINE('',#6932,#713);
#240=LINE('',#6934,#714);
#241=LINE('',#6937,#715);
#242=LINE('',#6938,#716);
#243=LINE('',#6940,#717);
#244=LINE('',#6946,#718);
#245=LINE('',#6949,#719);
#246=LINE('',#6950,#720);
#247=LINE('',#6952,#721);
#248=LINE('',#6958,#722);
#249=LINE('',#6961,#723);
#250=LINE('',#6962,#724);
#251=LINE('',#6964,#725);
#252=LINE('',#6967,#726);
#253=LINE('',#6968,#727);
#254=LINE('',#6970,#728);
#255=LINE('',#6973,#729);
#256=LINE('',#6974,#730);
#257=LINE('',#6976,#731);
#258=LINE('',#6979,#732);
#259=LINE('',#6980,#733);
#260=LINE('',#6982,#734);
#261=LINE('',#6988,#735);
#262=LINE('',#6991,#736);
#263=LINE('',#6992,#737);
#264=LINE('',#6994,#738);
#265=LINE('',#7000,#739);
#266=LINE('',#7003,#740);
#267=LINE('',#7004,#741);
#268=LINE('',#7006,#742);
#269=LINE('',#7009,#743);
#270=LINE('',#7010,#744);
#271=LINE('',#7012,#745);
#272=LINE('',#7018,#746);
#273=LINE('',#7021,#747);
#274=LINE('',#7022,#748);
#275=LINE('',#7024,#749);
#276=LINE('',#7030,#750);
#277=LINE('',#7033,#751);
#278=LINE('',#7034,#752);
#279=LINE('',#7036,#753);
#280=LINE('',#7042,#754);
#281=LINE('',#7045,#755);
#282=LINE('',#7046,#756);
#283=LINE('',#7048,#757);
#284=LINE('',#7054,#758);
#285=LINE('',#7057,#759);
#286=LINE('',#7058,#760);
#287=LINE('',#7060,#761);
#288=LINE('',#7063,#762);
#289=LINE('',#7064,#763);
#290=LINE('',#7066,#764);
#291=LINE('',#7069,#765);
#292=LINE('',#7070,#766);
#293=LINE('',#7072,#767);
#294=LINE('',#7075,#768);
#295=LINE('',#7076,#769);
#296=LINE('',#7078,#770);
#297=LINE('',#7081,#771);
#298=LINE('',#7082,#772);
#299=LINE('',#7084,#773);
#300=LINE('',#7090,#774);
#301=LINE('',#7093,#775);
#302=LINE('',#7094,#776);
#303=LINE('',#7096,#777);
#304=LINE('',#7102,#778);
#305=LINE('',#7105,#779);
#306=LINE('',#7106,#780);
#307=LINE('',#7108,#781);
#308=LINE('',#7114,#782);
#309=LINE('',#7117,#783);
#310=LINE('',#7118,#784);
#311=LINE('',#7120,#785);
#312=LINE('',#7126,#786);
#313=LINE('',#7129,#787);
#314=LINE('',#7130,#788);
#315=LINE('',#7132,#789);
#316=LINE('',#7138,#790);
#317=LINE('',#7141,#791);
#318=LINE('',#7142,#792);
#319=LINE('',#7144,#793);
#320=LINE('',#7150,#794);
#321=LINE('',#7153,#795);
#322=LINE('',#7154,#796);
#323=LINE('',#7156,#797);
#324=LINE('',#7162,#798);
#325=LINE('',#7165,#799);
#326=LINE('',#7166,#800);
#327=LINE('',#7168,#801);
#328=LINE('',#7174,#802);
#329=LINE('',#7177,#803);
#330=LINE('',#7178,#804);
#331=LINE('',#7180,#805);
#332=LINE('',#7186,#806);
#333=LINE('',#7189,#807);
#334=LINE('',#7190,#808);
#335=LINE('',#7192,#809);
#336=LINE('',#7198,#810);
#337=LINE('',#7201,#811);
#338=LINE('',#7202,#812);
#339=LINE('',#7204,#813);
#340=LINE('',#7210,#814);
#341=LINE('',#7213,#815);
#342=LINE('',#7214,#816);
#343=LINE('',#7216,#817);
#344=LINE('',#7222,#818);
#345=LINE('',#7225,#819);
#346=LINE('',#7226,#820);
#347=LINE('',#7228,#821);
#348=LINE('',#7234,#822);
#349=LINE('',#7237,#823);
#350=LINE('',#7238,#824);
#351=LINE('',#7240,#825);
#352=LINE('',#7246,#826);
#353=LINE('',#7249,#827);
#354=LINE('',#7250,#828);
#355=LINE('',#7252,#829);
#356=LINE('',#7255,#830);
#357=LINE('',#7256,#831);
#358=LINE('',#7258,#832);
#359=LINE('',#7261,#833);
#360=LINE('',#7262,#834);
#361=LINE('',#7264,#835);
#362=LINE('',#7270,#836);
#363=LINE('',#7272,#837);
#364=LINE('',#7274,#838);
#365=LINE('',#7276,#839);
#366=LINE('',#7277,#840);
#367=LINE('',#7279,#841);
#368=LINE('',#7281,#842);
#369=LINE('',#7283,#843);
#370=LINE('',#7285,#844);
#371=LINE('',#7286,#845);
#372=LINE('',#7288,#846);
#373=LINE('',#7290,#847);
#374=LINE('',#7296,#848);
#375=LINE('',#7299,#849);
#376=LINE('',#7300,#850);
#377=LINE('',#7302,#851);
#378=LINE('',#7305,#852);
#379=LINE('',#7306,#853);
#380=LINE('',#7308,#854);
#381=LINE('',#7311,#855);
#382=LINE('',#7312,#856);
#383=LINE('',#7314,#857);
#384=LINE('',#7320,#858);
#385=LINE('',#7323,#859);
#386=LINE('',#7324,#860);
#387=LINE('',#7326,#861);
#388=LINE('',#7332,#862);
#389=LINE('',#7335,#863);
#390=LINE('',#7336,#864);
#391=LINE('',#7338,#865);
#392=LINE('',#7344,#866);
#393=LINE('',#7347,#867);
#394=LINE('',#7348,#868);
#395=LINE('',#7350,#869);
#396=LINE('',#7356,#870);
#397=LINE('',#7359,#871);
#398=LINE('',#7360,#872);
#399=LINE('',#7362,#873);
#400=LINE('',#7368,#874);
#401=LINE('',#7371,#875);
#402=LINE('',#7372,#876);
#403=LINE('',#7374,#877);
#404=LINE('',#7380,#878);
#405=LINE('',#7381,#879);
#406=LINE('',#7464,#880);
#407=LINE('',#7467,#881);
#408=LINE('',#7468,#882);
#409=LINE('',#7470,#883);
#410=LINE('',#7472,#884);
#411=LINE('',#7477,#885);
#412=LINE('',#7479,#886);
#413=LINE('',#7481,#887);
#414=LINE('',#7483,#888);
#415=LINE('',#7487,#889);
#416=LINE('',#7491,#890);
#417=LINE('',#7493,#891);
#418=LINE('',#7497,#892);
#419=LINE('',#7501,#893);
#420=LINE('',#7503,#894);
#421=LINE('',#7507,#895);
#422=LINE('',#7511,#896);
#423=LINE('',#7513,#897);
#424=LINE('',#7515,#898);
#425=LINE('',#7517,#899);
#426=LINE('',#7519,#900);
#427=LINE('',#7523,#901);
#428=LINE('',#7527,#902);
#429=LINE('',#7529,#903);
#430=LINE('',#7533,#904);
#431=LINE('',#7537,#905);
#432=LINE('',#7541,#906);
#433=LINE('',#7545,#907);
#434=LINE('',#7549,#908);
#435=LINE('',#7553,#909);
#436=LINE('',#7557,#910);
#437=LINE('',#7561,#911);
#438=LINE('',#7563,#912);
#439=LINE('',#7567,#913);
#440=LINE('',#7571,#914);
#441=LINE('',#7575,#915);
#442=LINE('',#7579,#916);
#443=LINE('',#7581,#917);
#444=LINE('',#7583,#918);
#445=LINE('',#7587,#919);
#446=LINE('',#7590,#920);
#447=LINE('',#7592,#921);
#448=LINE('',#7594,#922);
#449=LINE('',#7598,#923);
#450=LINE('',#7602,#924);
#451=LINE('',#7606,#925);
#452=LINE('',#7610,#926);
#453=LINE('',#7614,#927);
#454=LINE('',#7618,#928);
#455=LINE('',#7622,#929);
#456=LINE('',#7626,#930);
#457=LINE('',#7630,#931);
#458=LINE('',#7634,#932);
#459=LINE('',#7638,#933);
#460=LINE('',#7642,#934);
#461=LINE('',#7644,#935);
#462=LINE('',#7648,#936);
#463=LINE('',#7652,#937);
#464=LINE('',#7654,#938);
#465=LINE('',#7656,#939);
#466=LINE('',#7658,#940);
#467=LINE('',#7660,#941);
#468=LINE('',#7662,#942);
#469=LINE('',#7666,#943);
#470=LINE('',#7670,#944);
#471=LINE('',#7672,#945);
#472=LINE('',#7676,#946);
#473=LINE('',#7680,#947);
#474=LINE('',#7682,#948);
#475=LINE('',#7686,#949);
#476=LINE('',#7688,#950);
#477=LINE('',#7689,#951);
#478=LINE('',#7691,#952);
#479=LINE('',#7693,#953);
#480=LINE('',#7695,#954);
#481=LINE('',#7697,#955);
#482=LINE('',#7699,#956);
#483=LINE('',#7701,#957);
#484=LINE('',#7703,#958);
#485=LINE('',#7705,#959);
#486=LINE('',#7707,#960);
#487=LINE('',#7709,#961);
#488=LINE('',#7711,#962);
#489=LINE('',#7713,#963);
#490=LINE('',#7715,#964);
#491=LINE('',#7717,#965);
#492=LINE('',#7719,#966);
#493=LINE('',#7721,#967);
#494=LINE('',#7723,#968);
#495=LINE('',#7725,#969);
#496=LINE('',#7727,#970);
#497=LINE('',#7729,#971);
#498=LINE('',#7731,#972);
#499=LINE('',#7733,#973);
#500=LINE('',#7735,#974);
#501=LINE('',#7737,#975);
#502=LINE('',#7739,#976);
#503=LINE('',#7741,#977);
#504=LINE('',#7743,#978);
#505=LINE('',#7745,#979);
#506=LINE('',#7747,#980);
#507=LINE('',#7749,#981);
#508=LINE('',#7751,#982);
#509=LINE('',#7753,#983);
#510=LINE('',#7755,#984);
#511=LINE('',#7757,#985);
#512=LINE('',#7759,#986);
#513=LINE('',#7761,#987);
#514=LINE('',#7763,#988);
#515=LINE('',#7765,#989);
#516=LINE('',#7767,#990);
#517=LINE('',#7769,#991);
#518=LINE('',#7771,#992);
#519=LINE('',#7773,#993);
#520=LINE('',#7775,#994);
#521=LINE('',#7777,#995);
#522=LINE('',#7779,#996);
#523=LINE('',#7781,#997);
#524=LINE('',#7783,#998);
#525=LINE('',#7785,#999);
#526=LINE('',#7787,#1000);
#527=LINE('',#7789,#1001);
#528=LINE('',#7792,#1002);
#529=LINE('',#7794,#1003);
#530=LINE('',#7795,#1004);
#531=LINE('',#7797,#1005);
#532=LINE('',#7799,#1006);
#533=LINE('',#7801,#1007);
#534=LINE('',#7803,#1008);
#535=LINE('',#7805,#1009);
#536=LINE('',#7807,#1010);
#537=LINE('',#7809,#1011);
#538=LINE('',#7811,#1012);
#539=LINE('',#7813,#1013);
#540=LINE('',#7815,#1014);
#541=LINE('',#7817,#1015);
#542=LINE('',#7819,#1016);
#543=LINE('',#7821,#1017);
#544=LINE('',#7823,#1018);
#545=LINE('',#7825,#1019);
#546=LINE('',#7827,#1020);
#547=LINE('',#7829,#1021);
#548=LINE('',#7831,#1022);
#549=LINE('',#7833,#1023);
#550=LINE('',#7835,#1024);
#551=LINE('',#7837,#1025);
#552=LINE('',#7839,#1026);
#553=LINE('',#7841,#1027);
#554=LINE('',#7843,#1028);
#555=LINE('',#7845,#1029);
#556=LINE('',#7847,#1030);
#557=LINE('',#7849,#1031);
#558=LINE('',#7851,#1032);
#559=LINE('',#7853,#1033);
#560=LINE('',#7855,#1034);
#561=LINE('',#7857,#1035);
#562=LINE('',#7859,#1036);
#563=LINE('',#7861,#1037);
#564=LINE('',#7863,#1038);
#565=LINE('',#7865,#1039);
#566=LINE('',#7867,#1040);
#567=LINE('',#7869,#1041);
#568=LINE('',#7871,#1042);
#569=LINE('',#7873,#1043);
#570=LINE('',#7875,#1044);
#571=LINE('',#7877,#1045);
#572=LINE('',#7879,#1046);
#573=LINE('',#7881,#1047);
#574=LINE('',#7883,#1048);
#575=LINE('',#7885,#1049);
#576=LINE('',#7887,#1050);
#577=LINE('',#7889,#1051);
#578=LINE('',#7891,#1052);
#579=LINE('',#7893,#1053);
#580=LINE('',#7895,#1054);
#581=LINE('',#7897,#1055);
#582=LINE('',#7899,#1056);
#583=LINE('',#7901,#1057);
#584=LINE('',#7904,#1058);
#585=LINE('',#7906,#1059);
#586=VECTOR('',#5176,1.);
#587=VECTOR('',#5177,1.);
#588=VECTOR('',#5178,1.);
#589=VECTOR('',#5179,1.);
#590=VECTOR('',#5180,1.);
#591=VECTOR('',#5181,1.);
#592=VECTOR('',#5184,1.);
#593=VECTOR('',#5185,1.);
#594=VECTOR('',#5186,1.);
#595=VECTOR('',#5189,1.);
#596=VECTOR('',#5192,1.);
#597=VECTOR('',#5195,1.);
#598=VECTOR('',#5198,1.);
#599=VECTOR('',#5199,1.);
#600=VECTOR('',#5202,1.);
#601=VECTOR('',#5205,1.);
#602=VECTOR('',#5208,1.);
#603=VECTOR('',#5211,1.);
#604=VECTOR('',#5214,1.);
#605=VECTOR('',#5217,1.);
#606=VECTOR('',#5220,1.);
#607=VECTOR('',#5223,1.);
#608=VECTOR('',#5224,1.);
#609=VECTOR('',#5227,1.);
#610=VECTOR('',#5230,1.);
#611=VECTOR('',#5231,1.);
#612=VECTOR('',#5232,1.);
#613=VECTOR('',#5233,1.);
#614=VECTOR('',#5234,1.);
#615=VECTOR('',#5237,1.);
#616=VECTOR('',#5240,1.);
#617=VECTOR('',#5241,1.);
#618=VECTOR('',#5244,1.);
#619=VECTOR('',#5247,1.);
#620=VECTOR('',#5248,1.);
#621=VECTOR('',#5251,1.);
#622=VECTOR('',#5254,1.);
#623=VECTOR('',#5255,1.);
#624=VECTOR('',#5256,1.);
#625=VECTOR('',#5257,1.);
#626=VECTOR('',#5260,1.);
#627=VECTOR('',#5263,1.);
#628=VECTOR('',#5264,1.);
#629=VECTOR('',#5267,1.);
#630=VECTOR('',#5270,1.);
#631=VECTOR('',#5271,1.);
#632=VECTOR('',#5274,1.);
#633=VECTOR('',#5277,1.);
#634=VECTOR('',#5278,1.);
#635=VECTOR('',#5279,1.);
#636=VECTOR('',#5280,1.);
#637=VECTOR('',#5281,1.);
#638=VECTOR('',#5282,1.);
#639=VECTOR('',#5285,1.);
#640=VECTOR('',#5288,1.);
#641=VECTOR('',#5289,1.);
#642=VECTOR('',#5292,1.);
#643=VECTOR('',#5295,1.);
#644=VECTOR('',#5298,1.);
#645=VECTOR('',#5301,1.);
#646=VECTOR('',#5304,1.);
#647=VECTOR('',#5307,1.);
#648=VECTOR('',#5310,1.);
#649=VECTOR('',#5313,1.);
#650=VECTOR('',#5316,1.);
#651=VECTOR('',#5319,1.);
#652=VECTOR('',#5322,1.);
#653=VECTOR('',#5325,1.);
#654=VECTOR('',#5326,1.);
#655=VECTOR('',#5327,1.);
#656=VECTOR('',#5332,1.);
#657=VECTOR('',#5335,1.);
#658=VECTOR('',#5340,1.);
#659=VECTOR('',#5341,1.);
#660=VECTOR('',#5342,1.);
#661=VECTOR('',#5345,1.);
#662=VECTOR('',#5352,1.);
#663=VECTOR('',#5353,1.);
#664=VECTOR('',#5354,1.);
#665=VECTOR('',#5357,1.);
#666=VECTOR('',#5364,1.);
#667=VECTOR('',#5365,1.);
#668=VECTOR('',#5366,1.);
#669=VECTOR('',#5369,1.);
#670=VECTOR('',#5376,1.);
#671=VECTOR('',#5377,1.);
#672=VECTOR('',#5378,1.);
#673=VECTOR('',#5381,1.);
#674=VECTOR('',#5388,1.);
#675=VECTOR('',#5389,1.);
#676=VECTOR('',#5390,1.);
#677=VECTOR('',#5393,1.);
#678=VECTOR('',#5400,1.);
#679=VECTOR('',#5401,1.);
#680=VECTOR('',#5402,1.);
#681=VECTOR('',#5405,1.);
#682=VECTOR('',#5412,1.);
#683=VECTOR('',#5413,1.);
#684=VECTOR('',#5414,1.);
#685=VECTOR('',#5417,1.);
#686=VECTOR('',#5424,1.);
#687=VECTOR('',#5425,1.);
#688=VECTOR('',#5426,1.);
#689=VECTOR('',#5429,1.);
#690=VECTOR('',#5430,1.);
#691=VECTOR('',#5431,1.);
#692=VECTOR('',#5434,1.);
#693=VECTOR('',#5435,1.);
#694=VECTOR('',#5436,1.);
#695=VECTOR('',#5439,1.);
#696=VECTOR('',#5440,1.);
#697=VECTOR('',#5441,1.);
#698=VECTOR('',#5444,1.);
#699=VECTOR('',#5451,1.);
#700=VECTOR('',#5452,1.);
#701=VECTOR('',#5453,1.);
#702=VECTOR('',#5456,1.);
#703=VECTOR('',#5463,1.);
#704=VECTOR('',#5464,1.);
#705=VECTOR('',#5465,1.);
#706=VECTOR('',#5468,1.);
#707=VECTOR('',#5475,1.);
#708=VECTOR('',#5476,1.);
#709=VECTOR('',#5477,1.);
#710=VECTOR('',#5480,1.);
#711=VECTOR('',#5487,1.);
#712=VECTOR('',#5488,1.);
#713=VECTOR('',#5489,1.);
#714=VECTOR('',#5492,1.);
#715=VECTOR('',#5493,1.);
#716=VECTOR('',#5494,1.);
#717=VECTOR('',#5497,1.);
#718=VECTOR('',#5504,1.);
#719=VECTOR('',#5505,1.);
#720=VECTOR('',#5506,1.);
#721=VECTOR('',#5509,1.);
#722=VECTOR('',#5516,1.);
#723=VECTOR('',#5517,1.);
#724=VECTOR('',#5518,1.);
#725=VECTOR('',#5521,1.);
#726=VECTOR('',#5522,1.);
#727=VECTOR('',#5523,1.);
#728=VECTOR('',#5526,1.);
#729=VECTOR('',#5527,1.);
#730=VECTOR('',#5528,1.);
#731=VECTOR('',#5531,1.);
#732=VECTOR('',#5532,1.);
#733=VECTOR('',#5533,1.);
#734=VECTOR('',#5536,1.);
#735=VECTOR('',#5543,1.);
#736=VECTOR('',#5544,1.);
#737=VECTOR('',#5545,1.);
#738=VECTOR('',#5548,1.);
#739=VECTOR('',#5555,1.);
#740=VECTOR('',#5556,1.);
#741=VECTOR('',#5557,1.);
#742=VECTOR('',#5560,1.);
#743=VECTOR('',#5561,1.);
#744=VECTOR('',#5562,1.);
#745=VECTOR('',#5565,1.);
#746=VECTOR('',#5572,1.);
#747=VECTOR('',#5573,1.);
#748=VECTOR('',#5574,1.);
#749=VECTOR('',#5577,1.);
#750=VECTOR('',#5584,1.);
#751=VECTOR('',#5585,1.);
#752=VECTOR('',#5586,1.);
#753=VECTOR('',#5589,1.);
#754=VECTOR('',#5596,1.);
#755=VECTOR('',#5597,1.);
#756=VECTOR('',#5598,1.);
#757=VECTOR('',#5601,1.);
#758=VECTOR('',#5608,1.);
#759=VECTOR('',#5609,1.);
#760=VECTOR('',#5610,1.);
#761=VECTOR('',#5613,1.);
#762=VECTOR('',#5614,1.);
#763=VECTOR('',#5615,1.);
#764=VECTOR('',#5618,1.);
#765=VECTOR('',#5619,1.);
#766=VECTOR('',#5620,1.);
#767=VECTOR('',#5623,1.);
#768=VECTOR('',#5624,1.);
#769=VECTOR('',#5625,1.);
#770=VECTOR('',#5628,1.);
#771=VECTOR('',#5629,1.);
#772=VECTOR('',#5630,1.);
#773=VECTOR('',#5633,1.);
#774=VECTOR('',#5640,1.);
#775=VECTOR('',#5641,1.);
#776=VECTOR('',#5642,1.);
#777=VECTOR('',#5645,1.);
#778=VECTOR('',#5652,1.);
#779=VECTOR('',#5653,1.);
#780=VECTOR('',#5654,1.);
#781=VECTOR('',#5657,1.);
#782=VECTOR('',#5664,1.);
#783=VECTOR('',#5665,1.);
#784=VECTOR('',#5666,1.);
#785=VECTOR('',#5669,1.);
#786=VECTOR('',#5676,1.);
#787=VECTOR('',#5677,1.);
#788=VECTOR('',#5678,1.);
#789=VECTOR('',#5681,1.);
#790=VECTOR('',#5688,1.);
#791=VECTOR('',#5689,1.);
#792=VECTOR('',#5690,1.);
#793=VECTOR('',#5693,1.);
#794=VECTOR('',#5700,1.);
#795=VECTOR('',#5701,1.);
#796=VECTOR('',#5702,1.);
#797=VECTOR('',#5705,1.);
#798=VECTOR('',#5712,1.);
#799=VECTOR('',#5713,1.);
#800=VECTOR('',#5714,1.);
#801=VECTOR('',#5717,1.);
#802=VECTOR('',#5724,1.);
#803=VECTOR('',#5725,1.);
#804=VECTOR('',#5726,1.);
#805=VECTOR('',#5729,1.);
#806=VECTOR('',#5736,1.);
#807=VECTOR('',#5737,1.);
#808=VECTOR('',#5738,1.);
#809=VECTOR('',#5741,1.);
#810=VECTOR('',#5748,1.);
#811=VECTOR('',#5749,1.);
#812=VECTOR('',#5750,1.);
#813=VECTOR('',#5753,1.);
#814=VECTOR('',#5760,1.);
#815=VECTOR('',#5761,1.);
#816=VECTOR('',#5762,1.);
#817=VECTOR('',#5765,1.);
#818=VECTOR('',#5772,1.);
#819=VECTOR('',#5773,1.);
#820=VECTOR('',#5774,1.);
#821=VECTOR('',#5777,1.);
#822=VECTOR('',#5784,1.);
#823=VECTOR('',#5785,1.);
#824=VECTOR('',#5786,1.);
#825=VECTOR('',#5789,1.);
#826=VECTOR('',#5796,1.);
#827=VECTOR('',#5797,1.);
#828=VECTOR('',#5798,1.);
#829=VECTOR('',#5801,1.);
#830=VECTOR('',#5802,1.);
#831=VECTOR('',#5803,1.);
#832=VECTOR('',#5806,1.);
#833=VECTOR('',#5807,1.);
#834=VECTOR('',#5808,1.);
#835=VECTOR('',#5811,1.);
#836=VECTOR('',#5818,1.);
#837=VECTOR('',#5819,1.);
#838=VECTOR('',#5820,1.);
#839=VECTOR('',#5821,1.);
#840=VECTOR('',#5822,1.);
#841=VECTOR('',#5823,1.);
#842=VECTOR('',#5826,1.);
#843=VECTOR('',#5827,1.);
#844=VECTOR('',#5828,1.);
#845=VECTOR('',#5829,1.);
#846=VECTOR('',#5830,1.);
#847=VECTOR('',#5833,1.);
#848=VECTOR('',#5840,1.);
#849=VECTOR('',#5841,1.);
#850=VECTOR('',#5842,1.);
#851=VECTOR('',#5845,1.);
#852=VECTOR('',#5846,1.);
#853=VECTOR('',#5847,1.);
#854=VECTOR('',#5850,1.);
#855=VECTOR('',#5851,1.);
#856=VECTOR('',#5852,1.);
#857=VECTOR('',#5855,1.);
#858=VECTOR('',#5862,1.);
#859=VECTOR('',#5863,1.);
#860=VECTOR('',#5864,1.);
#861=VECTOR('',#5867,1.);
#862=VECTOR('',#5874,1.);
#863=VECTOR('',#5875,1.);
#864=VECTOR('',#5876,1.);
#865=VECTOR('',#5879,1.);
#866=VECTOR('',#5886,1.);
#867=VECTOR('',#5887,1.);
#868=VECTOR('',#5888,1.);
#869=VECTOR('',#5891,1.);
#870=VECTOR('',#5898,1.);
#871=VECTOR('',#5899,1.);
#872=VECTOR('',#5900,1.);
#873=VECTOR('',#5903,1.);
#874=VECTOR('',#5910,1.);
#875=VECTOR('',#5911,1.);
#876=VECTOR('',#5912,1.);
#877=VECTOR('',#5915,1.);
#878=VECTOR('',#5922,1.);
#879=VECTOR('',#5923,1.);
#880=VECTOR('',#6040,1.);
#881=VECTOR('',#6041,1.);
#882=VECTOR('',#6042,1.);
#883=VECTOR('',#6043,1.);
#884=VECTOR('',#6044,1.);
#885=VECTOR('',#6049,1.);
#886=VECTOR('',#6050,1.);
#887=VECTOR('',#6051,1.);
#888=VECTOR('',#6052,1.);
#889=VECTOR('',#6055,1.);
#890=VECTOR('',#6058,1.);
#891=VECTOR('',#6059,1.);
#892=VECTOR('',#6062,1.);
#893=VECTOR('',#6065,1.);
#894=VECTOR('',#6066,1.);
#895=VECTOR('',#6069,1.);
#896=VECTOR('',#6072,1.);
#897=VECTOR('',#6073,1.);
#898=VECTOR('',#6074,1.);
#899=VECTOR('',#6075,1.);
#900=VECTOR('',#6076,1.);
#901=VECTOR('',#6079,1.);
#902=VECTOR('',#6082,1.);
#903=VECTOR('',#6083,1.);
#904=VECTOR('',#6086,1.);
#905=VECTOR('',#6089,1.);
#906=VECTOR('',#6092,1.);
#907=VECTOR('',#6095,1.);
#908=VECTOR('',#6098,1.);
#909=VECTOR('',#6101,1.);
#910=VECTOR('',#6104,1.);
#911=VECTOR('',#6107,1.);
#912=VECTOR('',#6108,1.);
#913=VECTOR('',#6111,1.);
#914=VECTOR('',#6114,1.);
#915=VECTOR('',#6117,1.);
#916=VECTOR('',#6120,1.);
#917=VECTOR('',#6121,1.);
#918=VECTOR('',#6122,1.);
#919=VECTOR('',#6125,1.);
#920=VECTOR('',#6128,1.);
#921=VECTOR('',#6129,1.);
#922=VECTOR('',#6130,1.);
#923=VECTOR('',#6133,1.);
#924=VECTOR('',#6136,1.);
#925=VECTOR('',#6139,1.);
#926=VECTOR('',#6142,1.);
#927=VECTOR('',#6145,1.);
#928=VECTOR('',#6148,1.);
#929=VECTOR('',#6151,1.);
#930=VECTOR('',#6154,1.);
#931=VECTOR('',#6157,1.);
#932=VECTOR('',#6160,1.);
#933=VECTOR('',#6163,1.);
#934=VECTOR('',#6166,1.);
#935=VECTOR('',#6167,1.);
#936=VECTOR('',#6170,1.);
#937=VECTOR('',#6173,1.);
#938=VECTOR('',#6174,1.);
#939=VECTOR('',#6175,1.);
#940=VECTOR('',#6176,1.);
#941=VECTOR('',#6177,1.);
#942=VECTOR('',#6178,1.);
#943=VECTOR('',#6181,1.);
#944=VECTOR('',#6184,1.);
#945=VECTOR('',#6185,1.);
#946=VECTOR('',#6188,1.);
#947=VECTOR('',#6191,1.);
#948=VECTOR('',#6192,1.);
#949=VECTOR('',#6195,1.);
#950=VECTOR('',#6198,1.);
#951=VECTOR('',#6199,1.);
#952=VECTOR('',#6202,1.);
#953=VECTOR('',#6205,1.);
#954=VECTOR('',#6208,1.);
#955=VECTOR('',#6211,1.);
#956=VECTOR('',#6214,1.);
#957=VECTOR('',#6217,1.);
#958=VECTOR('',#6220,1.);
#959=VECTOR('',#6223,1.);
#960=VECTOR('',#6226,1.);
#961=VECTOR('',#6229,1.);
#962=VECTOR('',#6232,1.);
#963=VECTOR('',#6235,1.);
#964=VECTOR('',#6238,1.);
#965=VECTOR('',#6241,1.);
#966=VECTOR('',#6244,1.);
#967=VECTOR('',#6247,1.);
#968=VECTOR('',#6250,1.);
#969=VECTOR('',#6253,1.);
#970=VECTOR('',#6256,1.);
#971=VECTOR('',#6259,1.);
#972=VECTOR('',#6262,1.);
#973=VECTOR('',#6265,1.);
#974=VECTOR('',#6268,1.);
#975=VECTOR('',#6271,1.);
#976=VECTOR('',#6274,1.);
#977=VECTOR('',#6277,1.);
#978=VECTOR('',#6280,1.);
#979=VECTOR('',#6283,1.);
#980=VECTOR('',#6286,1.);
#981=VECTOR('',#6289,1.);
#982=VECTOR('',#6292,1.);
#983=VECTOR('',#6295,1.);
#984=VECTOR('',#6298,1.);
#985=VECTOR('',#6301,1.);
#986=VECTOR('',#6304,1.);
#987=VECTOR('',#6307,1.);
#988=VECTOR('',#6310,1.);
#989=VECTOR('',#6313,1.);
#990=VECTOR('',#6316,1.);
#991=VECTOR('',#6319,1.);
#992=VECTOR('',#6322,1.);
#993=VECTOR('',#6325,1.);
#994=VECTOR('',#6328,1.);
#995=VECTOR('',#6331,1.);
#996=VECTOR('',#6334,1.);
#997=VECTOR('',#6337,1.);
#998=VECTOR('',#6340,1.);
#999=VECTOR('',#6343,1.);
#1000=VECTOR('',#6346,1.);
#1001=VECTOR('',#6349,1.);
#1002=VECTOR('',#6354,1.);
#1003=VECTOR('',#6355,1.);
#1004=VECTOR('',#6356,1.);
#1005=VECTOR('',#6359,1.);
#1006=VECTOR('',#6362,1.);
#1007=VECTOR('',#6365,1.);
#1008=VECTOR('',#6368,1.);
#1009=VECTOR('',#6371,1.);
#1010=VECTOR('',#6374,1.);
#1011=VECTOR('',#6377,1.);
#1012=VECTOR('',#6380,1.);
#1013=VECTOR('',#6383,1.);
#1014=VECTOR('',#6386,1.);
#1015=VECTOR('',#6389,1.);
#1016=VECTOR('',#6392,1.);
#1017=VECTOR('',#6395,1.);
#1018=VECTOR('',#6398,1.);
#1019=VECTOR('',#6401,1.);
#1020=VECTOR('',#6404,1.);
#1021=VECTOR('',#6407,1.);
#1022=VECTOR('',#6410,1.);
#1023=VECTOR('',#6413,1.);
#1024=VECTOR('',#6416,1.);
#1025=VECTOR('',#6419,1.);
#1026=VECTOR('',#6422,1.);
#1027=VECTOR('',#6425,1.);
#1028=VECTOR('',#6428,1.);
#1029=VECTOR('',#6431,1.);
#1030=VECTOR('',#6434,1.);
#1031=VECTOR('',#6437,1.);
#1032=VECTOR('',#6440,1.);
#1033=VECTOR('',#6443,1.);
#1034=VECTOR('',#6446,1.);
#1035=VECTOR('',#6449,1.);
#1036=VECTOR('',#6452,1.);
#1037=VECTOR('',#6455,1.);
#1038=VECTOR('',#6458,1.);
#1039=VECTOR('',#6461,1.);
#1040=VECTOR('',#6464,1.);
#1041=VECTOR('',#6467,1.);
#1042=VECTOR('',#6470,1.);
#1043=VECTOR('',#6473,1.);
#1044=VECTOR('',#6476,1.);
#1045=VECTOR('',#6479,1.);
#1046=VECTOR('',#6482,1.);
#1047=VECTOR('',#6485,1.);
#1048=VECTOR('',#6488,1.);
#1049=VECTOR('',#6491,1.);
#1050=VECTOR('',#6494,1.);
#1051=VECTOR('',#6497,1.);
#1052=VECTOR('',#6500,1.);
#1053=VECTOR('',#6503,1.);
#1054=VECTOR('',#6506,1.);
#1055=VECTOR('',#6509,1.);
#1056=VECTOR('',#6512,1.);
#1057=VECTOR('',#6515,1.);
#1058=VECTOR('',#6520,1.);
#1059=VECTOR('',#6523,1.);
#1060=ORIENTED_EDGE('',*,*,#2408,.F.);
#1061=ORIENTED_EDGE('',*,*,#2409,.F.);
#1062=ORIENTED_EDGE('',*,*,#2410,.F.);
#1063=ORIENTED_EDGE('',*,*,#2411,.F.);
#1064=ORIENTED_EDGE('',*,*,#2412,.F.);
#1065=ORIENTED_EDGE('',*,*,#2413,.F.);
#1066=ORIENTED_EDGE('',*,*,#2414,.F.);
#1067=ORIENTED_EDGE('',*,*,#2415,.F.);
#1068=ORIENTED_EDGE('',*,*,#2416,.T.);
#1069=ORIENTED_EDGE('',*,*,#2417,.T.);
#1070=ORIENTED_EDGE('',*,*,#2418,.T.);
#1071=ORIENTED_EDGE('',*,*,#2419,.T.);
#1072=ORIENTED_EDGE('',*,*,#2420,.F.);
#1073=ORIENTED_EDGE('',*,*,#2421,.T.);
#1074=ORIENTED_EDGE('',*,*,#2422,.T.);
#1075=ORIENTED_EDGE('',*,*,#2423,.T.);
#1076=ORIENTED_EDGE('',*,*,#2424,.T.);
#1077=ORIENTED_EDGE('',*,*,#2425,.T.);
#1078=ORIENTED_EDGE('',*,*,#2426,.T.);
#1079=ORIENTED_EDGE('',*,*,#2427,.T.);
#1080=ORIENTED_EDGE('',*,*,#2428,.T.);
#1081=ORIENTED_EDGE('',*,*,#2429,.T.);
#1082=ORIENTED_EDGE('',*,*,#2430,.T.);
#1083=ORIENTED_EDGE('',*,*,#2431,.T.);
#1084=ORIENTED_EDGE('',*,*,#2432,.T.);
#1085=ORIENTED_EDGE('',*,*,#2433,.T.);
#1086=ORIENTED_EDGE('',*,*,#2434,.T.);
#1087=ORIENTED_EDGE('',*,*,#2435,.T.);
#1088=ORIENTED_EDGE('',*,*,#2436,.T.);
#1089=ORIENTED_EDGE('',*,*,#2437,.T.);
#1090=ORIENTED_EDGE('',*,*,#2438,.T.);
#1091=ORIENTED_EDGE('',*,*,#2439,.T.);
#1092=ORIENTED_EDGE('',*,*,#2440,.T.);
#1093=ORIENTED_EDGE('',*,*,#2441,.T.);
#1094=ORIENTED_EDGE('',*,*,#2442,.T.);
#1095=ORIENTED_EDGE('',*,*,#2443,.T.);
#1096=ORIENTED_EDGE('',*,*,#2444,.T.);
#1097=ORIENTED_EDGE('',*,*,#2445,.T.);
#1098=ORIENTED_EDGE('',*,*,#2446,.T.);
#1099=ORIENTED_EDGE('',*,*,#2447,.T.);
#1100=ORIENTED_EDGE('',*,*,#2448,.T.);
#1101=ORIENTED_EDGE('',*,*,#2449,.T.);
#1102=ORIENTED_EDGE('',*,*,#2450,.T.);
#1103=ORIENTED_EDGE('',*,*,#2451,.T.);
#1104=ORIENTED_EDGE('',*,*,#2452,.T.);
#1105=ORIENTED_EDGE('',*,*,#2453,.T.);
#1106=ORIENTED_EDGE('',*,*,#2454,.T.);
#1107=ORIENTED_EDGE('',*,*,#2455,.T.);
#1108=ORIENTED_EDGE('',*,*,#2456,.T.);
#1109=ORIENTED_EDGE('',*,*,#2457,.T.);
#1110=ORIENTED_EDGE('',*,*,#2458,.T.);
#1111=ORIENTED_EDGE('',*,*,#2459,.T.);
#1112=ORIENTED_EDGE('',*,*,#2460,.T.);
#1113=ORIENTED_EDGE('',*,*,#2461,.T.);
#1114=ORIENTED_EDGE('',*,*,#2462,.T.);
#1115=ORIENTED_EDGE('',*,*,#2463,.T.);
#1116=ORIENTED_EDGE('',*,*,#2464,.T.);
#1117=ORIENTED_EDGE('',*,*,#2465,.T.);
#1118=ORIENTED_EDGE('',*,*,#2466,.T.);
#1119=ORIENTED_EDGE('',*,*,#2467,.T.);
#1120=ORIENTED_EDGE('',*,*,#2468,.T.);
#1121=ORIENTED_EDGE('',*,*,#2469,.T.);
#1122=ORIENTED_EDGE('',*,*,#2470,.T.);
#1123=ORIENTED_EDGE('',*,*,#2471,.T.);
#1124=ORIENTED_EDGE('',*,*,#2472,.T.);
#1125=ORIENTED_EDGE('',*,*,#2473,.T.);
#1126=ORIENTED_EDGE('',*,*,#2474,.T.);
#1127=ORIENTED_EDGE('',*,*,#2475,.T.);
#1128=ORIENTED_EDGE('',*,*,#2476,.T.);
#1129=ORIENTED_EDGE('',*,*,#2477,.T.);
#1130=ORIENTED_EDGE('',*,*,#2478,.T.);
#1131=ORIENTED_EDGE('',*,*,#2479,.T.);
#1132=ORIENTED_EDGE('',*,*,#2480,.T.);
#1133=ORIENTED_EDGE('',*,*,#2481,.T.);
#1134=ORIENTED_EDGE('',*,*,#2482,.T.);
#1135=ORIENTED_EDGE('',*,*,#2483,.T.);
#1136=ORIENTED_EDGE('',*,*,#2484,.T.);
#1137=ORIENTED_EDGE('',*,*,#2485,.T.);
#1138=ORIENTED_EDGE('',*,*,#2486,.T.);
#1139=ORIENTED_EDGE('',*,*,#2487,.T.);
#1140=ORIENTED_EDGE('',*,*,#2488,.T.);
#1141=ORIENTED_EDGE('',*,*,#2489,.T.);
#1142=ORIENTED_EDGE('',*,*,#2490,.T.);
#1143=ORIENTED_EDGE('',*,*,#2491,.T.);
#1144=ORIENTED_EDGE('',*,*,#2492,.T.);
#1145=ORIENTED_EDGE('',*,*,#2493,.T.);
#1146=ORIENTED_EDGE('',*,*,#2494,.T.);
#1147=ORIENTED_EDGE('',*,*,#2495,.T.);
#1148=ORIENTED_EDGE('',*,*,#2496,.T.);
#1149=ORIENTED_EDGE('',*,*,#2497,.T.);
#1150=ORIENTED_EDGE('',*,*,#2498,.T.);
#1151=ORIENTED_EDGE('',*,*,#2499,.T.);
#1152=ORIENTED_EDGE('',*,*,#2500,.T.);
#1153=ORIENTED_EDGE('',*,*,#2501,.T.);
#1154=ORIENTED_EDGE('',*,*,#2502,.T.);
#1155=ORIENTED_EDGE('',*,*,#2503,.T.);
#1156=ORIENTED_EDGE('',*,*,#2504,.T.);
#1157=ORIENTED_EDGE('',*,*,#2505,.T.);
#1158=ORIENTED_EDGE('',*,*,#2506,.T.);
#1159=ORIENTED_EDGE('',*,*,#2507,.T.);
#1160=ORIENTED_EDGE('',*,*,#2508,.T.);
#1161=ORIENTED_EDGE('',*,*,#2509,.T.);
#1162=ORIENTED_EDGE('',*,*,#2510,.T.);
#1163=ORIENTED_EDGE('',*,*,#2511,.T.);
#1164=ORIENTED_EDGE('',*,*,#2512,.T.);
#1165=ORIENTED_EDGE('',*,*,#2513,.T.);
#1166=ORIENTED_EDGE('',*,*,#2514,.T.);
#1167=ORIENTED_EDGE('',*,*,#2515,.T.);
#1168=ORIENTED_EDGE('',*,*,#2516,.T.);
#1169=ORIENTED_EDGE('',*,*,#2517,.T.);
#1170=ORIENTED_EDGE('',*,*,#2518,.T.);
#1171=ORIENTED_EDGE('',*,*,#2519,.T.);
#1172=ORIENTED_EDGE('',*,*,#2520,.T.);
#1173=ORIENTED_EDGE('',*,*,#2521,.T.);
#1174=ORIENTED_EDGE('',*,*,#2522,.T.);
#1175=ORIENTED_EDGE('',*,*,#2523,.T.);
#1176=ORIENTED_EDGE('',*,*,#2524,.T.);
#1177=ORIENTED_EDGE('',*,*,#2525,.T.);
#1178=ORIENTED_EDGE('',*,*,#2526,.T.);
#1179=ORIENTED_EDGE('',*,*,#2527,.T.);
#1180=ORIENTED_EDGE('',*,*,#2528,.T.);
#1181=ORIENTED_EDGE('',*,*,#2529,.F.);
#1182=ORIENTED_EDGE('',*,*,#2530,.F.);
#1183=ORIENTED_EDGE('',*,*,#2531,.T.);
#1184=ORIENTED_EDGE('',*,*,#2532,.T.);
#1185=ORIENTED_EDGE('',*,*,#2533,.F.);
#1186=ORIENTED_EDGE('',*,*,#2528,.F.);
#1187=ORIENTED_EDGE('',*,*,#2534,.T.);
#1188=ORIENTED_EDGE('',*,*,#2535,.T.);
#1189=ORIENTED_EDGE('',*,*,#2536,.F.);
#1190=ORIENTED_EDGE('',*,*,#2532,.F.);
#1191=ORIENTED_EDGE('',*,*,#2537,.T.);
#1192=ORIENTED_EDGE('',*,*,#2538,.T.);
#1193=ORIENTED_EDGE('',*,*,#2539,.F.);
#1194=ORIENTED_EDGE('',*,*,#2535,.F.);
#1195=ORIENTED_EDGE('',*,*,#2540,.T.);
#1196=ORIENTED_EDGE('',*,*,#2541,.T.);
#1197=ORIENTED_EDGE('',*,*,#2542,.F.);
#1198=ORIENTED_EDGE('',*,*,#2538,.F.);
#1199=ORIENTED_EDGE('',*,*,#2543,.T.);
#1200=ORIENTED_EDGE('',*,*,#2544,.T.);
#1201=ORIENTED_EDGE('',*,*,#2545,.F.);
#1202=ORIENTED_EDGE('',*,*,#2541,.F.);
#1203=ORIENTED_EDGE('',*,*,#2546,.T.);
#1204=ORIENTED_EDGE('',*,*,#2547,.T.);
#1205=ORIENTED_EDGE('',*,*,#2548,.F.);
#1206=ORIENTED_EDGE('',*,*,#2544,.F.);
#1207=ORIENTED_EDGE('',*,*,#2549,.T.);
#1208=ORIENTED_EDGE('',*,*,#2550,.T.);
#1209=ORIENTED_EDGE('',*,*,#2551,.F.);
#1210=ORIENTED_EDGE('',*,*,#2547,.F.);
#1211=ORIENTED_EDGE('',*,*,#2552,.T.);
#1212=ORIENTED_EDGE('',*,*,#2553,.T.);
#1213=ORIENTED_EDGE('',*,*,#2554,.F.);
#1214=ORIENTED_EDGE('',*,*,#2550,.F.);
#1215=ORIENTED_EDGE('',*,*,#2555,.T.);
#1216=ORIENTED_EDGE('',*,*,#2556,.T.);
#1217=ORIENTED_EDGE('',*,*,#2557,.F.);
#1218=ORIENTED_EDGE('',*,*,#2553,.F.);
#1219=ORIENTED_EDGE('',*,*,#2558,.T.);
#1220=ORIENTED_EDGE('',*,*,#2559,.T.);
#1221=ORIENTED_EDGE('',*,*,#2560,.F.);
#1222=ORIENTED_EDGE('',*,*,#2556,.F.);
#1223=ORIENTED_EDGE('',*,*,#2561,.T.);
#1224=ORIENTED_EDGE('',*,*,#2562,.T.);
#1225=ORIENTED_EDGE('',*,*,#2563,.F.);
#1226=ORIENTED_EDGE('',*,*,#2559,.F.);
#1227=ORIENTED_EDGE('',*,*,#2564,.T.);
#1228=ORIENTED_EDGE('',*,*,#2565,.T.);
#1229=ORIENTED_EDGE('',*,*,#2566,.F.);
#1230=ORIENTED_EDGE('',*,*,#2562,.F.);
#1231=ORIENTED_EDGE('',*,*,#2567,.T.);
#1232=ORIENTED_EDGE('',*,*,#2568,.T.);
#1233=ORIENTED_EDGE('',*,*,#2569,.F.);
#1234=ORIENTED_EDGE('',*,*,#2565,.F.);
#1235=ORIENTED_EDGE('',*,*,#2570,.T.);
#1236=ORIENTED_EDGE('',*,*,#2571,.T.);
#1237=ORIENTED_EDGE('',*,*,#2572,.F.);
#1238=ORIENTED_EDGE('',*,*,#2568,.F.);
#1239=ORIENTED_EDGE('',*,*,#2573,.T.);
#1240=ORIENTED_EDGE('',*,*,#2574,.T.);
#1241=ORIENTED_EDGE('',*,*,#2575,.F.);
#1242=ORIENTED_EDGE('',*,*,#2571,.F.);
#1243=ORIENTED_EDGE('',*,*,#2576,.T.);
#1244=ORIENTED_EDGE('',*,*,#2577,.T.);
#1245=ORIENTED_EDGE('',*,*,#2578,.F.);
#1246=ORIENTED_EDGE('',*,*,#2574,.F.);
#1247=ORIENTED_EDGE('',*,*,#2579,.T.);
#1248=ORIENTED_EDGE('',*,*,#2580,.T.);
#1249=ORIENTED_EDGE('',*,*,#2581,.F.);
#1250=ORIENTED_EDGE('',*,*,#2577,.F.);
#1251=ORIENTED_EDGE('',*,*,#2582,.T.);
#1252=ORIENTED_EDGE('',*,*,#2583,.T.);
#1253=ORIENTED_EDGE('',*,*,#2584,.F.);
#1254=ORIENTED_EDGE('',*,*,#2580,.F.);
#1255=ORIENTED_EDGE('',*,*,#2585,.T.);
#1256=ORIENTED_EDGE('',*,*,#2586,.T.);
#1257=ORIENTED_EDGE('',*,*,#2587,.F.);
#1258=ORIENTED_EDGE('',*,*,#2583,.F.);
#1259=ORIENTED_EDGE('',*,*,#2588,.T.);
#1260=ORIENTED_EDGE('',*,*,#2589,.T.);
#1261=ORIENTED_EDGE('',*,*,#2590,.F.);
#1262=ORIENTED_EDGE('',*,*,#2586,.F.);
#1263=ORIENTED_EDGE('',*,*,#2591,.T.);
#1264=ORIENTED_EDGE('',*,*,#2592,.T.);
#1265=ORIENTED_EDGE('',*,*,#2593,.F.);
#1266=ORIENTED_EDGE('',*,*,#2589,.F.);
#1267=ORIENTED_EDGE('',*,*,#2594,.T.);
#1268=ORIENTED_EDGE('',*,*,#2595,.T.);
#1269=ORIENTED_EDGE('',*,*,#2596,.F.);
#1270=ORIENTED_EDGE('',*,*,#2592,.F.);
#1271=ORIENTED_EDGE('',*,*,#2597,.T.);
#1272=ORIENTED_EDGE('',*,*,#2598,.T.);
#1273=ORIENTED_EDGE('',*,*,#2599,.F.);
#1274=ORIENTED_EDGE('',*,*,#2595,.F.);
#1275=ORIENTED_EDGE('',*,*,#2600,.T.);
#1276=ORIENTED_EDGE('',*,*,#2601,.T.);
#1277=ORIENTED_EDGE('',*,*,#2602,.F.);
#1278=ORIENTED_EDGE('',*,*,#2598,.F.);
#1279=ORIENTED_EDGE('',*,*,#2603,.T.);
#1280=ORIENTED_EDGE('',*,*,#2604,.T.);
#1281=ORIENTED_EDGE('',*,*,#2605,.F.);
#1282=ORIENTED_EDGE('',*,*,#2601,.F.);
#1283=ORIENTED_EDGE('',*,*,#2606,.T.);
#1284=ORIENTED_EDGE('',*,*,#2607,.T.);
#1285=ORIENTED_EDGE('',*,*,#2608,.F.);
#1286=ORIENTED_EDGE('',*,*,#2604,.F.);
#1287=ORIENTED_EDGE('',*,*,#2609,.T.);
#1288=ORIENTED_EDGE('',*,*,#2610,.T.);
#1289=ORIENTED_EDGE('',*,*,#2611,.F.);
#1290=ORIENTED_EDGE('',*,*,#2607,.F.);
#1291=ORIENTED_EDGE('',*,*,#2612,.T.);
#1292=ORIENTED_EDGE('',*,*,#2613,.T.);
#1293=ORIENTED_EDGE('',*,*,#2614,.F.);
#1294=ORIENTED_EDGE('',*,*,#2610,.F.);
#1295=ORIENTED_EDGE('',*,*,#2615,.T.);
#1296=ORIENTED_EDGE('',*,*,#2616,.T.);
#1297=ORIENTED_EDGE('',*,*,#2617,.F.);
#1298=ORIENTED_EDGE('',*,*,#2613,.F.);
#1299=ORIENTED_EDGE('',*,*,#2618,.T.);
#1300=ORIENTED_EDGE('',*,*,#2619,.T.);
#1301=ORIENTED_EDGE('',*,*,#2620,.F.);
#1302=ORIENTED_EDGE('',*,*,#2616,.F.);
#1303=ORIENTED_EDGE('',*,*,#2621,.T.);
#1304=ORIENTED_EDGE('',*,*,#2622,.T.);
#1305=ORIENTED_EDGE('',*,*,#2623,.F.);
#1306=ORIENTED_EDGE('',*,*,#2619,.F.);
#1307=ORIENTED_EDGE('',*,*,#2624,.T.);
#1308=ORIENTED_EDGE('',*,*,#2625,.T.);
#1309=ORIENTED_EDGE('',*,*,#2626,.F.);
#1310=ORIENTED_EDGE('',*,*,#2622,.F.);
#1311=ORIENTED_EDGE('',*,*,#2627,.T.);
#1312=ORIENTED_EDGE('',*,*,#2628,.T.);
#1313=ORIENTED_EDGE('',*,*,#2629,.F.);
#1314=ORIENTED_EDGE('',*,*,#2625,.F.);
#1315=ORIENTED_EDGE('',*,*,#2630,.T.);
#1316=ORIENTED_EDGE('',*,*,#2631,.T.);
#1317=ORIENTED_EDGE('',*,*,#2632,.F.);
#1318=ORIENTED_EDGE('',*,*,#2628,.F.);
#1319=ORIENTED_EDGE('',*,*,#2633,.T.);
#1320=ORIENTED_EDGE('',*,*,#2634,.T.);
#1321=ORIENTED_EDGE('',*,*,#2635,.F.);
#1322=ORIENTED_EDGE('',*,*,#2631,.F.);
#1323=ORIENTED_EDGE('',*,*,#2636,.T.);
#1324=ORIENTED_EDGE('',*,*,#2637,.T.);
#1325=ORIENTED_EDGE('',*,*,#2638,.F.);
#1326=ORIENTED_EDGE('',*,*,#2634,.F.);
#1327=ORIENTED_EDGE('',*,*,#2639,.T.);
#1328=ORIENTED_EDGE('',*,*,#2640,.T.);
#1329=ORIENTED_EDGE('',*,*,#2641,.F.);
#1330=ORIENTED_EDGE('',*,*,#2637,.F.);
#1331=ORIENTED_EDGE('',*,*,#2642,.T.);
#1332=ORIENTED_EDGE('',*,*,#2643,.T.);
#1333=ORIENTED_EDGE('',*,*,#2644,.F.);
#1334=ORIENTED_EDGE('',*,*,#2640,.F.);
#1335=ORIENTED_EDGE('',*,*,#2645,.T.);
#1336=ORIENTED_EDGE('',*,*,#2646,.T.);
#1337=ORIENTED_EDGE('',*,*,#2647,.F.);
#1338=ORIENTED_EDGE('',*,*,#2643,.F.);
#1339=ORIENTED_EDGE('',*,*,#2648,.T.);
#1340=ORIENTED_EDGE('',*,*,#2649,.T.);
#1341=ORIENTED_EDGE('',*,*,#2650,.F.);
#1342=ORIENTED_EDGE('',*,*,#2646,.F.);
#1343=ORIENTED_EDGE('',*,*,#2651,.T.);
#1344=ORIENTED_EDGE('',*,*,#2652,.T.);
#1345=ORIENTED_EDGE('',*,*,#2653,.F.);
#1346=ORIENTED_EDGE('',*,*,#2649,.F.);
#1347=ORIENTED_EDGE('',*,*,#2654,.T.);
#1348=ORIENTED_EDGE('',*,*,#2655,.T.);
#1349=ORIENTED_EDGE('',*,*,#2656,.F.);
#1350=ORIENTED_EDGE('',*,*,#2652,.F.);
#1351=ORIENTED_EDGE('',*,*,#2657,.T.);
#1352=ORIENTED_EDGE('',*,*,#2658,.T.);
#1353=ORIENTED_EDGE('',*,*,#2659,.F.);
#1354=ORIENTED_EDGE('',*,*,#2655,.F.);
#1355=ORIENTED_EDGE('',*,*,#2660,.T.);
#1356=ORIENTED_EDGE('',*,*,#2661,.T.);
#1357=ORIENTED_EDGE('',*,*,#2662,.F.);
#1358=ORIENTED_EDGE('',*,*,#2658,.F.);
#1359=ORIENTED_EDGE('',*,*,#2663,.T.);
#1360=ORIENTED_EDGE('',*,*,#2664,.T.);
#1361=ORIENTED_EDGE('',*,*,#2665,.F.);
#1362=ORIENTED_EDGE('',*,*,#2661,.F.);
#1363=ORIENTED_EDGE('',*,*,#2666,.T.);
#1364=ORIENTED_EDGE('',*,*,#2667,.T.);
#1365=ORIENTED_EDGE('',*,*,#2668,.F.);
#1366=ORIENTED_EDGE('',*,*,#2664,.F.);
#1367=ORIENTED_EDGE('',*,*,#2669,.T.);
#1368=ORIENTED_EDGE('',*,*,#2670,.T.);
#1369=ORIENTED_EDGE('',*,*,#2671,.F.);
#1370=ORIENTED_EDGE('',*,*,#2667,.F.);
#1371=ORIENTED_EDGE('',*,*,#2672,.T.);
#1372=ORIENTED_EDGE('',*,*,#2673,.T.);
#1373=ORIENTED_EDGE('',*,*,#2674,.F.);
#1374=ORIENTED_EDGE('',*,*,#2670,.F.);
#1375=ORIENTED_EDGE('',*,*,#2675,.T.);
#1376=ORIENTED_EDGE('',*,*,#2676,.T.);
#1377=ORIENTED_EDGE('',*,*,#2677,.F.);
#1378=ORIENTED_EDGE('',*,*,#2673,.F.);
#1379=ORIENTED_EDGE('',*,*,#2678,.T.);
#1380=ORIENTED_EDGE('',*,*,#2679,.T.);
#1381=ORIENTED_EDGE('',*,*,#2680,.F.);
#1382=ORIENTED_EDGE('',*,*,#2676,.F.);
#1383=ORIENTED_EDGE('',*,*,#2681,.T.);
#1384=ORIENTED_EDGE('',*,*,#2682,.T.);
#1385=ORIENTED_EDGE('',*,*,#2683,.F.);
#1386=ORIENTED_EDGE('',*,*,#2679,.F.);
#1387=ORIENTED_EDGE('',*,*,#2684,.T.);
#1388=ORIENTED_EDGE('',*,*,#2685,.T.);
#1389=ORIENTED_EDGE('',*,*,#2686,.F.);
#1390=ORIENTED_EDGE('',*,*,#2682,.F.);
#1391=ORIENTED_EDGE('',*,*,#2687,.T.);
#1392=ORIENTED_EDGE('',*,*,#2688,.T.);
#1393=ORIENTED_EDGE('',*,*,#2689,.F.);
#1394=ORIENTED_EDGE('',*,*,#2685,.F.);
#1395=ORIENTED_EDGE('',*,*,#2690,.T.);
#1396=ORIENTED_EDGE('',*,*,#2691,.T.);
#1397=ORIENTED_EDGE('',*,*,#2692,.F.);
#1398=ORIENTED_EDGE('',*,*,#2688,.F.);
#1399=ORIENTED_EDGE('',*,*,#2693,.T.);
#1400=ORIENTED_EDGE('',*,*,#2694,.T.);
#1401=ORIENTED_EDGE('',*,*,#2695,.F.);
#1402=ORIENTED_EDGE('',*,*,#2691,.F.);
#1403=ORIENTED_EDGE('',*,*,#2696,.T.);
#1404=ORIENTED_EDGE('',*,*,#2697,.T.);
#1405=ORIENTED_EDGE('',*,*,#2698,.F.);
#1406=ORIENTED_EDGE('',*,*,#2694,.F.);
#1407=ORIENTED_EDGE('',*,*,#2699,.T.);
#1408=ORIENTED_EDGE('',*,*,#2700,.T.);
#1409=ORIENTED_EDGE('',*,*,#2701,.F.);
#1410=ORIENTED_EDGE('',*,*,#2697,.F.);
#1411=ORIENTED_EDGE('',*,*,#2702,.T.);
#1412=ORIENTED_EDGE('',*,*,#2703,.T.);
#1413=ORIENTED_EDGE('',*,*,#2704,.F.);
#1414=ORIENTED_EDGE('',*,*,#2700,.F.);
#1415=ORIENTED_EDGE('',*,*,#2705,.T.);
#1416=ORIENTED_EDGE('',*,*,#2706,.T.);
#1417=ORIENTED_EDGE('',*,*,#2707,.F.);
#1418=ORIENTED_EDGE('',*,*,#2703,.F.);
#1419=ORIENTED_EDGE('',*,*,#2708,.T.);
#1420=ORIENTED_EDGE('',*,*,#2709,.T.);
#1421=ORIENTED_EDGE('',*,*,#2710,.F.);
#1422=ORIENTED_EDGE('',*,*,#2706,.F.);
#1423=ORIENTED_EDGE('',*,*,#2711,.T.);
#1424=ORIENTED_EDGE('',*,*,#2712,.T.);
#1425=ORIENTED_EDGE('',*,*,#2713,.F.);
#1426=ORIENTED_EDGE('',*,*,#2709,.F.);
#1427=ORIENTED_EDGE('',*,*,#2714,.T.);
#1428=ORIENTED_EDGE('',*,*,#2715,.T.);
#1429=ORIENTED_EDGE('',*,*,#2716,.F.);
#1430=ORIENTED_EDGE('',*,*,#2712,.F.);
#1431=ORIENTED_EDGE('',*,*,#2717,.T.);
#1432=ORIENTED_EDGE('',*,*,#2718,.T.);
#1433=ORIENTED_EDGE('',*,*,#2719,.F.);
#1434=ORIENTED_EDGE('',*,*,#2715,.F.);
#1435=ORIENTED_EDGE('',*,*,#2720,.T.);
#1436=ORIENTED_EDGE('',*,*,#2721,.T.);
#1437=ORIENTED_EDGE('',*,*,#2722,.F.);
#1438=ORIENTED_EDGE('',*,*,#2718,.F.);
#1439=ORIENTED_EDGE('',*,*,#2723,.T.);
#1440=ORIENTED_EDGE('',*,*,#2724,.T.);
#1441=ORIENTED_EDGE('',*,*,#2725,.F.);
#1442=ORIENTED_EDGE('',*,*,#2721,.F.);
#1443=ORIENTED_EDGE('',*,*,#2726,.T.);
#1444=ORIENTED_EDGE('',*,*,#2727,.T.);
#1445=ORIENTED_EDGE('',*,*,#2728,.F.);
#1446=ORIENTED_EDGE('',*,*,#2724,.F.);
#1447=ORIENTED_EDGE('',*,*,#2729,.T.);
#1448=ORIENTED_EDGE('',*,*,#2730,.T.);
#1449=ORIENTED_EDGE('',*,*,#2731,.F.);
#1450=ORIENTED_EDGE('',*,*,#2727,.F.);
#1451=ORIENTED_EDGE('',*,*,#2732,.T.);
#1452=ORIENTED_EDGE('',*,*,#2733,.T.);
#1453=ORIENTED_EDGE('',*,*,#2734,.F.);
#1454=ORIENTED_EDGE('',*,*,#2730,.F.);
#1455=ORIENTED_EDGE('',*,*,#2735,.T.);
#1456=ORIENTED_EDGE('',*,*,#2736,.T.);
#1457=ORIENTED_EDGE('',*,*,#2737,.F.);
#1458=ORIENTED_EDGE('',*,*,#2733,.F.);
#1459=ORIENTED_EDGE('',*,*,#2738,.T.);
#1460=ORIENTED_EDGE('',*,*,#2739,.T.);
#1461=ORIENTED_EDGE('',*,*,#2740,.F.);
#1462=ORIENTED_EDGE('',*,*,#2736,.F.);
#1463=ORIENTED_EDGE('',*,*,#2741,.T.);
#1464=ORIENTED_EDGE('',*,*,#2742,.T.);
#1465=ORIENTED_EDGE('',*,*,#2743,.F.);
#1466=ORIENTED_EDGE('',*,*,#2739,.F.);
#1467=ORIENTED_EDGE('',*,*,#2744,.T.);
#1468=ORIENTED_EDGE('',*,*,#2745,.T.);
#1469=ORIENTED_EDGE('',*,*,#2746,.F.);
#1470=ORIENTED_EDGE('',*,*,#2742,.F.);
#1471=ORIENTED_EDGE('',*,*,#2747,.T.);
#1472=ORIENTED_EDGE('',*,*,#2748,.T.);
#1473=ORIENTED_EDGE('',*,*,#2749,.F.);
#1474=ORIENTED_EDGE('',*,*,#2745,.F.);
#1475=ORIENTED_EDGE('',*,*,#2750,.T.);
#1476=ORIENTED_EDGE('',*,*,#2751,.T.);
#1477=ORIENTED_EDGE('',*,*,#2752,.F.);
#1478=ORIENTED_EDGE('',*,*,#2748,.F.);
#1479=ORIENTED_EDGE('',*,*,#2753,.T.);
#1480=ORIENTED_EDGE('',*,*,#2754,.T.);
#1481=ORIENTED_EDGE('',*,*,#2755,.F.);
#1482=ORIENTED_EDGE('',*,*,#2751,.F.);
#1483=ORIENTED_EDGE('',*,*,#2756,.T.);
#1484=ORIENTED_EDGE('',*,*,#2757,.T.);
#1485=ORIENTED_EDGE('',*,*,#2758,.F.);
#1486=ORIENTED_EDGE('',*,*,#2754,.F.);
#1487=ORIENTED_EDGE('',*,*,#2759,.T.);
#1488=ORIENTED_EDGE('',*,*,#2760,.T.);
#1489=ORIENTED_EDGE('',*,*,#2761,.F.);
#1490=ORIENTED_EDGE('',*,*,#2757,.F.);
#1491=ORIENTED_EDGE('',*,*,#2762,.T.);
#1492=ORIENTED_EDGE('',*,*,#2763,.T.);
#1493=ORIENTED_EDGE('',*,*,#2764,.F.);
#1494=ORIENTED_EDGE('',*,*,#2760,.F.);
#1495=ORIENTED_EDGE('',*,*,#2765,.T.);
#1496=ORIENTED_EDGE('',*,*,#2766,.T.);
#1497=ORIENTED_EDGE('',*,*,#2767,.F.);
#1498=ORIENTED_EDGE('',*,*,#2763,.F.);
#1499=ORIENTED_EDGE('',*,*,#2768,.T.);
#1500=ORIENTED_EDGE('',*,*,#2769,.T.);
#1501=ORIENTED_EDGE('',*,*,#2770,.F.);
#1502=ORIENTED_EDGE('',*,*,#2766,.F.);
#1503=ORIENTED_EDGE('',*,*,#2771,.T.);
#1504=ORIENTED_EDGE('',*,*,#2772,.T.);
#1505=ORIENTED_EDGE('',*,*,#2773,.F.);
#1506=ORIENTED_EDGE('',*,*,#2769,.F.);
#1507=ORIENTED_EDGE('',*,*,#2774,.T.);
#1508=ORIENTED_EDGE('',*,*,#2775,.T.);
#1509=ORIENTED_EDGE('',*,*,#2776,.F.);
#1510=ORIENTED_EDGE('',*,*,#2772,.F.);
#1511=ORIENTED_EDGE('',*,*,#2777,.T.);
#1512=ORIENTED_EDGE('',*,*,#2418,.F.);
#1513=ORIENTED_EDGE('',*,*,#2778,.T.);
#1514=ORIENTED_EDGE('',*,*,#2779,.T.);
#1515=ORIENTED_EDGE('',*,*,#2780,.F.);
#1516=ORIENTED_EDGE('',*,*,#2781,.F.);
#1517=ORIENTED_EDGE('',*,*,#2775,.F.);
#1518=ORIENTED_EDGE('',*,*,#2782,.T.);
#1519=ORIENTED_EDGE('',*,*,#2783,.T.);
#1520=ORIENTED_EDGE('',*,*,#2419,.F.);
#1521=ORIENTED_EDGE('',*,*,#2783,.F.);
#1522=ORIENTED_EDGE('',*,*,#2784,.T.);
#1523=ORIENTED_EDGE('',*,*,#2785,.T.);
#1524=ORIENTED_EDGE('',*,*,#2786,.F.);
#1525=ORIENTED_EDGE('',*,*,#2780,.T.);
#1526=ORIENTED_EDGE('',*,*,#2787,.T.);
#1527=ORIENTED_EDGE('',*,*,#2788,.F.);
#1528=ORIENTED_EDGE('',*,*,#2789,.T.);
#1529=ORIENTED_EDGE('',*,*,#2790,.F.);
#1530=ORIENTED_EDGE('',*,*,#2785,.F.);
#1531=ORIENTED_EDGE('',*,*,#2791,.T.);
#1532=ORIENTED_EDGE('',*,*,#2792,.T.);
#1533=ORIENTED_EDGE('',*,*,#2793,.F.);
#1534=ORIENTED_EDGE('',*,*,#2789,.F.);
#1535=ORIENTED_EDGE('',*,*,#2794,.T.);
#1536=ORIENTED_EDGE('',*,*,#2795,.T.);
#1537=ORIENTED_EDGE('',*,*,#2796,.F.);
#1538=ORIENTED_EDGE('',*,*,#2792,.F.);
#1539=ORIENTED_EDGE('',*,*,#2797,.T.);
#1540=ORIENTED_EDGE('',*,*,#2798,.T.);
#1541=ORIENTED_EDGE('',*,*,#2799,.F.);
#1542=ORIENTED_EDGE('',*,*,#2795,.F.);
#1543=ORIENTED_EDGE('',*,*,#2800,.T.);
#1544=ORIENTED_EDGE('',*,*,#2801,.T.);
#1545=ORIENTED_EDGE('',*,*,#2802,.F.);
#1546=ORIENTED_EDGE('',*,*,#2798,.F.);
#1547=ORIENTED_EDGE('',*,*,#2803,.T.);
#1548=ORIENTED_EDGE('',*,*,#2804,.T.);
#1549=ORIENTED_EDGE('',*,*,#2805,.F.);
#1550=ORIENTED_EDGE('',*,*,#2801,.F.);
#1551=ORIENTED_EDGE('',*,*,#2806,.T.);
#1552=ORIENTED_EDGE('',*,*,#2807,.T.);
#1553=ORIENTED_EDGE('',*,*,#2808,.F.);
#1554=ORIENTED_EDGE('',*,*,#2804,.F.);
#1555=ORIENTED_EDGE('',*,*,#2809,.T.);
#1556=ORIENTED_EDGE('',*,*,#2810,.T.);
#1557=ORIENTED_EDGE('',*,*,#2811,.F.);
#1558=ORIENTED_EDGE('',*,*,#2807,.F.);
#1559=ORIENTED_EDGE('',*,*,#2812,.T.);
#1560=ORIENTED_EDGE('',*,*,#2813,.T.);
#1561=ORIENTED_EDGE('',*,*,#2814,.F.);
#1562=ORIENTED_EDGE('',*,*,#2810,.F.);
#1563=ORIENTED_EDGE('',*,*,#2815,.T.);
#1564=ORIENTED_EDGE('',*,*,#2816,.T.);
#1565=ORIENTED_EDGE('',*,*,#2817,.F.);
#1566=ORIENTED_EDGE('',*,*,#2813,.F.);
#1567=ORIENTED_EDGE('',*,*,#2818,.T.);
#1568=ORIENTED_EDGE('',*,*,#2819,.T.);
#1569=ORIENTED_EDGE('',*,*,#2820,.F.);
#1570=ORIENTED_EDGE('',*,*,#2816,.F.);
#1571=ORIENTED_EDGE('',*,*,#2821,.T.);
#1572=ORIENTED_EDGE('',*,*,#2822,.T.);
#1573=ORIENTED_EDGE('',*,*,#2823,.F.);
#1574=ORIENTED_EDGE('',*,*,#2819,.F.);
#1575=ORIENTED_EDGE('',*,*,#2824,.T.);
#1576=ORIENTED_EDGE('',*,*,#2825,.T.);
#1577=ORIENTED_EDGE('',*,*,#2826,.F.);
#1578=ORIENTED_EDGE('',*,*,#2822,.F.);
#1579=ORIENTED_EDGE('',*,*,#2827,.T.);
#1580=ORIENTED_EDGE('',*,*,#2828,.T.);
#1581=ORIENTED_EDGE('',*,*,#2829,.F.);
#1582=ORIENTED_EDGE('',*,*,#2825,.F.);
#1583=ORIENTED_EDGE('',*,*,#2830,.T.);
#1584=ORIENTED_EDGE('',*,*,#2831,.T.);
#1585=ORIENTED_EDGE('',*,*,#2832,.F.);
#1586=ORIENTED_EDGE('',*,*,#2828,.F.);
#1587=ORIENTED_EDGE('',*,*,#2833,.T.);
#1588=ORIENTED_EDGE('',*,*,#2530,.T.);
#1589=ORIENTED_EDGE('',*,*,#2834,.F.);
#1590=ORIENTED_EDGE('',*,*,#2831,.F.);
#1591=ORIENTED_EDGE('',*,*,#2835,.T.);
#1592=ORIENTED_EDGE('',*,*,#2531,.F.);
#1593=ORIENTED_EDGE('',*,*,#2835,.F.);
#1594=ORIENTED_EDGE('',*,*,#2833,.F.);
#1595=ORIENTED_EDGE('',*,*,#2830,.F.);
#1596=ORIENTED_EDGE('',*,*,#2827,.F.);
#1597=ORIENTED_EDGE('',*,*,#2824,.F.);
#1598=ORIENTED_EDGE('',*,*,#2821,.F.);
#1599=ORIENTED_EDGE('',*,*,#2818,.F.);
#1600=ORIENTED_EDGE('',*,*,#2815,.F.);
#1601=ORIENTED_EDGE('',*,*,#2812,.F.);
#1602=ORIENTED_EDGE('',*,*,#2809,.F.);
#1603=ORIENTED_EDGE('',*,*,#2806,.F.);
#1604=ORIENTED_EDGE('',*,*,#2803,.F.);
#1605=ORIENTED_EDGE('',*,*,#2800,.F.);
#1606=ORIENTED_EDGE('',*,*,#2797,.F.);
#1607=ORIENTED_EDGE('',*,*,#2794,.F.);
#1608=ORIENTED_EDGE('',*,*,#2791,.F.);
#1609=ORIENTED_EDGE('',*,*,#2784,.F.);
#1610=ORIENTED_EDGE('',*,*,#2782,.F.);
#1611=ORIENTED_EDGE('',*,*,#2777,.F.);
#1612=ORIENTED_EDGE('',*,*,#2774,.F.);
#1613=ORIENTED_EDGE('',*,*,#2771,.F.);
#1614=ORIENTED_EDGE('',*,*,#2768,.F.);
#1615=ORIENTED_EDGE('',*,*,#2765,.F.);
#1616=ORIENTED_EDGE('',*,*,#2762,.F.);
#1617=ORIENTED_EDGE('',*,*,#2759,.F.);
#1618=ORIENTED_EDGE('',*,*,#2756,.F.);
#1619=ORIENTED_EDGE('',*,*,#2753,.F.);
#1620=ORIENTED_EDGE('',*,*,#2750,.F.);
#1621=ORIENTED_EDGE('',*,*,#2747,.F.);
#1622=ORIENTED_EDGE('',*,*,#2744,.F.);
#1623=ORIENTED_EDGE('',*,*,#2741,.F.);
#1624=ORIENTED_EDGE('',*,*,#2738,.F.);
#1625=ORIENTED_EDGE('',*,*,#2735,.F.);
#1626=ORIENTED_EDGE('',*,*,#2732,.F.);
#1627=ORIENTED_EDGE('',*,*,#2729,.F.);
#1628=ORIENTED_EDGE('',*,*,#2726,.F.);
#1629=ORIENTED_EDGE('',*,*,#2723,.F.);
#1630=ORIENTED_EDGE('',*,*,#2720,.F.);
#1631=ORIENTED_EDGE('',*,*,#2717,.F.);
#1632=ORIENTED_EDGE('',*,*,#2714,.F.);
#1633=ORIENTED_EDGE('',*,*,#2711,.F.);
#1634=ORIENTED_EDGE('',*,*,#2708,.F.);
#1635=ORIENTED_EDGE('',*,*,#2705,.F.);
#1636=ORIENTED_EDGE('',*,*,#2702,.F.);
#1637=ORIENTED_EDGE('',*,*,#2699,.F.);
#1638=ORIENTED_EDGE('',*,*,#2696,.F.);
#1639=ORIENTED_EDGE('',*,*,#2693,.F.);
#1640=ORIENTED_EDGE('',*,*,#2690,.F.);
#1641=ORIENTED_EDGE('',*,*,#2687,.F.);
#1642=ORIENTED_EDGE('',*,*,#2684,.F.);
#1643=ORIENTED_EDGE('',*,*,#2681,.F.);
#1644=ORIENTED_EDGE('',*,*,#2678,.F.);
#1645=ORIENTED_EDGE('',*,*,#2675,.F.);
#1646=ORIENTED_EDGE('',*,*,#2672,.F.);
#1647=ORIENTED_EDGE('',*,*,#2669,.F.);
#1648=ORIENTED_EDGE('',*,*,#2666,.F.);
#1649=ORIENTED_EDGE('',*,*,#2663,.F.);
#1650=ORIENTED_EDGE('',*,*,#2660,.F.);
#1651=ORIENTED_EDGE('',*,*,#2657,.F.);
#1652=ORIENTED_EDGE('',*,*,#2654,.F.);
#1653=ORIENTED_EDGE('',*,*,#2651,.F.);
#1654=ORIENTED_EDGE('',*,*,#2648,.F.);
#1655=ORIENTED_EDGE('',*,*,#2645,.F.);
#1656=ORIENTED_EDGE('',*,*,#2642,.F.);
#1657=ORIENTED_EDGE('',*,*,#2639,.F.);
#1658=ORIENTED_EDGE('',*,*,#2636,.F.);
#1659=ORIENTED_EDGE('',*,*,#2633,.F.);
#1660=ORIENTED_EDGE('',*,*,#2630,.F.);
#1661=ORIENTED_EDGE('',*,*,#2627,.F.);
#1662=ORIENTED_EDGE('',*,*,#2624,.F.);
#1663=ORIENTED_EDGE('',*,*,#2621,.F.);
#1664=ORIENTED_EDGE('',*,*,#2618,.F.);
#1665=ORIENTED_EDGE('',*,*,#2615,.F.);
#1666=ORIENTED_EDGE('',*,*,#2612,.F.);
#1667=ORIENTED_EDGE('',*,*,#2609,.F.);
#1668=ORIENTED_EDGE('',*,*,#2606,.F.);
#1669=ORIENTED_EDGE('',*,*,#2603,.F.);
#1670=ORIENTED_EDGE('',*,*,#2600,.F.);
#1671=ORIENTED_EDGE('',*,*,#2597,.F.);
#1672=ORIENTED_EDGE('',*,*,#2594,.F.);
#1673=ORIENTED_EDGE('',*,*,#2591,.F.);
#1674=ORIENTED_EDGE('',*,*,#2588,.F.);
#1675=ORIENTED_EDGE('',*,*,#2585,.F.);
#1676=ORIENTED_EDGE('',*,*,#2582,.F.);
#1677=ORIENTED_EDGE('',*,*,#2579,.F.);
#1678=ORIENTED_EDGE('',*,*,#2576,.F.);
#1679=ORIENTED_EDGE('',*,*,#2573,.F.);
#1680=ORIENTED_EDGE('',*,*,#2570,.F.);
#1681=ORIENTED_EDGE('',*,*,#2567,.F.);
#1682=ORIENTED_EDGE('',*,*,#2564,.F.);
#1683=ORIENTED_EDGE('',*,*,#2561,.F.);
#1684=ORIENTED_EDGE('',*,*,#2558,.F.);
#1685=ORIENTED_EDGE('',*,*,#2555,.F.);
#1686=ORIENTED_EDGE('',*,*,#2552,.F.);
#1687=ORIENTED_EDGE('',*,*,#2549,.F.);
#1688=ORIENTED_EDGE('',*,*,#2546,.F.);
#1689=ORIENTED_EDGE('',*,*,#2543,.F.);
#1690=ORIENTED_EDGE('',*,*,#2540,.F.);
#1691=ORIENTED_EDGE('',*,*,#2537,.F.);
#1692=ORIENTED_EDGE('',*,*,#2534,.F.);
#1693=ORIENTED_EDGE('',*,*,#2836,.T.);
#1694=ORIENTED_EDGE('',*,*,#2837,.T.);
#1695=ORIENTED_EDGE('',*,*,#2838,.F.);
#1696=ORIENTED_EDGE('',*,*,#2415,.T.);
#1697=ORIENTED_EDGE('',*,*,#2836,.F.);
#1698=ORIENTED_EDGE('',*,*,#2838,.T.);
#1699=ORIENTED_EDGE('',*,*,#2837,.F.);
#1700=ORIENTED_EDGE('',*,*,#2839,.T.);
#1701=ORIENTED_EDGE('',*,*,#2840,.T.);
#1702=ORIENTED_EDGE('',*,*,#2841,.F.);
#1703=ORIENTED_EDGE('',*,*,#2414,.T.);
#1704=ORIENTED_EDGE('',*,*,#2839,.F.);
#1705=ORIENTED_EDGE('',*,*,#2841,.T.);
#1706=ORIENTED_EDGE('',*,*,#2840,.F.);
#1707=ORIENTED_EDGE('',*,*,#2842,.T.);
#1708=ORIENTED_EDGE('',*,*,#2843,.T.);
#1709=ORIENTED_EDGE('',*,*,#2844,.F.);
#1710=ORIENTED_EDGE('',*,*,#2413,.T.);
#1711=ORIENTED_EDGE('',*,*,#2842,.F.);
#1712=ORIENTED_EDGE('',*,*,#2844,.T.);
#1713=ORIENTED_EDGE('',*,*,#2843,.F.);
#1714=ORIENTED_EDGE('',*,*,#2845,.T.);
#1715=ORIENTED_EDGE('',*,*,#2846,.T.);
#1716=ORIENTED_EDGE('',*,*,#2847,.F.);
#1717=ORIENTED_EDGE('',*,*,#2412,.T.);
#1718=ORIENTED_EDGE('',*,*,#2845,.F.);
#1719=ORIENTED_EDGE('',*,*,#2847,.T.);
#1720=ORIENTED_EDGE('',*,*,#2846,.F.);
#1721=ORIENTED_EDGE('',*,*,#2848,.T.);
#1722=ORIENTED_EDGE('',*,*,#2849,.T.);
#1723=ORIENTED_EDGE('',*,*,#2850,.F.);
#1724=ORIENTED_EDGE('',*,*,#2411,.T.);
#1725=ORIENTED_EDGE('',*,*,#2848,.F.);
#1726=ORIENTED_EDGE('',*,*,#2850,.T.);
#1727=ORIENTED_EDGE('',*,*,#2849,.F.);
#1728=ORIENTED_EDGE('',*,*,#2851,.T.);
#1729=ORIENTED_EDGE('',*,*,#2852,.T.);
#1730=ORIENTED_EDGE('',*,*,#2853,.F.);
#1731=ORIENTED_EDGE('',*,*,#2410,.T.);
#1732=ORIENTED_EDGE('',*,*,#2851,.F.);
#1733=ORIENTED_EDGE('',*,*,#2853,.T.);
#1734=ORIENTED_EDGE('',*,*,#2852,.F.);
#1735=ORIENTED_EDGE('',*,*,#2854,.T.);
#1736=ORIENTED_EDGE('',*,*,#2855,.T.);
#1737=ORIENTED_EDGE('',*,*,#2856,.F.);
#1738=ORIENTED_EDGE('',*,*,#2409,.T.);
#1739=ORIENTED_EDGE('',*,*,#2854,.F.);
#1740=ORIENTED_EDGE('',*,*,#2856,.T.);
#1741=ORIENTED_EDGE('',*,*,#2855,.F.);
#1742=ORIENTED_EDGE('',*,*,#2857,.T.);
#1743=ORIENTED_EDGE('',*,*,#2858,.T.);
#1744=ORIENTED_EDGE('',*,*,#2859,.F.);
#1745=ORIENTED_EDGE('',*,*,#2408,.T.);
#1746=ORIENTED_EDGE('',*,*,#2857,.F.);
#1747=ORIENTED_EDGE('',*,*,#2859,.T.);
#1748=ORIENTED_EDGE('',*,*,#2858,.F.);
#1749=ORIENTED_EDGE('',*,*,#2860,.T.);
#1750=ORIENTED_EDGE('',*,*,#2861,.T.);
#1751=ORIENTED_EDGE('',*,*,#2416,.F.);
#1752=ORIENTED_EDGE('',*,*,#2862,.F.);
#1753=ORIENTED_EDGE('',*,*,#2863,.T.);
#1754=ORIENTED_EDGE('',*,*,#2864,.T.);
#1755=ORIENTED_EDGE('',*,*,#2529,.T.);
#1756=ORIENTED_EDGE('',*,*,#2533,.T.);
#1757=ORIENTED_EDGE('',*,*,#2536,.T.);
#1758=ORIENTED_EDGE('',*,*,#2539,.T.);
#1759=ORIENTED_EDGE('',*,*,#2542,.T.);
#1760=ORIENTED_EDGE('',*,*,#2545,.T.);
#1761=ORIENTED_EDGE('',*,*,#2548,.T.);
#1762=ORIENTED_EDGE('',*,*,#2551,.T.);
#1763=ORIENTED_EDGE('',*,*,#2554,.T.);
#1764=ORIENTED_EDGE('',*,*,#2557,.T.);
#1765=ORIENTED_EDGE('',*,*,#2560,.T.);
#1766=ORIENTED_EDGE('',*,*,#2563,.T.);
#1767=ORIENTED_EDGE('',*,*,#2566,.T.);
#1768=ORIENTED_EDGE('',*,*,#2569,.T.);
#1769=ORIENTED_EDGE('',*,*,#2572,.T.);
#1770=ORIENTED_EDGE('',*,*,#2575,.T.);
#1771=ORIENTED_EDGE('',*,*,#2578,.T.);
#1772=ORIENTED_EDGE('',*,*,#2581,.T.);
#1773=ORIENTED_EDGE('',*,*,#2584,.T.);
#1774=ORIENTED_EDGE('',*,*,#2587,.T.);
#1775=ORIENTED_EDGE('',*,*,#2590,.T.);
#1776=ORIENTED_EDGE('',*,*,#2593,.T.);
#1777=ORIENTED_EDGE('',*,*,#2596,.T.);
#1778=ORIENTED_EDGE('',*,*,#2599,.T.);
#1779=ORIENTED_EDGE('',*,*,#2602,.T.);
#1780=ORIENTED_EDGE('',*,*,#2605,.T.);
#1781=ORIENTED_EDGE('',*,*,#2608,.T.);
#1782=ORIENTED_EDGE('',*,*,#2611,.T.);
#1783=ORIENTED_EDGE('',*,*,#2614,.T.);
#1784=ORIENTED_EDGE('',*,*,#2617,.T.);
#1785=ORIENTED_EDGE('',*,*,#2620,.T.);
#1786=ORIENTED_EDGE('',*,*,#2623,.T.);
#1787=ORIENTED_EDGE('',*,*,#2626,.T.);
#1788=ORIENTED_EDGE('',*,*,#2629,.T.);
#1789=ORIENTED_EDGE('',*,*,#2632,.T.);
#1790=ORIENTED_EDGE('',*,*,#2635,.T.);
#1791=ORIENTED_EDGE('',*,*,#2638,.T.);
#1792=ORIENTED_EDGE('',*,*,#2641,.T.);
#1793=ORIENTED_EDGE('',*,*,#2644,.T.);
#1794=ORIENTED_EDGE('',*,*,#2647,.T.);
#1795=ORIENTED_EDGE('',*,*,#2650,.T.);
#1796=ORIENTED_EDGE('',*,*,#2653,.T.);
#1797=ORIENTED_EDGE('',*,*,#2656,.T.);
#1798=ORIENTED_EDGE('',*,*,#2659,.T.);
#1799=ORIENTED_EDGE('',*,*,#2662,.T.);
#1800=ORIENTED_EDGE('',*,*,#2665,.T.);
#1801=ORIENTED_EDGE('',*,*,#2668,.T.);
#1802=ORIENTED_EDGE('',*,*,#2671,.T.);
#1803=ORIENTED_EDGE('',*,*,#2674,.T.);
#1804=ORIENTED_EDGE('',*,*,#2677,.T.);
#1805=ORIENTED_EDGE('',*,*,#2680,.T.);
#1806=ORIENTED_EDGE('',*,*,#2683,.T.);
#1807=ORIENTED_EDGE('',*,*,#2686,.T.);
#1808=ORIENTED_EDGE('',*,*,#2689,.T.);
#1809=ORIENTED_EDGE('',*,*,#2692,.T.);
#1810=ORIENTED_EDGE('',*,*,#2695,.T.);
#1811=ORIENTED_EDGE('',*,*,#2698,.T.);
#1812=ORIENTED_EDGE('',*,*,#2701,.T.);
#1813=ORIENTED_EDGE('',*,*,#2704,.T.);
#1814=ORIENTED_EDGE('',*,*,#2707,.T.);
#1815=ORIENTED_EDGE('',*,*,#2710,.T.);
#1816=ORIENTED_EDGE('',*,*,#2713,.T.);
#1817=ORIENTED_EDGE('',*,*,#2716,.T.);
#1818=ORIENTED_EDGE('',*,*,#2719,.T.);
#1819=ORIENTED_EDGE('',*,*,#2722,.T.);
#1820=ORIENTED_EDGE('',*,*,#2725,.T.);
#1821=ORIENTED_EDGE('',*,*,#2728,.T.);
#1822=ORIENTED_EDGE('',*,*,#2731,.T.);
#1823=ORIENTED_EDGE('',*,*,#2734,.T.);
#1824=ORIENTED_EDGE('',*,*,#2737,.T.);
#1825=ORIENTED_EDGE('',*,*,#2740,.T.);
#1826=ORIENTED_EDGE('',*,*,#2743,.T.);
#1827=ORIENTED_EDGE('',*,*,#2746,.T.);
#1828=ORIENTED_EDGE('',*,*,#2749,.T.);
#1829=ORIENTED_EDGE('',*,*,#2752,.T.);
#1830=ORIENTED_EDGE('',*,*,#2755,.T.);
#1831=ORIENTED_EDGE('',*,*,#2758,.T.);
#1832=ORIENTED_EDGE('',*,*,#2761,.T.);
#1833=ORIENTED_EDGE('',*,*,#2764,.T.);
#1834=ORIENTED_EDGE('',*,*,#2767,.T.);
#1835=ORIENTED_EDGE('',*,*,#2770,.T.);
#1836=ORIENTED_EDGE('',*,*,#2773,.T.);
#1837=ORIENTED_EDGE('',*,*,#2776,.T.);
#1838=ORIENTED_EDGE('',*,*,#2781,.T.);
#1839=ORIENTED_EDGE('',*,*,#2786,.T.);
#1840=ORIENTED_EDGE('',*,*,#2790,.T.);
#1841=ORIENTED_EDGE('',*,*,#2793,.T.);
#1842=ORIENTED_EDGE('',*,*,#2796,.T.);
#1843=ORIENTED_EDGE('',*,*,#2799,.T.);
#1844=ORIENTED_EDGE('',*,*,#2802,.T.);
#1845=ORIENTED_EDGE('',*,*,#2805,.T.);
#1846=ORIENTED_EDGE('',*,*,#2808,.T.);
#1847=ORIENTED_EDGE('',*,*,#2811,.T.);
#1848=ORIENTED_EDGE('',*,*,#2814,.T.);
#1849=ORIENTED_EDGE('',*,*,#2817,.T.);
#1850=ORIENTED_EDGE('',*,*,#2820,.T.);
#1851=ORIENTED_EDGE('',*,*,#2823,.T.);
#1852=ORIENTED_EDGE('',*,*,#2826,.T.);
#1853=ORIENTED_EDGE('',*,*,#2829,.T.);
#1854=ORIENTED_EDGE('',*,*,#2832,.T.);
#1855=ORIENTED_EDGE('',*,*,#2834,.T.);
#1856=ORIENTED_EDGE('',*,*,#2865,.F.);
#1857=ORIENTED_EDGE('',*,*,#2866,.F.);
#1858=ORIENTED_EDGE('',*,*,#2867,.F.);
#1859=ORIENTED_EDGE('',*,*,#2868,.F.);
#1860=ORIENTED_EDGE('',*,*,#2869,.F.);
#1861=ORIENTED_EDGE('',*,*,#2870,.F.);
#1862=ORIENTED_EDGE('',*,*,#2871,.F.);
#1863=ORIENTED_EDGE('',*,*,#2872,.F.);
#1864=ORIENTED_EDGE('',*,*,#2873,.F.);
#1865=ORIENTED_EDGE('',*,*,#2874,.F.);
#1866=ORIENTED_EDGE('',*,*,#2875,.F.);
#1867=ORIENTED_EDGE('',*,*,#2876,.F.);
#1868=ORIENTED_EDGE('',*,*,#2877,.F.);
#1869=ORIENTED_EDGE('',*,*,#2878,.F.);
#1870=ORIENTED_EDGE('',*,*,#2879,.F.);
#1871=ORIENTED_EDGE('',*,*,#2880,.F.);
#1872=ORIENTED_EDGE('',*,*,#2881,.F.);
#1873=ORIENTED_EDGE('',*,*,#2882,.F.);
#1874=ORIENTED_EDGE('',*,*,#2883,.F.);
#1875=ORIENTED_EDGE('',*,*,#2884,.F.);
#1876=ORIENTED_EDGE('',*,*,#2885,.F.);
#1877=ORIENTED_EDGE('',*,*,#2886,.F.);
#1878=ORIENTED_EDGE('',*,*,#2887,.F.);
#1879=ORIENTED_EDGE('',*,*,#2888,.F.);
#1880=ORIENTED_EDGE('',*,*,#2889,.F.);
#1881=ORIENTED_EDGE('',*,*,#2890,.F.);
#1882=ORIENTED_EDGE('',*,*,#2891,.F.);
#1883=ORIENTED_EDGE('',*,*,#2892,.F.);
#1884=ORIENTED_EDGE('',*,*,#2893,.F.);
#1885=ORIENTED_EDGE('',*,*,#2894,.F.);
#1886=ORIENTED_EDGE('',*,*,#2895,.F.);
#1887=ORIENTED_EDGE('',*,*,#2896,.F.);
#1888=ORIENTED_EDGE('',*,*,#2897,.F.);
#1889=ORIENTED_EDGE('',*,*,#2898,.F.);
#1890=ORIENTED_EDGE('',*,*,#2899,.F.);
#1891=ORIENTED_EDGE('',*,*,#2900,.F.);
#1892=ORIENTED_EDGE('',*,*,#2901,.F.);
#1893=ORIENTED_EDGE('',*,*,#2902,.F.);
#1894=ORIENTED_EDGE('',*,*,#2903,.F.);
#1895=ORIENTED_EDGE('',*,*,#2904,.F.);
#1896=ORIENTED_EDGE('',*,*,#2905,.F.);
#1897=ORIENTED_EDGE('',*,*,#2906,.F.);
#1898=ORIENTED_EDGE('',*,*,#2907,.F.);
#1899=ORIENTED_EDGE('',*,*,#2908,.F.);
#1900=ORIENTED_EDGE('',*,*,#2909,.F.);
#1901=ORIENTED_EDGE('',*,*,#2910,.F.);
#1902=ORIENTED_EDGE('',*,*,#2911,.F.);
#1903=ORIENTED_EDGE('',*,*,#2912,.F.);
#1904=ORIENTED_EDGE('',*,*,#2913,.F.);
#1905=ORIENTED_EDGE('',*,*,#2914,.F.);
#1906=ORIENTED_EDGE('',*,*,#2915,.F.);
#1907=ORIENTED_EDGE('',*,*,#2916,.F.);
#1908=ORIENTED_EDGE('',*,*,#2917,.F.);
#1909=ORIENTED_EDGE('',*,*,#2918,.F.);
#1910=ORIENTED_EDGE('',*,*,#2919,.F.);
#1911=ORIENTED_EDGE('',*,*,#2920,.F.);
#1912=ORIENTED_EDGE('',*,*,#2921,.F.);
#1913=ORIENTED_EDGE('',*,*,#2863,.F.);
#1914=ORIENTED_EDGE('',*,*,#2922,.F.);
#1915=ORIENTED_EDGE('',*,*,#2923,.F.);
#1916=ORIENTED_EDGE('',*,*,#2924,.F.);
#1917=ORIENTED_EDGE('',*,*,#2925,.F.);
#1918=ORIENTED_EDGE('',*,*,#2926,.F.);
#1919=ORIENTED_EDGE('',*,*,#2927,.F.);
#1920=ORIENTED_EDGE('',*,*,#2928,.F.);
#1921=ORIENTED_EDGE('',*,*,#2929,.F.);
#1922=ORIENTED_EDGE('',*,*,#2930,.F.);
#1923=ORIENTED_EDGE('',*,*,#2931,.F.);
#1924=ORIENTED_EDGE('',*,*,#2932,.F.);
#1925=ORIENTED_EDGE('',*,*,#2933,.F.);
#1926=ORIENTED_EDGE('',*,*,#2934,.F.);
#1927=ORIENTED_EDGE('',*,*,#2935,.F.);
#1928=ORIENTED_EDGE('',*,*,#2936,.F.);
#1929=ORIENTED_EDGE('',*,*,#2937,.F.);
#1930=ORIENTED_EDGE('',*,*,#2938,.F.);
#1931=ORIENTED_EDGE('',*,*,#2939,.F.);
#1932=ORIENTED_EDGE('',*,*,#2940,.F.);
#1933=ORIENTED_EDGE('',*,*,#2941,.F.);
#1934=ORIENTED_EDGE('',*,*,#2942,.F.);
#1935=ORIENTED_EDGE('',*,*,#2943,.F.);
#1936=ORIENTED_EDGE('',*,*,#2944,.F.);
#1937=ORIENTED_EDGE('',*,*,#2945,.F.);
#1938=ORIENTED_EDGE('',*,*,#2946,.F.);
#1939=ORIENTED_EDGE('',*,*,#2947,.F.);
#1940=ORIENTED_EDGE('',*,*,#2948,.F.);
#1941=ORIENTED_EDGE('',*,*,#2949,.F.);
#1942=ORIENTED_EDGE('',*,*,#2950,.F.);
#1943=ORIENTED_EDGE('',*,*,#2951,.F.);
#1944=ORIENTED_EDGE('',*,*,#2952,.F.);
#1945=ORIENTED_EDGE('',*,*,#2953,.F.);
#1946=ORIENTED_EDGE('',*,*,#2954,.F.);
#1947=ORIENTED_EDGE('',*,*,#2955,.F.);
#1948=ORIENTED_EDGE('',*,*,#2956,.F.);
#1949=ORIENTED_EDGE('',*,*,#2957,.F.);
#1950=ORIENTED_EDGE('',*,*,#2958,.F.);
#1951=ORIENTED_EDGE('',*,*,#2959,.F.);
#1952=ORIENTED_EDGE('',*,*,#2960,.F.);
#1953=ORIENTED_EDGE('',*,*,#2961,.F.);
#1954=ORIENTED_EDGE('',*,*,#2962,.F.);
#1955=ORIENTED_EDGE('',*,*,#2963,.F.);
#1956=ORIENTED_EDGE('',*,*,#2964,.F.);
#1957=ORIENTED_EDGE('',*,*,#2965,.F.);
#1958=ORIENTED_EDGE('',*,*,#2966,.F.);
#1959=ORIENTED_EDGE('',*,*,#2967,.F.);
#1960=ORIENTED_EDGE('',*,*,#2968,.F.);
#1961=ORIENTED_EDGE('',*,*,#2969,.F.);
#1962=ORIENTED_EDGE('',*,*,#2970,.F.);
#1963=ORIENTED_EDGE('',*,*,#2971,.F.);
#1964=ORIENTED_EDGE('',*,*,#2476,.F.);
#1965=ORIENTED_EDGE('',*,*,#2972,.F.);
#1966=ORIENTED_EDGE('',*,*,#2866,.T.);
#1967=ORIENTED_EDGE('',*,*,#2973,.T.);
#1968=ORIENTED_EDGE('',*,*,#2477,.F.);
#1969=ORIENTED_EDGE('',*,*,#2973,.F.);
#1970=ORIENTED_EDGE('',*,*,#2865,.T.);
#1971=ORIENTED_EDGE('',*,*,#2974,.T.);
#1972=ORIENTED_EDGE('',*,*,#2478,.F.);
#1973=ORIENTED_EDGE('',*,*,#2974,.F.);
#1974=ORIENTED_EDGE('',*,*,#2971,.T.);
#1975=ORIENTED_EDGE('',*,*,#2975,.T.);
#1976=ORIENTED_EDGE('',*,*,#2479,.F.);
#1977=ORIENTED_EDGE('',*,*,#2975,.F.);
#1978=ORIENTED_EDGE('',*,*,#2970,.T.);
#1979=ORIENTED_EDGE('',*,*,#2976,.T.);
#1980=ORIENTED_EDGE('',*,*,#2480,.F.);
#1981=ORIENTED_EDGE('',*,*,#2976,.F.);
#1982=ORIENTED_EDGE('',*,*,#2969,.T.);
#1983=ORIENTED_EDGE('',*,*,#2977,.T.);
#1984=ORIENTED_EDGE('',*,*,#2481,.F.);
#1985=ORIENTED_EDGE('',*,*,#2977,.F.);
#1986=ORIENTED_EDGE('',*,*,#2968,.T.);
#1987=ORIENTED_EDGE('',*,*,#2978,.T.);
#1988=ORIENTED_EDGE('',*,*,#2482,.F.);
#1989=ORIENTED_EDGE('',*,*,#2978,.F.);
#1990=ORIENTED_EDGE('',*,*,#2967,.T.);
#1991=ORIENTED_EDGE('',*,*,#2979,.T.);
#1992=ORIENTED_EDGE('',*,*,#2483,.F.);
#1993=ORIENTED_EDGE('',*,*,#2979,.F.);
#1994=ORIENTED_EDGE('',*,*,#2966,.T.);
#1995=ORIENTED_EDGE('',*,*,#2980,.T.);
#1996=ORIENTED_EDGE('',*,*,#2484,.F.);
#1997=ORIENTED_EDGE('',*,*,#2980,.F.);
#1998=ORIENTED_EDGE('',*,*,#2965,.T.);
#1999=ORIENTED_EDGE('',*,*,#2981,.T.);
#2000=ORIENTED_EDGE('',*,*,#2485,.F.);
#2001=ORIENTED_EDGE('',*,*,#2981,.F.);
#2002=ORIENTED_EDGE('',*,*,#2964,.T.);
#2003=ORIENTED_EDGE('',*,*,#2982,.T.);
#2004=ORIENTED_EDGE('',*,*,#2486,.F.);
#2005=ORIENTED_EDGE('',*,*,#2982,.F.);
#2006=ORIENTED_EDGE('',*,*,#2963,.T.);
#2007=ORIENTED_EDGE('',*,*,#2983,.T.);
#2008=ORIENTED_EDGE('',*,*,#2487,.F.);
#2009=ORIENTED_EDGE('',*,*,#2983,.F.);
#2010=ORIENTED_EDGE('',*,*,#2962,.T.);
#2011=ORIENTED_EDGE('',*,*,#2984,.T.);
#2012=ORIENTED_EDGE('',*,*,#2488,.F.);
#2013=ORIENTED_EDGE('',*,*,#2984,.F.);
#2014=ORIENTED_EDGE('',*,*,#2961,.T.);
#2015=ORIENTED_EDGE('',*,*,#2985,.T.);
#2016=ORIENTED_EDGE('',*,*,#2489,.F.);
#2017=ORIENTED_EDGE('',*,*,#2985,.F.);
#2018=ORIENTED_EDGE('',*,*,#2960,.T.);
#2019=ORIENTED_EDGE('',*,*,#2986,.T.);
#2020=ORIENTED_EDGE('',*,*,#2490,.F.);
#2021=ORIENTED_EDGE('',*,*,#2986,.F.);
#2022=ORIENTED_EDGE('',*,*,#2959,.T.);
#2023=ORIENTED_EDGE('',*,*,#2987,.T.);
#2024=ORIENTED_EDGE('',*,*,#2491,.F.);
#2025=ORIENTED_EDGE('',*,*,#2987,.F.);
#2026=ORIENTED_EDGE('',*,*,#2958,.T.);
#2027=ORIENTED_EDGE('',*,*,#2988,.T.);
#2028=ORIENTED_EDGE('',*,*,#2492,.F.);
#2029=ORIENTED_EDGE('',*,*,#2988,.F.);
#2030=ORIENTED_EDGE('',*,*,#2957,.T.);
#2031=ORIENTED_EDGE('',*,*,#2989,.T.);
#2032=ORIENTED_EDGE('',*,*,#2493,.F.);
#2033=ORIENTED_EDGE('',*,*,#2989,.F.);
#2034=ORIENTED_EDGE('',*,*,#2956,.T.);
#2035=ORIENTED_EDGE('',*,*,#2990,.T.);
#2036=ORIENTED_EDGE('',*,*,#2494,.F.);
#2037=ORIENTED_EDGE('',*,*,#2990,.F.);
#2038=ORIENTED_EDGE('',*,*,#2955,.T.);
#2039=ORIENTED_EDGE('',*,*,#2991,.T.);
#2040=ORIENTED_EDGE('',*,*,#2495,.F.);
#2041=ORIENTED_EDGE('',*,*,#2991,.F.);
#2042=ORIENTED_EDGE('',*,*,#2954,.T.);
#2043=ORIENTED_EDGE('',*,*,#2992,.T.);
#2044=ORIENTED_EDGE('',*,*,#2496,.F.);
#2045=ORIENTED_EDGE('',*,*,#2992,.F.);
#2046=ORIENTED_EDGE('',*,*,#2953,.T.);
#2047=ORIENTED_EDGE('',*,*,#2993,.T.);
#2048=ORIENTED_EDGE('',*,*,#2497,.F.);
#2049=ORIENTED_EDGE('',*,*,#2993,.F.);
#2050=ORIENTED_EDGE('',*,*,#2952,.T.);
#2051=ORIENTED_EDGE('',*,*,#2994,.T.);
#2052=ORIENTED_EDGE('',*,*,#2498,.F.);
#2053=ORIENTED_EDGE('',*,*,#2994,.F.);
#2054=ORIENTED_EDGE('',*,*,#2951,.T.);
#2055=ORIENTED_EDGE('',*,*,#2995,.T.);
#2056=ORIENTED_EDGE('',*,*,#2499,.F.);
#2057=ORIENTED_EDGE('',*,*,#2995,.F.);
#2058=ORIENTED_EDGE('',*,*,#2950,.T.);
#2059=ORIENTED_EDGE('',*,*,#2996,.T.);
#2060=ORIENTED_EDGE('',*,*,#2500,.F.);
#2061=ORIENTED_EDGE('',*,*,#2996,.F.);
#2062=ORIENTED_EDGE('',*,*,#2949,.T.);
#2063=ORIENTED_EDGE('',*,*,#2997,.T.);
#2064=ORIENTED_EDGE('',*,*,#2501,.F.);
#2065=ORIENTED_EDGE('',*,*,#2997,.F.);
#2066=ORIENTED_EDGE('',*,*,#2948,.T.);
#2067=ORIENTED_EDGE('',*,*,#2998,.T.);
#2068=ORIENTED_EDGE('',*,*,#2502,.F.);
#2069=ORIENTED_EDGE('',*,*,#2998,.F.);
#2070=ORIENTED_EDGE('',*,*,#2947,.T.);
#2071=ORIENTED_EDGE('',*,*,#2999,.T.);
#2072=ORIENTED_EDGE('',*,*,#2503,.F.);
#2073=ORIENTED_EDGE('',*,*,#2999,.F.);
#2074=ORIENTED_EDGE('',*,*,#2946,.T.);
#2075=ORIENTED_EDGE('',*,*,#3000,.T.);
#2076=ORIENTED_EDGE('',*,*,#2504,.F.);
#2077=ORIENTED_EDGE('',*,*,#3000,.F.);
#2078=ORIENTED_EDGE('',*,*,#2945,.T.);
#2079=ORIENTED_EDGE('',*,*,#3001,.T.);
#2080=ORIENTED_EDGE('',*,*,#2505,.F.);
#2081=ORIENTED_EDGE('',*,*,#3001,.F.);
#2082=ORIENTED_EDGE('',*,*,#2944,.T.);
#2083=ORIENTED_EDGE('',*,*,#3002,.T.);
#2084=ORIENTED_EDGE('',*,*,#2506,.F.);
#2085=ORIENTED_EDGE('',*,*,#3002,.F.);
#2086=ORIENTED_EDGE('',*,*,#2943,.T.);
#2087=ORIENTED_EDGE('',*,*,#3003,.T.);
#2088=ORIENTED_EDGE('',*,*,#2507,.F.);
#2089=ORIENTED_EDGE('',*,*,#3003,.F.);
#2090=ORIENTED_EDGE('',*,*,#2942,.T.);
#2091=ORIENTED_EDGE('',*,*,#3004,.T.);
#2092=ORIENTED_EDGE('',*,*,#2508,.F.);
#2093=ORIENTED_EDGE('',*,*,#3004,.F.);
#2094=ORIENTED_EDGE('',*,*,#2941,.T.);
#2095=ORIENTED_EDGE('',*,*,#3005,.T.);
#2096=ORIENTED_EDGE('',*,*,#2509,.F.);
#2097=ORIENTED_EDGE('',*,*,#3005,.F.);
#2098=ORIENTED_EDGE('',*,*,#2940,.T.);
#2099=ORIENTED_EDGE('',*,*,#3006,.T.);
#2100=ORIENTED_EDGE('',*,*,#2510,.F.);
#2101=ORIENTED_EDGE('',*,*,#3006,.F.);
#2102=ORIENTED_EDGE('',*,*,#2939,.T.);
#2103=ORIENTED_EDGE('',*,*,#3007,.T.);
#2104=ORIENTED_EDGE('',*,*,#2511,.F.);
#2105=ORIENTED_EDGE('',*,*,#3007,.F.);
#2106=ORIENTED_EDGE('',*,*,#2938,.T.);
#2107=ORIENTED_EDGE('',*,*,#3008,.T.);
#2108=ORIENTED_EDGE('',*,*,#2512,.F.);
#2109=ORIENTED_EDGE('',*,*,#3008,.F.);
#2110=ORIENTED_EDGE('',*,*,#2937,.T.);
#2111=ORIENTED_EDGE('',*,*,#3009,.T.);
#2112=ORIENTED_EDGE('',*,*,#2513,.F.);
#2113=ORIENTED_EDGE('',*,*,#3009,.F.);
#2114=ORIENTED_EDGE('',*,*,#2936,.T.);
#2115=ORIENTED_EDGE('',*,*,#3010,.T.);
#2116=ORIENTED_EDGE('',*,*,#2514,.F.);
#2117=ORIENTED_EDGE('',*,*,#3010,.F.);
#2118=ORIENTED_EDGE('',*,*,#2935,.T.);
#2119=ORIENTED_EDGE('',*,*,#3011,.T.);
#2120=ORIENTED_EDGE('',*,*,#2515,.F.);
#2121=ORIENTED_EDGE('',*,*,#3011,.F.);
#2122=ORIENTED_EDGE('',*,*,#2934,.T.);
#2123=ORIENTED_EDGE('',*,*,#3012,.T.);
#2124=ORIENTED_EDGE('',*,*,#2516,.F.);
#2125=ORIENTED_EDGE('',*,*,#3012,.F.);
#2126=ORIENTED_EDGE('',*,*,#2933,.T.);
#2127=ORIENTED_EDGE('',*,*,#3013,.T.);
#2128=ORIENTED_EDGE('',*,*,#2517,.F.);
#2129=ORIENTED_EDGE('',*,*,#3013,.F.);
#2130=ORIENTED_EDGE('',*,*,#2932,.T.);
#2131=ORIENTED_EDGE('',*,*,#3014,.T.);
#2132=ORIENTED_EDGE('',*,*,#2518,.F.);
#2133=ORIENTED_EDGE('',*,*,#3014,.F.);
#2134=ORIENTED_EDGE('',*,*,#2931,.T.);
#2135=ORIENTED_EDGE('',*,*,#3015,.T.);
#2136=ORIENTED_EDGE('',*,*,#2519,.F.);
#2137=ORIENTED_EDGE('',*,*,#3015,.F.);
#2138=ORIENTED_EDGE('',*,*,#2930,.T.);
#2139=ORIENTED_EDGE('',*,*,#3016,.T.);
#2140=ORIENTED_EDGE('',*,*,#2520,.F.);
#2141=ORIENTED_EDGE('',*,*,#3016,.F.);
#2142=ORIENTED_EDGE('',*,*,#2929,.T.);
#2143=ORIENTED_EDGE('',*,*,#3017,.T.);
#2144=ORIENTED_EDGE('',*,*,#2521,.F.);
#2145=ORIENTED_EDGE('',*,*,#3017,.F.);
#2146=ORIENTED_EDGE('',*,*,#2928,.T.);
#2147=ORIENTED_EDGE('',*,*,#3018,.T.);
#2148=ORIENTED_EDGE('',*,*,#2522,.F.);
#2149=ORIENTED_EDGE('',*,*,#3018,.F.);
#2150=ORIENTED_EDGE('',*,*,#2927,.T.);
#2151=ORIENTED_EDGE('',*,*,#3019,.T.);
#2152=ORIENTED_EDGE('',*,*,#2523,.F.);
#2153=ORIENTED_EDGE('',*,*,#3019,.F.);
#2154=ORIENTED_EDGE('',*,*,#2926,.T.);
#2155=ORIENTED_EDGE('',*,*,#3020,.T.);
#2156=ORIENTED_EDGE('',*,*,#2524,.F.);
#2157=ORIENTED_EDGE('',*,*,#3020,.F.);
#2158=ORIENTED_EDGE('',*,*,#2925,.T.);
#2159=ORIENTED_EDGE('',*,*,#3021,.T.);
#2160=ORIENTED_EDGE('',*,*,#2525,.F.);
#2161=ORIENTED_EDGE('',*,*,#3021,.F.);
#2162=ORIENTED_EDGE('',*,*,#2924,.T.);
#2163=ORIENTED_EDGE('',*,*,#3022,.T.);
#2164=ORIENTED_EDGE('',*,*,#2526,.F.);
#2165=ORIENTED_EDGE('',*,*,#3022,.F.);
#2166=ORIENTED_EDGE('',*,*,#2923,.T.);
#2167=ORIENTED_EDGE('',*,*,#3023,.T.);
#2168=ORIENTED_EDGE('',*,*,#2527,.F.);
#2169=ORIENTED_EDGE('',*,*,#3023,.F.);
#2170=ORIENTED_EDGE('',*,*,#2922,.T.);
#2171=ORIENTED_EDGE('',*,*,#2862,.T.);
#2172=ORIENTED_EDGE('',*,*,#3024,.F.);
#2173=ORIENTED_EDGE('',*,*,#3025,.T.);
#2174=ORIENTED_EDGE('',*,*,#2864,.F.);
#2175=ORIENTED_EDGE('',*,*,#2921,.T.);
#2176=ORIENTED_EDGE('',*,*,#3026,.T.);
#2177=ORIENTED_EDGE('',*,*,#2421,.F.);
#2178=ORIENTED_EDGE('',*,*,#2422,.F.);
#2179=ORIENTED_EDGE('',*,*,#3026,.F.);
#2180=ORIENTED_EDGE('',*,*,#2920,.T.);
#2181=ORIENTED_EDGE('',*,*,#3027,.T.);
#2182=ORIENTED_EDGE('',*,*,#2423,.F.);
#2183=ORIENTED_EDGE('',*,*,#3027,.F.);
#2184=ORIENTED_EDGE('',*,*,#2919,.T.);
#2185=ORIENTED_EDGE('',*,*,#3028,.T.);
#2186=ORIENTED_EDGE('',*,*,#2424,.F.);
#2187=ORIENTED_EDGE('',*,*,#3028,.F.);
#2188=ORIENTED_EDGE('',*,*,#2918,.T.);
#2189=ORIENTED_EDGE('',*,*,#3029,.T.);
#2190=ORIENTED_EDGE('',*,*,#2425,.F.);
#2191=ORIENTED_EDGE('',*,*,#3029,.F.);
#2192=ORIENTED_EDGE('',*,*,#2917,.T.);
#2193=ORIENTED_EDGE('',*,*,#3030,.T.);
#2194=ORIENTED_EDGE('',*,*,#2426,.F.);
#2195=ORIENTED_EDGE('',*,*,#3030,.F.);
#2196=ORIENTED_EDGE('',*,*,#2916,.T.);
#2197=ORIENTED_EDGE('',*,*,#3031,.T.);
#2198=ORIENTED_EDGE('',*,*,#2427,.F.);
#2199=ORIENTED_EDGE('',*,*,#3031,.F.);
#2200=ORIENTED_EDGE('',*,*,#2915,.T.);
#2201=ORIENTED_EDGE('',*,*,#3032,.T.);
#2202=ORIENTED_EDGE('',*,*,#2428,.F.);
#2203=ORIENTED_EDGE('',*,*,#3032,.F.);
#2204=ORIENTED_EDGE('',*,*,#2914,.T.);
#2205=ORIENTED_EDGE('',*,*,#3033,.T.);
#2206=ORIENTED_EDGE('',*,*,#2429,.F.);
#2207=ORIENTED_EDGE('',*,*,#3033,.F.);
#2208=ORIENTED_EDGE('',*,*,#2913,.T.);
#2209=ORIENTED_EDGE('',*,*,#3034,.T.);
#2210=ORIENTED_EDGE('',*,*,#2430,.F.);
#2211=ORIENTED_EDGE('',*,*,#3034,.F.);
#2212=ORIENTED_EDGE('',*,*,#2912,.T.);
#2213=ORIENTED_EDGE('',*,*,#3035,.T.);
#2214=ORIENTED_EDGE('',*,*,#2431,.F.);
#2215=ORIENTED_EDGE('',*,*,#3035,.F.);
#2216=ORIENTED_EDGE('',*,*,#2911,.T.);
#2217=ORIENTED_EDGE('',*,*,#3036,.T.);
#2218=ORIENTED_EDGE('',*,*,#2432,.F.);
#2219=ORIENTED_EDGE('',*,*,#3036,.F.);
#2220=ORIENTED_EDGE('',*,*,#2910,.T.);
#2221=ORIENTED_EDGE('',*,*,#3037,.T.);
#2222=ORIENTED_EDGE('',*,*,#2433,.F.);
#2223=ORIENTED_EDGE('',*,*,#3037,.F.);
#2224=ORIENTED_EDGE('',*,*,#2909,.T.);
#2225=ORIENTED_EDGE('',*,*,#3038,.T.);
#2226=ORIENTED_EDGE('',*,*,#2434,.F.);
#2227=ORIENTED_EDGE('',*,*,#3038,.F.);
#2228=ORIENTED_EDGE('',*,*,#2908,.T.);
#2229=ORIENTED_EDGE('',*,*,#3039,.T.);
#2230=ORIENTED_EDGE('',*,*,#2435,.F.);
#2231=ORIENTED_EDGE('',*,*,#3039,.F.);
#2232=ORIENTED_EDGE('',*,*,#2907,.T.);
#2233=ORIENTED_EDGE('',*,*,#3040,.T.);
#2234=ORIENTED_EDGE('',*,*,#2436,.F.);
#2235=ORIENTED_EDGE('',*,*,#3040,.F.);
#2236=ORIENTED_EDGE('',*,*,#2906,.T.);
#2237=ORIENTED_EDGE('',*,*,#3041,.T.);
#2238=ORIENTED_EDGE('',*,*,#2437,.F.);
#2239=ORIENTED_EDGE('',*,*,#3041,.F.);
#2240=ORIENTED_EDGE('',*,*,#2905,.T.);
#2241=ORIENTED_EDGE('',*,*,#3042,.T.);
#2242=ORIENTED_EDGE('',*,*,#2438,.F.);
#2243=ORIENTED_EDGE('',*,*,#3042,.F.);
#2244=ORIENTED_EDGE('',*,*,#2904,.T.);
#2245=ORIENTED_EDGE('',*,*,#3043,.T.);
#2246=ORIENTED_EDGE('',*,*,#2439,.F.);
#2247=ORIENTED_EDGE('',*,*,#3043,.F.);
#2248=ORIENTED_EDGE('',*,*,#2903,.T.);
#2249=ORIENTED_EDGE('',*,*,#3044,.T.);
#2250=ORIENTED_EDGE('',*,*,#2440,.F.);
#2251=ORIENTED_EDGE('',*,*,#3044,.F.);
#2252=ORIENTED_EDGE('',*,*,#2902,.T.);
#2253=ORIENTED_EDGE('',*,*,#3045,.T.);
#2254=ORIENTED_EDGE('',*,*,#2441,.F.);
#2255=ORIENTED_EDGE('',*,*,#3045,.F.);
#2256=ORIENTED_EDGE('',*,*,#2901,.T.);
#2257=ORIENTED_EDGE('',*,*,#3046,.T.);
#2258=ORIENTED_EDGE('',*,*,#2442,.F.);
#2259=ORIENTED_EDGE('',*,*,#3046,.F.);
#2260=ORIENTED_EDGE('',*,*,#2900,.T.);
#2261=ORIENTED_EDGE('',*,*,#3047,.T.);
#2262=ORIENTED_EDGE('',*,*,#2443,.F.);
#2263=ORIENTED_EDGE('',*,*,#3047,.F.);
#2264=ORIENTED_EDGE('',*,*,#2899,.T.);
#2265=ORIENTED_EDGE('',*,*,#3048,.T.);
#2266=ORIENTED_EDGE('',*,*,#2444,.F.);
#2267=ORIENTED_EDGE('',*,*,#3048,.F.);
#2268=ORIENTED_EDGE('',*,*,#2898,.T.);
#2269=ORIENTED_EDGE('',*,*,#3049,.T.);
#2270=ORIENTED_EDGE('',*,*,#2445,.F.);
#2271=ORIENTED_EDGE('',*,*,#3049,.F.);
#2272=ORIENTED_EDGE('',*,*,#2897,.T.);
#2273=ORIENTED_EDGE('',*,*,#3050,.T.);
#2274=ORIENTED_EDGE('',*,*,#2446,.F.);
#2275=ORIENTED_EDGE('',*,*,#3050,.F.);
#2276=ORIENTED_EDGE('',*,*,#2896,.T.);
#2277=ORIENTED_EDGE('',*,*,#3051,.T.);
#2278=ORIENTED_EDGE('',*,*,#2447,.F.);
#2279=ORIENTED_EDGE('',*,*,#3051,.F.);
#2280=ORIENTED_EDGE('',*,*,#2895,.T.);
#2281=ORIENTED_EDGE('',*,*,#3052,.T.);
#2282=ORIENTED_EDGE('',*,*,#2448,.F.);
#2283=ORIENTED_EDGE('',*,*,#3052,.F.);
#2284=ORIENTED_EDGE('',*,*,#2894,.T.);
#2285=ORIENTED_EDGE('',*,*,#3053,.T.);
#2286=ORIENTED_EDGE('',*,*,#2449,.F.);
#2287=ORIENTED_EDGE('',*,*,#3053,.F.);
#2288=ORIENTED_EDGE('',*,*,#2893,.T.);
#2289=ORIENTED_EDGE('',*,*,#3054,.T.);
#2290=ORIENTED_EDGE('',*,*,#2450,.F.);
#2291=ORIENTED_EDGE('',*,*,#3054,.F.);
#2292=ORIENTED_EDGE('',*,*,#2892,.T.);
#2293=ORIENTED_EDGE('',*,*,#3055,.T.);
#2294=ORIENTED_EDGE('',*,*,#2451,.F.);
#2295=ORIENTED_EDGE('',*,*,#3055,.F.);
#2296=ORIENTED_EDGE('',*,*,#2891,.T.);
#2297=ORIENTED_EDGE('',*,*,#3056,.T.);
#2298=ORIENTED_EDGE('',*,*,#2452,.F.);
#2299=ORIENTED_EDGE('',*,*,#3056,.F.);
#2300=ORIENTED_EDGE('',*,*,#2890,.T.);
#2301=ORIENTED_EDGE('',*,*,#3057,.T.);
#2302=ORIENTED_EDGE('',*,*,#2453,.F.);
#2303=ORIENTED_EDGE('',*,*,#3057,.F.);
#2304=ORIENTED_EDGE('',*,*,#2889,.T.);
#2305=ORIENTED_EDGE('',*,*,#3058,.T.);
#2306=ORIENTED_EDGE('',*,*,#2454,.F.);
#2307=ORIENTED_EDGE('',*,*,#3058,.F.);
#2308=ORIENTED_EDGE('',*,*,#2888,.T.);
#2309=ORIENTED_EDGE('',*,*,#3059,.T.);
#2310=ORIENTED_EDGE('',*,*,#2455,.F.);
#2311=ORIENTED_EDGE('',*,*,#3059,.F.);
#2312=ORIENTED_EDGE('',*,*,#2887,.T.);
#2313=ORIENTED_EDGE('',*,*,#3060,.T.);
#2314=ORIENTED_EDGE('',*,*,#2456,.F.);
#2315=ORIENTED_EDGE('',*,*,#3060,.F.);
#2316=ORIENTED_EDGE('',*,*,#2886,.T.);
#2317=ORIENTED_EDGE('',*,*,#3061,.T.);
#2318=ORIENTED_EDGE('',*,*,#2457,.F.);
#2319=ORIENTED_EDGE('',*,*,#3061,.F.);
#2320=ORIENTED_EDGE('',*,*,#2885,.T.);
#2321=ORIENTED_EDGE('',*,*,#3062,.T.);
#2322=ORIENTED_EDGE('',*,*,#2458,.F.);
#2323=ORIENTED_EDGE('',*,*,#3062,.F.);
#2324=ORIENTED_EDGE('',*,*,#2884,.T.);
#2325=ORIENTED_EDGE('',*,*,#3063,.T.);
#2326=ORIENTED_EDGE('',*,*,#2459,.F.);
#2327=ORIENTED_EDGE('',*,*,#3063,.F.);
#2328=ORIENTED_EDGE('',*,*,#2883,.T.);
#2329=ORIENTED_EDGE('',*,*,#3064,.T.);
#2330=ORIENTED_EDGE('',*,*,#2460,.F.);
#2331=ORIENTED_EDGE('',*,*,#3064,.F.);
#2332=ORIENTED_EDGE('',*,*,#2882,.T.);
#2333=ORIENTED_EDGE('',*,*,#3065,.T.);
#2334=ORIENTED_EDGE('',*,*,#2461,.F.);
#2335=ORIENTED_EDGE('',*,*,#3065,.F.);
#2336=ORIENTED_EDGE('',*,*,#2881,.T.);
#2337=ORIENTED_EDGE('',*,*,#3066,.T.);
#2338=ORIENTED_EDGE('',*,*,#2462,.F.);
#2339=ORIENTED_EDGE('',*,*,#3066,.F.);
#2340=ORIENTED_EDGE('',*,*,#2880,.T.);
#2341=ORIENTED_EDGE('',*,*,#3067,.T.);
#2342=ORIENTED_EDGE('',*,*,#2463,.F.);
#2343=ORIENTED_EDGE('',*,*,#3067,.F.);
#2344=ORIENTED_EDGE('',*,*,#2879,.T.);
#2345=ORIENTED_EDGE('',*,*,#3068,.T.);
#2346=ORIENTED_EDGE('',*,*,#2464,.F.);
#2347=ORIENTED_EDGE('',*,*,#3068,.F.);
#2348=ORIENTED_EDGE('',*,*,#2878,.T.);
#2349=ORIENTED_EDGE('',*,*,#3069,.T.);
#2350=ORIENTED_EDGE('',*,*,#2465,.F.);
#2351=ORIENTED_EDGE('',*,*,#3069,.F.);
#2352=ORIENTED_EDGE('',*,*,#2877,.T.);
#2353=ORIENTED_EDGE('',*,*,#3070,.T.);
#2354=ORIENTED_EDGE('',*,*,#2466,.F.);
#2355=ORIENTED_EDGE('',*,*,#3070,.F.);
#2356=ORIENTED_EDGE('',*,*,#2876,.T.);
#2357=ORIENTED_EDGE('',*,*,#3071,.T.);
#2358=ORIENTED_EDGE('',*,*,#2467,.F.);
#2359=ORIENTED_EDGE('',*,*,#3071,.F.);
#2360=ORIENTED_EDGE('',*,*,#2875,.T.);
#2361=ORIENTED_EDGE('',*,*,#3072,.T.);
#2362=ORIENTED_EDGE('',*,*,#2468,.F.);
#2363=ORIENTED_EDGE('',*,*,#3072,.F.);
#2364=ORIENTED_EDGE('',*,*,#2874,.T.);
#2365=ORIENTED_EDGE('',*,*,#3073,.T.);
#2366=ORIENTED_EDGE('',*,*,#2469,.F.);
#2367=ORIENTED_EDGE('',*,*,#3073,.F.);
#2368=ORIENTED_EDGE('',*,*,#2873,.T.);
#2369=ORIENTED_EDGE('',*,*,#3074,.T.);
#2370=ORIENTED_EDGE('',*,*,#2470,.F.);
#2371=ORIENTED_EDGE('',*,*,#3074,.F.);
#2372=ORIENTED_EDGE('',*,*,#2872,.T.);
#2373=ORIENTED_EDGE('',*,*,#3075,.T.);
#2374=ORIENTED_EDGE('',*,*,#2471,.F.);
#2375=ORIENTED_EDGE('',*,*,#3075,.F.);
#2376=ORIENTED_EDGE('',*,*,#2871,.T.);
#2377=ORIENTED_EDGE('',*,*,#3076,.T.);
#2378=ORIENTED_EDGE('',*,*,#2472,.F.);
#2379=ORIENTED_EDGE('',*,*,#3076,.F.);
#2380=ORIENTED_EDGE('',*,*,#2870,.T.);
#2381=ORIENTED_EDGE('',*,*,#3077,.T.);
#2382=ORIENTED_EDGE('',*,*,#2473,.F.);
#2383=ORIENTED_EDGE('',*,*,#3077,.F.);
#2384=ORIENTED_EDGE('',*,*,#2869,.T.);
#2385=ORIENTED_EDGE('',*,*,#3078,.T.);
#2386=ORIENTED_EDGE('',*,*,#2474,.F.);
#2387=ORIENTED_EDGE('',*,*,#3078,.F.);
#2388=ORIENTED_EDGE('',*,*,#2868,.T.);
#2389=ORIENTED_EDGE('',*,*,#3079,.T.);
#2390=ORIENTED_EDGE('',*,*,#2475,.F.);
#2391=ORIENTED_EDGE('',*,*,#3079,.F.);
#2392=ORIENTED_EDGE('',*,*,#2867,.T.);
#2393=ORIENTED_EDGE('',*,*,#2972,.T.);
#2394=ORIENTED_EDGE('',*,*,#3080,.T.);
#2395=ORIENTED_EDGE('',*,*,#2778,.F.);
#2396=ORIENTED_EDGE('',*,*,#2417,.F.);
#2397=ORIENTED_EDGE('',*,*,#2861,.F.);
#2398=ORIENTED_EDGE('',*,*,#3024,.T.);
#2399=ORIENTED_EDGE('',*,*,#2420,.T.);
#2400=ORIENTED_EDGE('',*,*,#2788,.T.);
#2401=ORIENTED_EDGE('',*,*,#3081,.F.);
#2402=ORIENTED_EDGE('',*,*,#3025,.F.);
#2403=ORIENTED_EDGE('',*,*,#3081,.T.);
#2404=ORIENTED_EDGE('',*,*,#2787,.F.);
#2405=ORIENTED_EDGE('',*,*,#2779,.F.);
#2406=ORIENTED_EDGE('',*,*,#3080,.F.);
#2407=ORIENTED_EDGE('',*,*,#2860,.F.);
#2408=EDGE_CURVE('',#3082,#3082,#3542,.T.);
#2409=EDGE_CURVE('',#3083,#3083,#3543,.T.);
#2410=EDGE_CURVE('',#3084,#3084,#3544,.T.);
#2411=EDGE_CURVE('',#3085,#3085,#3545,.T.);
#2412=EDGE_CURVE('',#3086,#3086,#3546,.T.);
#2413=EDGE_CURVE('',#3087,#3087,#3547,.T.);
#2414=EDGE_CURVE('',#3088,#3088,#3548,.T.);
#2415=EDGE_CURVE('',#3089,#3089,#3549,.T.);
#2416=EDGE_CURVE('',#3090,#3091,#112,.T.);
#2417=EDGE_CURVE('',#3091,#3092,#113,.T.);
#2418=EDGE_CURVE('',#3092,#3093,#114,.T.);
#2419=EDGE_CURVE('',#3093,#3094,#115,.T.);
#2420=EDGE_CURVE('',#3095,#3094,#116,.T.);
#2421=EDGE_CURVE('',#3095,#3096,#117,.T.);
#2422=EDGE_CURVE('',#3096,#3097,#3550,.T.);
#2423=EDGE_CURVE('',#3097,#3098,#118,.T.);
#2424=EDGE_CURVE('',#3098,#3099,#119,.T.);
#2425=EDGE_CURVE('',#3099,#3100,#120,.T.);
#2426=EDGE_CURVE('',#3100,#3101,#3551,.T.);
#2427=EDGE_CURVE('',#3101,#3102,#121,.T.);
#2428=EDGE_CURVE('',#3102,#3103,#3552,.T.);
#2429=EDGE_CURVE('',#3103,#3104,#122,.T.);
#2430=EDGE_CURVE('',#3104,#3105,#3553,.T.);
#2431=EDGE_CURVE('',#3105,#3106,#123,.T.);
#2432=EDGE_CURVE('',#3106,#3107,#3554,.T.);
#2433=EDGE_CURVE('',#3107,#3108,#124,.T.);
#2434=EDGE_CURVE('',#3108,#3109,#125,.T.);
#2435=EDGE_CURVE('',#3109,#3110,#3555,.T.);
#2436=EDGE_CURVE('',#3110,#3111,#126,.T.);
#2437=EDGE_CURVE('',#3111,#3112,#3556,.T.);
#2438=EDGE_CURVE('',#3112,#3113,#127,.T.);
#2439=EDGE_CURVE('',#3113,#3114,#3557,.T.);
#2440=EDGE_CURVE('',#3114,#3115,#128,.T.);
#2441=EDGE_CURVE('',#3115,#3116,#3558,.T.);
#2442=EDGE_CURVE('',#3116,#3117,#129,.T.);
#2443=EDGE_CURVE('',#3117,#3118,#3559,.T.);
#2444=EDGE_CURVE('',#3118,#3119,#130,.T.);
#2445=EDGE_CURVE('',#3119,#3120,#3560,.T.);
#2446=EDGE_CURVE('',#3120,#3121,#131,.T.);
#2447=EDGE_CURVE('',#3121,#3122,#3561,.T.);
#2448=EDGE_CURVE('',#3122,#3123,#132,.T.);
#2449=EDGE_CURVE('',#3123,#3124,#3562,.T.);
#2450=EDGE_CURVE('',#3124,#3125,#133,.T.);
#2451=EDGE_CURVE('',#3125,#3126,#134,.T.);
#2452=EDGE_CURVE('',#3126,#3127,#3563,.T.);
#2453=EDGE_CURVE('',#3127,#3128,#135,.T.);
#2454=EDGE_CURVE('',#3128,#3129,#3564,.T.);
#2455=EDGE_CURVE('',#3129,#3130,#136,.T.);
#2456=EDGE_CURVE('',#3130,#3131,#137,.T.);
#2457=EDGE_CURVE('',#3131,#3132,#138,.T.);
#2458=EDGE_CURVE('',#3132,#3133,#139,.T.);
#2459=EDGE_CURVE('',#3133,#3134,#140,.T.);
#2460=EDGE_CURVE('',#3134,#3135,#3565,.T.);
#2461=EDGE_CURVE('',#3135,#3136,#141,.T.);
#2462=EDGE_CURVE('',#3136,#3137,#3566,.T.);
#2463=EDGE_CURVE('',#3137,#3138,#142,.T.);
#2464=EDGE_CURVE('',#3138,#3139,#143,.T.);
#2465=EDGE_CURVE('',#3139,#3140,#3567,.T.);
#2466=EDGE_CURVE('',#3140,#3141,#144,.T.);
#2467=EDGE_CURVE('',#3141,#3142,#3568,.T.);
#2468=EDGE_CURVE('',#3142,#3143,#145,.T.);
#2469=EDGE_CURVE('',#3143,#3144,#146,.T.);
#2470=EDGE_CURVE('',#3144,#3145,#3569,.T.);
#2471=EDGE_CURVE('',#3145,#3146,#147,.T.);
#2472=EDGE_CURVE('',#3146,#3147,#3570,.T.);
#2473=EDGE_CURVE('',#3147,#3148,#148,.T.);
#2474=EDGE_CURVE('',#3148,#3149,#149,.T.);
#2475=EDGE_CURVE('',#3149,#3150,#150,.T.);
#2476=EDGE_CURVE('',#3150,#3151,#151,.T.);
#2477=EDGE_CURVE('',#3151,#3152,#3571,.T.);
#2478=EDGE_CURVE('',#3152,#3153,#152,.T.);
#2479=EDGE_CURVE('',#3153,#3154,#3572,.T.);
#2480=EDGE_CURVE('',#3154,#3155,#153,.T.);
#2481=EDGE_CURVE('',#3155,#3156,#154,.T.);
#2482=EDGE_CURVE('',#3156,#3157,#3573,.T.);
#2483=EDGE_CURVE('',#3157,#3158,#155,.T.);
#2484=EDGE_CURVE('',#3158,#3159,#3574,.T.);
#2485=EDGE_CURVE('',#3159,#3160,#156,.T.);
#2486=EDGE_CURVE('',#3160,#3161,#157,.T.);
#2487=EDGE_CURVE('',#3161,#3162,#3575,.T.);
#2488=EDGE_CURVE('',#3162,#3163,#158,.T.);
#2489=EDGE_CURVE('',#3163,#3164,#3576,.T.);
#2490=EDGE_CURVE('',#3164,#3165,#159,.T.);
#2491=EDGE_CURVE('',#3165,#3166,#160,.T.);
#2492=EDGE_CURVE('',#3166,#3167,#161,.T.);
#2493=EDGE_CURVE('',#3167,#3168,#162,.T.);
#2494=EDGE_CURVE('',#3168,#3169,#163,.T.);
#2495=EDGE_CURVE('',#3169,#3170,#164,.T.);
#2496=EDGE_CURVE('',#3170,#3171,#3577,.T.);
#2497=EDGE_CURVE('',#3171,#3172,#165,.T.);
#2498=EDGE_CURVE('',#3172,#3173,#3578,.T.);
#2499=EDGE_CURVE('',#3173,#3174,#166,.T.);
#2500=EDGE_CURVE('',#3174,#3175,#167,.T.);
#2501=EDGE_CURVE('',#3175,#3176,#3579,.T.);
#2502=EDGE_CURVE('',#3176,#3177,#168,.T.);
#2503=EDGE_CURVE('',#3177,#3178,#3580,.T.);
#2504=EDGE_CURVE('',#3178,#3179,#169,.T.);
#2505=EDGE_CURVE('',#3179,#3180,#3581,.T.);
#2506=EDGE_CURVE('',#3180,#3181,#170,.T.);
#2507=EDGE_CURVE('',#3181,#3182,#3582,.T.);
#2508=EDGE_CURVE('',#3182,#3183,#171,.T.);
#2509=EDGE_CURVE('',#3183,#3184,#3583,.T.);
#2510=EDGE_CURVE('',#3184,#3185,#172,.T.);
#2511=EDGE_CURVE('',#3185,#3186,#3584,.T.);
#2512=EDGE_CURVE('',#3186,#3187,#173,.T.);
#2513=EDGE_CURVE('',#3187,#3188,#3585,.T.);
#2514=EDGE_CURVE('',#3188,#3189,#174,.T.);
#2515=EDGE_CURVE('',#3189,#3190,#3586,.T.);
#2516=EDGE_CURVE('',#3190,#3191,#175,.T.);
#2517=EDGE_CURVE('',#3191,#3192,#3587,.T.);
#2518=EDGE_CURVE('',#3192,#3193,#176,.T.);
#2519=EDGE_CURVE('',#3193,#3194,#3588,.T.);
#2520=EDGE_CURVE('',#3194,#3195,#177,.T.);
#2521=EDGE_CURVE('',#3195,#3196,#3589,.T.);
#2522=EDGE_CURVE('',#3196,#3197,#178,.T.);
#2523=EDGE_CURVE('',#3197,#3198,#3590,.T.);
#2524=EDGE_CURVE('',#3198,#3199,#179,.T.);
#2525=EDGE_CURVE('',#3199,#3200,#180,.T.);
#2526=EDGE_CURVE('',#3200,#3201,#181,.T.);
#2527=EDGE_CURVE('',#3201,#3090,#3591,.T.);
#2528=EDGE_CURVE('',#3202,#3203,#182,.T.);
#2529=EDGE_CURVE('',#3204,#3203,#3592,.T.);
#2530=EDGE_CURVE('',#3205,#3204,#183,.T.);
#2531=EDGE_CURVE('',#3205,#3202,#3593,.T.);
#2532=EDGE_CURVE('',#3206,#3207,#184,.T.);
#2533=EDGE_CURVE('',#3203,#3207,#185,.T.);
#2534=EDGE_CURVE('',#3202,#3206,#186,.T.);
#2535=EDGE_CURVE('',#3208,#3209,#187,.T.);
#2536=EDGE_CURVE('',#3207,#3209,#3594,.T.);
#2537=EDGE_CURVE('',#3206,#3208,#3595,.T.);
#2538=EDGE_CURVE('',#3210,#3211,#188,.T.);
#2539=EDGE_CURVE('',#3209,#3211,#189,.T.);
#2540=EDGE_CURVE('',#3208,#3210,#190,.T.);
#2541=EDGE_CURVE('',#3212,#3213,#191,.T.);
#2542=EDGE_CURVE('',#3211,#3213,#3596,.T.);
#2543=EDGE_CURVE('',#3210,#3212,#3597,.T.);
#2544=EDGE_CURVE('',#3214,#3215,#192,.T.);
#2545=EDGE_CURVE('',#3213,#3215,#193,.T.);
#2546=EDGE_CURVE('',#3212,#3214,#194,.T.);
#2547=EDGE_CURVE('',#3216,#3217,#195,.T.);
#2548=EDGE_CURVE('',#3215,#3217,#3598,.T.);
#2549=EDGE_CURVE('',#3214,#3216,#3599,.T.);
#2550=EDGE_CURVE('',#3218,#3219,#196,.T.);
#2551=EDGE_CURVE('',#3217,#3219,#197,.T.);
#2552=EDGE_CURVE('',#3216,#3218,#198,.T.);
#2553=EDGE_CURVE('',#3220,#3221,#199,.T.);
#2554=EDGE_CURVE('',#3219,#3221,#3600,.T.);
#2555=EDGE_CURVE('',#3218,#3220,#3601,.T.);
#2556=EDGE_CURVE('',#3222,#3223,#200,.T.);
#2557=EDGE_CURVE('',#3221,#3223,#201,.T.);
#2558=EDGE_CURVE('',#3220,#3222,#202,.T.);
#2559=EDGE_CURVE('',#3224,#3225,#203,.T.);
#2560=EDGE_CURVE('',#3223,#3225,#3602,.T.);
#2561=EDGE_CURVE('',#3222,#3224,#3603,.T.);
#2562=EDGE_CURVE('',#3226,#3227,#204,.T.);
#2563=EDGE_CURVE('',#3225,#3227,#205,.T.);
#2564=EDGE_CURVE('',#3224,#3226,#206,.T.);
#2565=EDGE_CURVE('',#3228,#3229,#207,.T.);
#2566=EDGE_CURVE('',#3227,#3229,#3604,.T.);
#2567=EDGE_CURVE('',#3226,#3228,#3605,.T.);
#2568=EDGE_CURVE('',#3230,#3231,#208,.T.);
#2569=EDGE_CURVE('',#3229,#3231,#209,.T.);
#2570=EDGE_CURVE('',#3228,#3230,#210,.T.);
#2571=EDGE_CURVE('',#3232,#3233,#211,.T.);
#2572=EDGE_CURVE('',#3231,#3233,#3606,.T.);
#2573=EDGE_CURVE('',#3230,#3232,#3607,.T.);
#2574=EDGE_CURVE('',#3234,#3235,#212,.T.);
#2575=EDGE_CURVE('',#3233,#3235,#213,.T.);
#2576=EDGE_CURVE('',#3232,#3234,#214,.T.);
#2577=EDGE_CURVE('',#3236,#3237,#215,.T.);
#2578=EDGE_CURVE('',#3235,#3237,#216,.T.);
#2579=EDGE_CURVE('',#3234,#3236,#217,.T.);
#2580=EDGE_CURVE('',#3238,#3239,#218,.T.);
#2581=EDGE_CURVE('',#3237,#3239,#219,.T.);
#2582=EDGE_CURVE('',#3236,#3238,#220,.T.);
#2583=EDGE_CURVE('',#3240,#3241,#221,.T.);
#2584=EDGE_CURVE('',#3239,#3241,#222,.T.);
#2585=EDGE_CURVE('',#3238,#3240,#223,.T.);
#2586=EDGE_CURVE('',#3242,#3243,#224,.T.);
#2587=EDGE_CURVE('',#3241,#3243,#3608,.T.);
#2588=EDGE_CURVE('',#3240,#3242,#3609,.T.);
#2589=EDGE_CURVE('',#3244,#3245,#225,.T.);
#2590=EDGE_CURVE('',#3243,#3245,#226,.T.);
#2591=EDGE_CURVE('',#3242,#3244,#227,.T.);
#2592=EDGE_CURVE('',#3246,#3247,#228,.T.);
#2593=EDGE_CURVE('',#3245,#3247,#3610,.T.);
#2594=EDGE_CURVE('',#3244,#3246,#3611,.T.);
#2595=EDGE_CURVE('',#3248,#3249,#229,.T.);
#2596=EDGE_CURVE('',#3247,#3249,#230,.T.);
#2597=EDGE_CURVE('',#3246,#3248,#231,.T.);
#2598=EDGE_CURVE('',#3250,#3251,#232,.T.);
#2599=EDGE_CURVE('',#3249,#3251,#3612,.T.);
#2600=EDGE_CURVE('',#3248,#3250,#3613,.T.);
#2601=EDGE_CURVE('',#3252,#3253,#233,.T.);
#2602=EDGE_CURVE('',#3251,#3253,#234,.T.);
#2603=EDGE_CURVE('',#3250,#3252,#235,.T.);
#2604=EDGE_CURVE('',#3254,#3255,#236,.T.);
#2605=EDGE_CURVE('',#3253,#3255,#3614,.T.);
#2606=EDGE_CURVE('',#3252,#3254,#3615,.T.);
#2607=EDGE_CURVE('',#3256,#3257,#237,.T.);
#2608=EDGE_CURVE('',#3255,#3257,#238,.T.);
#2609=EDGE_CURVE('',#3254,#3256,#239,.T.);
#2610=EDGE_CURVE('',#3258,#3259,#240,.T.);
#2611=EDGE_CURVE('',#3257,#3259,#241,.T.);
#2612=EDGE_CURVE('',#3256,#3258,#242,.T.);
#2613=EDGE_CURVE('',#3260,#3261,#243,.T.);
#2614=EDGE_CURVE('',#3259,#3261,#3616,.T.);
#2615=EDGE_CURVE('',#3258,#3260,#3617,.T.);
#2616=EDGE_CURVE('',#3262,#3263,#244,.T.);
#2617=EDGE_CURVE('',#3261,#3263,#245,.T.);
#2618=EDGE_CURVE('',#3260,#3262,#246,.T.);
#2619=EDGE_CURVE('',#3264,#3265,#247,.T.);
#2620=EDGE_CURVE('',#3263,#3265,#3618,.T.);
#2621=EDGE_CURVE('',#3262,#3264,#3619,.T.);
#2622=EDGE_CURVE('',#3266,#3267,#248,.T.);
#2623=EDGE_CURVE('',#3265,#3267,#249,.T.);
#2624=EDGE_CURVE('',#3264,#3266,#250,.T.);
#2625=EDGE_CURVE('',#3268,#3269,#251,.T.);
#2626=EDGE_CURVE('',#3267,#3269,#252,.T.);
#2627=EDGE_CURVE('',#3266,#3268,#253,.T.);
#2628=EDGE_CURVE('',#3270,#3271,#254,.T.);
#2629=EDGE_CURVE('',#3269,#3271,#255,.T.);
#2630=EDGE_CURVE('',#3268,#3270,#256,.T.);
#2631=EDGE_CURVE('',#3272,#3273,#257,.T.);
#2632=EDGE_CURVE('',#3271,#3273,#258,.T.);
#2633=EDGE_CURVE('',#3270,#3272,#259,.T.);
#2634=EDGE_CURVE('',#3274,#3275,#260,.T.);
#2635=EDGE_CURVE('',#3273,#3275,#3620,.T.);
#2636=EDGE_CURVE('',#3272,#3274,#3621,.T.);
#2637=EDGE_CURVE('',#3276,#3277,#261,.T.);
#2638=EDGE_CURVE('',#3275,#3277,#262,.T.);
#2639=EDGE_CURVE('',#3274,#3276,#263,.T.);
#2640=EDGE_CURVE('',#3278,#3279,#264,.T.);
#2641=EDGE_CURVE('',#3277,#3279,#3622,.T.);
#2642=EDGE_CURVE('',#3276,#3278,#3623,.T.);
#2643=EDGE_CURVE('',#3280,#3281,#265,.T.);
#2644=EDGE_CURVE('',#3279,#3281,#266,.T.);
#2645=EDGE_CURVE('',#3278,#3280,#267,.T.);
#2646=EDGE_CURVE('',#3282,#3283,#268,.T.);
#2647=EDGE_CURVE('',#3281,#3283,#269,.T.);
#2648=EDGE_CURVE('',#3280,#3282,#270,.T.);
#2649=EDGE_CURVE('',#3284,#3285,#271,.T.);
#2650=EDGE_CURVE('',#3283,#3285,#3624,.T.);
#2651=EDGE_CURVE('',#3282,#3284,#3625,.T.);
#2652=EDGE_CURVE('',#3286,#3287,#272,.T.);
#2653=EDGE_CURVE('',#3285,#3287,#273,.T.);
#2654=EDGE_CURVE('',#3284,#3286,#274,.T.);
#2655=EDGE_CURVE('',#3288,#3289,#275,.T.);
#2656=EDGE_CURVE('',#3287,#3289,#3626,.T.);
#2657=EDGE_CURVE('',#3286,#3288,#3627,.T.);
#2658=EDGE_CURVE('',#3290,#3291,#276,.T.);
#2659=EDGE_CURVE('',#3289,#3291,#277,.T.);
#2660=EDGE_CURVE('',#3288,#3290,#278,.T.);
#2661=EDGE_CURVE('',#3292,#3293,#279,.T.);
#2662=EDGE_CURVE('',#3291,#3293,#3628,.T.);
#2663=EDGE_CURVE('',#3290,#3292,#3629,.T.);
#2664=EDGE_CURVE('',#3294,#3295,#280,.T.);
#2665=EDGE_CURVE('',#3293,#3295,#281,.T.);
#2666=EDGE_CURVE('',#3292,#3294,#282,.T.);
#2667=EDGE_CURVE('',#3296,#3297,#283,.T.);
#2668=EDGE_CURVE('',#3295,#3297,#3630,.T.);
#2669=EDGE_CURVE('',#3294,#3296,#3631,.T.);
#2670=EDGE_CURVE('',#3298,#3299,#284,.T.);
#2671=EDGE_CURVE('',#3297,#3299,#285,.T.);
#2672=EDGE_CURVE('',#3296,#3298,#286,.T.);
#2673=EDGE_CURVE('',#3300,#3301,#287,.T.);
#2674=EDGE_CURVE('',#3299,#3301,#288,.T.);
#2675=EDGE_CURVE('',#3298,#3300,#289,.T.);
#2676=EDGE_CURVE('',#3302,#3303,#290,.T.);
#2677=EDGE_CURVE('',#3301,#3303,#291,.T.);
#2678=EDGE_CURVE('',#3300,#3302,#292,.T.);
#2679=EDGE_CURVE('',#3304,#3305,#293,.T.);
#2680=EDGE_CURVE('',#3303,#3305,#294,.T.);
#2681=EDGE_CURVE('',#3302,#3304,#295,.T.);
#2682=EDGE_CURVE('',#3306,#3307,#296,.T.);
#2683=EDGE_CURVE('',#3305,#3307,#297,.T.);
#2684=EDGE_CURVE('',#3304,#3306,#298,.T.);
#2685=EDGE_CURVE('',#3308,#3309,#299,.T.);
#2686=EDGE_CURVE('',#3307,#3309,#3632,.T.);
#2687=EDGE_CURVE('',#3306,#3308,#3633,.T.);
#2688=EDGE_CURVE('',#3310,#3311,#300,.T.);
#2689=EDGE_CURVE('',#3309,#3311,#301,.T.);
#2690=EDGE_CURVE('',#3308,#3310,#302,.T.);
#2691=EDGE_CURVE('',#3312,#3313,#303,.T.);
#2692=EDGE_CURVE('',#3311,#3313,#3634,.T.);
#2693=EDGE_CURVE('',#3310,#3312,#3635,.T.);
#2694=EDGE_CURVE('',#3314,#3315,#304,.T.);
#2695=EDGE_CURVE('',#3313,#3315,#305,.T.);
#2696=EDGE_CURVE('',#3312,#3314,#306,.T.);
#2697=EDGE_CURVE('',#3316,#3317,#307,.T.);
#2698=EDGE_CURVE('',#3315,#3317,#3636,.T.);
#2699=EDGE_CURVE('',#3314,#3316,#3637,.T.);
#2700=EDGE_CURVE('',#3318,#3319,#308,.T.);
#2701=EDGE_CURVE('',#3317,#3319,#309,.T.);
#2702=EDGE_CURVE('',#3316,#3318,#310,.T.);
#2703=EDGE_CURVE('',#3320,#3321,#311,.T.);
#2704=EDGE_CURVE('',#3319,#3321,#3638,.T.);
#2705=EDGE_CURVE('',#3318,#3320,#3639,.T.);
#2706=EDGE_CURVE('',#3322,#3323,#312,.T.);
#2707=EDGE_CURVE('',#3321,#3323,#313,.T.);
#2708=EDGE_CURVE('',#3320,#3322,#314,.T.);
#2709=EDGE_CURVE('',#3324,#3325,#315,.T.);
#2710=EDGE_CURVE('',#3323,#3325,#3640,.T.);
#2711=EDGE_CURVE('',#3322,#3324,#3641,.T.);
#2712=EDGE_CURVE('',#3326,#3327,#316,.T.);
#2713=EDGE_CURVE('',#3325,#3327,#317,.T.);
#2714=EDGE_CURVE('',#3324,#3326,#318,.T.);
#2715=EDGE_CURVE('',#3328,#3329,#319,.T.);
#2716=EDGE_CURVE('',#3327,#3329,#3642,.T.);
#2717=EDGE_CURVE('',#3326,#3328,#3643,.T.);
#2718=EDGE_CURVE('',#3330,#3331,#320,.T.);
#2719=EDGE_CURVE('',#3329,#3331,#321,.T.);
#2720=EDGE_CURVE('',#3328,#3330,#322,.T.);
#2721=EDGE_CURVE('',#3332,#3333,#323,.T.);
#2722=EDGE_CURVE('',#3331,#3333,#3644,.T.);
#2723=EDGE_CURVE('',#3330,#3332,#3645,.T.);
#2724=EDGE_CURVE('',#3334,#3335,#324,.T.);
#2725=EDGE_CURVE('',#3333,#3335,#325,.T.);
#2726=EDGE_CURVE('',#3332,#3334,#326,.T.);
#2727=EDGE_CURVE('',#3336,#3337,#327,.T.);
#2728=EDGE_CURVE('',#3335,#3337,#3646,.T.);
#2729=EDGE_CURVE('',#3334,#3336,#3647,.T.);
#2730=EDGE_CURVE('',#3338,#3339,#328,.T.);
#2731=EDGE_CURVE('',#3337,#3339,#329,.T.);
#2732=EDGE_CURVE('',#3336,#3338,#330,.T.);
#2733=EDGE_CURVE('',#3340,#3341,#331,.T.);
#2734=EDGE_CURVE('',#3339,#3341,#3648,.T.);
#2735=EDGE_CURVE('',#3338,#3340,#3649,.T.);
#2736=EDGE_CURVE('',#3342,#3343,#332,.T.);
#2737=EDGE_CURVE('',#3341,#3343,#333,.T.);
#2738=EDGE_CURVE('',#3340,#3342,#334,.T.);
#2739=EDGE_CURVE('',#3344,#3345,#335,.T.);
#2740=EDGE_CURVE('',#3343,#3345,#3650,.T.);
#2741=EDGE_CURVE('',#3342,#3344,#3651,.T.);
#2742=EDGE_CURVE('',#3346,#3347,#336,.T.);
#2743=EDGE_CURVE('',#3345,#3347,#337,.T.);
#2744=EDGE_CURVE('',#3344,#3346,#338,.T.);
#2745=EDGE_CURVE('',#3348,#3349,#339,.T.);
#2746=EDGE_CURVE('',#3347,#3349,#3652,.T.);
#2747=EDGE_CURVE('',#3346,#3348,#3653,.T.);
#2748=EDGE_CURVE('',#3350,#3351,#340,.T.);
#2749=EDGE_CURVE('',#3349,#3351,#341,.T.);
#2750=EDGE_CURVE('',#3348,#3350,#342,.T.);
#2751=EDGE_CURVE('',#3352,#3353,#343,.T.);
#2752=EDGE_CURVE('',#3351,#3353,#3654,.T.);
#2753=EDGE_CURVE('',#3350,#3352,#3655,.T.);
#2754=EDGE_CURVE('',#3354,#3355,#344,.T.);
#2755=EDGE_CURVE('',#3353,#3355,#345,.T.);
#2756=EDGE_CURVE('',#3352,#3354,#346,.T.);
#2757=EDGE_CURVE('',#3356,#3357,#347,.T.);
#2758=EDGE_CURVE('',#3355,#3357,#3656,.T.);
#2759=EDGE_CURVE('',#3354,#3356,#3657,.T.);
#2760=EDGE_CURVE('',#3358,#3359,#348,.T.);
#2761=EDGE_CURVE('',#3357,#3359,#349,.T.);
#2762=EDGE_CURVE('',#3356,#3358,#350,.T.);
#2763=EDGE_CURVE('',#3360,#3361,#351,.T.);
#2764=EDGE_CURVE('',#3359,#3361,#3658,.T.);
#2765=EDGE_CURVE('',#3358,#3360,#3659,.T.);
#2766=EDGE_CURVE('',#3362,#3363,#352,.T.);
#2767=EDGE_CURVE('',#3361,#3363,#353,.T.);
#2768=EDGE_CURVE('',#3360,#3362,#354,.T.);
#2769=EDGE_CURVE('',#3364,#3365,#355,.T.);
#2770=EDGE_CURVE('',#3363,#3365,#356,.T.);
#2771=EDGE_CURVE('',#3362,#3364,#357,.T.);
#2772=EDGE_CURVE('',#3366,#3367,#358,.T.);
#2773=EDGE_CURVE('',#3365,#3367,#359,.T.);
#2774=EDGE_CURVE('',#3364,#3366,#360,.T.);
#2775=EDGE_CURVE('',#3368,#3369,#361,.T.);
#2776=EDGE_CURVE('',#3367,#3369,#3660,.T.);
#2777=EDGE_CURVE('',#3366,#3368,#3661,.T.);
#2778=EDGE_CURVE('',#3092,#3370,#362,.T.);
#2779=EDGE_CURVE('',#3370,#3371,#363,.T.);
#2780=EDGE_CURVE('',#3372,#3371,#364,.T.);
#2781=EDGE_CURVE('',#3369,#3372,#365,.T.);
#2782=EDGE_CURVE('',#3368,#3373,#366,.T.);
#2783=EDGE_CURVE('',#3373,#3093,#367,.T.);
#2784=EDGE_CURVE('',#3373,#3374,#368,.T.);
#2785=EDGE_CURVE('',#3374,#3375,#369,.T.);
#2786=EDGE_CURVE('',#3372,#3375,#370,.T.);
#2787=EDGE_CURVE('',#3371,#3376,#371,.T.);
#2788=EDGE_CURVE('',#3094,#3376,#372,.T.);
#2789=EDGE_CURVE('',#3377,#3378,#373,.T.);
#2790=EDGE_CURVE('',#3375,#3378,#3662,.T.);
#2791=EDGE_CURVE('',#3374,#3377,#3663,.T.);
#2792=EDGE_CURVE('',#3379,#3380,#374,.T.);
#2793=EDGE_CURVE('',#3378,#3380,#375,.T.);
#2794=EDGE_CURVE('',#3377,#3379,#376,.T.);
#2795=EDGE_CURVE('',#3381,#3382,#377,.T.);
#2796=EDGE_CURVE('',#3380,#3382,#378,.T.);
#2797=EDGE_CURVE('',#3379,#3381,#379,.T.);
#2798=EDGE_CURVE('',#3383,#3384,#380,.T.);
#2799=EDGE_CURVE('',#3382,#3384,#381,.T.);
#2800=EDGE_CURVE('',#3381,#3383,#382,.T.);
#2801=EDGE_CURVE('',#3385,#3386,#383,.T.);
#2802=EDGE_CURVE('',#3384,#3386,#3664,.T.);
#2803=EDGE_CURVE('',#3383,#3385,#3665,.T.);
#2804=EDGE_CURVE('',#3387,#3388,#384,.T.);
#2805=EDGE_CURVE('',#3386,#3388,#385,.T.);
#2806=EDGE_CURVE('',#3385,#3387,#386,.T.);
#2807=EDGE_CURVE('',#3389,#3390,#387,.T.);
#2808=EDGE_CURVE('',#3388,#3390,#3666,.T.);
#2809=EDGE_CURVE('',#3387,#3389,#3667,.T.);
#2810=EDGE_CURVE('',#3391,#3392,#388,.T.);
#2811=EDGE_CURVE('',#3390,#3392,#389,.T.);
#2812=EDGE_CURVE('',#3389,#3391,#390,.T.);
#2813=EDGE_CURVE('',#3393,#3394,#391,.T.);
#2814=EDGE_CURVE('',#3392,#3394,#3668,.T.);
#2815=EDGE_CURVE('',#3391,#3393,#3669,.T.);
#2816=EDGE_CURVE('',#3395,#3396,#392,.T.);
#2817=EDGE_CURVE('',#3394,#3396,#393,.T.);
#2818=EDGE_CURVE('',#3393,#3395,#394,.T.);
#2819=EDGE_CURVE('',#3397,#3398,#395,.T.);
#2820=EDGE_CURVE('',#3396,#3398,#3670,.T.);
#2821=EDGE_CURVE('',#3395,#3397,#3671,.T.);
#2822=EDGE_CURVE('',#3399,#3400,#396,.T.);
#2823=EDGE_CURVE('',#3398,#3400,#397,.T.);
#2824=EDGE_CURVE('',#3397,#3399,#398,.T.);
#2825=EDGE_CURVE('',#3401,#3402,#399,.T.);
#2826=EDGE_CURVE('',#3400,#3402,#3672,.T.);
#2827=EDGE_CURVE('',#3399,#3401,#3673,.T.);
#2828=EDGE_CURVE('',#3403,#3404,#400,.T.);
#2829=EDGE_CURVE('',#3402,#3404,#401,.T.);
#2830=EDGE_CURVE('',#3401,#3403,#402,.T.);
#2831=EDGE_CURVE('',#3405,#3406,#403,.T.);
#2832=EDGE_CURVE('',#3404,#3406,#3674,.T.);
#2833=EDGE_CURVE('',#3403,#3405,#3675,.T.);
#2834=EDGE_CURVE('',#3406,#3204,#404,.T.);
#2835=EDGE_CURVE('',#3405,#3205,#405,.T.);
#2836=EDGE_CURVE('',#3407,#3407,#3676,.T.);
#2837=EDGE_CURVE('',#3408,#3408,#3677,.F.);
#2838=EDGE_CURVE('',#3409,#3409,#3678,.T.);
#2839=EDGE_CURVE('',#3410,#3410,#3679,.T.);
#2840=EDGE_CURVE('',#3411,#3411,#3680,.F.);
#2841=EDGE_CURVE('',#3412,#3412,#3681,.T.);
#2842=EDGE_CURVE('',#3413,#3413,#3682,.T.);
#2843=EDGE_CURVE('',#3414,#3414,#3683,.F.);
#2844=EDGE_CURVE('',#3415,#3415,#3684,.T.);
#2845=EDGE_CURVE('',#3416,#3416,#3685,.T.);
#2846=EDGE_CURVE('',#3417,#3417,#3686,.F.);
#2847=EDGE_CURVE('',#3418,#3418,#3687,.T.);
#2848=EDGE_CURVE('',#3419,#3419,#3688,.T.);
#2849=EDGE_CURVE('',#3420,#3420,#3689,.F.);
#2850=EDGE_CURVE('',#3421,#3421,#3690,.T.);
#2851=EDGE_CURVE('',#3422,#3422,#3691,.T.);
#2852=EDGE_CURVE('',#3423,#3423,#3692,.F.);
#2853=EDGE_CURVE('',#3424,#3424,#3693,.T.);
#2854=EDGE_CURVE('',#3425,#3425,#3694,.T.);
#2855=EDGE_CURVE('',#3426,#3426,#3695,.F.);
#2856=EDGE_CURVE('',#3427,#3427,#3696,.T.);
#2857=EDGE_CURVE('',#3428,#3428,#3697,.T.);
#2858=EDGE_CURVE('',#3429,#3429,#3698,.F.);
#2859=EDGE_CURVE('',#3430,#3430,#3699,.T.);
#2860=EDGE_CURVE('',#3431,#3432,#406,.T.);
#2861=EDGE_CURVE('',#3432,#3091,#407,.T.);
#2862=EDGE_CURVE('',#3433,#3090,#408,.T.);
#2863=EDGE_CURVE('',#3433,#3434,#409,.T.);
#2864=EDGE_CURVE('',#3434,#3431,#410,.T.);
#2865=EDGE_CURVE('',#3435,#3436,#3700,.T.);
#2866=EDGE_CURVE('',#3437,#3435,#411,.T.);
#2867=EDGE_CURVE('',#3438,#3437,#412,.T.);
#2868=EDGE_CURVE('',#3439,#3438,#413,.T.);
#2869=EDGE_CURVE('',#3440,#3439,#414,.T.);
#2870=EDGE_CURVE('',#3441,#3440,#3701,.T.);
#2871=EDGE_CURVE('',#3442,#3441,#415,.T.);
#2872=EDGE_CURVE('',#3443,#3442,#3702,.T.);
#2873=EDGE_CURVE('',#3444,#3443,#416,.T.);
#2874=EDGE_CURVE('',#3445,#3444,#417,.T.);
#2875=EDGE_CURVE('',#3446,#3445,#3703,.T.);
#2876=EDGE_CURVE('',#3447,#3446,#418,.T.);
#2877=EDGE_CURVE('',#3448,#3447,#3704,.T.);
#2878=EDGE_CURVE('',#3449,#3448,#419,.T.);
#2879=EDGE_CURVE('',#3450,#3449,#420,.T.);
#2880=EDGE_CURVE('',#3451,#3450,#3705,.T.);
#2881=EDGE_CURVE('',#3452,#3451,#421,.T.);
#2882=EDGE_CURVE('',#3453,#3452,#3706,.T.);
#2883=EDGE_CURVE('',#3454,#3453,#422,.T.);
#2884=EDGE_CURVE('',#3455,#3454,#423,.T.);
#2885=EDGE_CURVE('',#3456,#3455,#424,.T.);
#2886=EDGE_CURVE('',#3457,#3456,#425,.T.);
#2887=EDGE_CURVE('',#3458,#3457,#426,.T.);
#2888=EDGE_CURVE('',#3459,#3458,#3707,.T.);
#2889=EDGE_CURVE('',#3460,#3459,#427,.T.);
#2890=EDGE_CURVE('',#3461,#3460,#3708,.T.);
#2891=EDGE_CURVE('',#3462,#3461,#428,.T.);
#2892=EDGE_CURVE('',#3463,#3462,#429,.T.);
#2893=EDGE_CURVE('',#3464,#3463,#3709,.T.);
#2894=EDGE_CURVE('',#3465,#3464,#430,.T.);
#2895=EDGE_CURVE('',#3466,#3465,#3710,.T.);
#2896=EDGE_CURVE('',#3467,#3466,#431,.T.);
#2897=EDGE_CURVE('',#3468,#3467,#3711,.T.);
#2898=EDGE_CURVE('',#3469,#3468,#432,.T.);
#2899=EDGE_CURVE('',#3470,#3469,#3712,.T.);
#2900=EDGE_CURVE('',#3471,#3470,#433,.T.);
#2901=EDGE_CURVE('',#3472,#3471,#3713,.T.);
#2902=EDGE_CURVE('',#3473,#3472,#434,.T.);
#2903=EDGE_CURVE('',#3474,#3473,#3714,.T.);
#2904=EDGE_CURVE('',#3475,#3474,#435,.T.);
#2905=EDGE_CURVE('',#3476,#3475,#3715,.T.);
#2906=EDGE_CURVE('',#3477,#3476,#436,.T.);
#2907=EDGE_CURVE('',#3478,#3477,#3716,.T.);
#2908=EDGE_CURVE('',#3479,#3478,#437,.T.);
#2909=EDGE_CURVE('',#3480,#3479,#438,.T.);
#2910=EDGE_CURVE('',#3481,#3480,#3717,.T.);
#2911=EDGE_CURVE('',#3482,#3481,#439,.T.);
#2912=EDGE_CURVE('',#3483,#3482,#3718,.T.);
#2913=EDGE_CURVE('',#3484,#3483,#440,.T.);
#2914=EDGE_CURVE('',#3485,#3484,#3719,.T.);
#2915=EDGE_CURVE('',#3486,#3485,#441,.T.);
#2916=EDGE_CURVE('',#3487,#3486,#3720,.T.);
#2917=EDGE_CURVE('',#3488,#3487,#442,.T.);
#2918=EDGE_CURVE('',#3489,#3488,#443,.T.);
#2919=EDGE_CURVE('',#3490,#3489,#444,.T.);
#2920=EDGE_CURVE('',#3491,#3490,#3721,.T.);
#2921=EDGE_CURVE('',#3434,#3491,#445,.T.);
#2922=EDGE_CURVE('',#3492,#3433,#3722,.T.);
#2923=EDGE_CURVE('',#3493,#3492,#446,.T.);
#2924=EDGE_CURVE('',#3494,#3493,#447,.T.);
#2925=EDGE_CURVE('',#3495,#3494,#448,.T.);
#2926=EDGE_CURVE('',#3496,#3495,#3723,.T.);
#2927=EDGE_CURVE('',#3497,#3496,#449,.T.);
#2928=EDGE_CURVE('',#3498,#3497,#3724,.T.);
#2929=EDGE_CURVE('',#3499,#3498,#450,.T.);
#2930=EDGE_CURVE('',#3500,#3499,#3725,.T.);
#2931=EDGE_CURVE('',#3501,#3500,#451,.T.);
#2932=EDGE_CURVE('',#3502,#3501,#3726,.T.);
#2933=EDGE_CURVE('',#3503,#3502,#452,.T.);
#2934=EDGE_CURVE('',#3504,#3503,#3727,.T.);
#2935=EDGE_CURVE('',#3505,#3504,#453,.T.);
#2936=EDGE_CURVE('',#3506,#3505,#3728,.T.);
#2937=EDGE_CURVE('',#3507,#3506,#454,.T.);
#2938=EDGE_CURVE('',#3508,#3507,#3729,.T.);
#2939=EDGE_CURVE('',#3509,#3508,#455,.T.);
#2940=EDGE_CURVE('',#3510,#3509,#3730,.T.);
#2941=EDGE_CURVE('',#3511,#3510,#456,.T.);
#2942=EDGE_CURVE('',#3512,#3511,#3731,.T.);
#2943=EDGE_CURVE('',#3513,#3512,#457,.T.);
#2944=EDGE_CURVE('',#3514,#3513,#3732,.T.);
#2945=EDGE_CURVE('',#3515,#3514,#458,.T.);
#2946=EDGE_CURVE('',#3516,#3515,#3733,.T.);
#2947=EDGE_CURVE('',#3517,#3516,#459,.T.);
#2948=EDGE_CURVE('',#3518,#3517,#3734,.T.);
#2949=EDGE_CURVE('',#3519,#3518,#460,.T.);
#2950=EDGE_CURVE('',#3520,#3519,#461,.T.);
#2951=EDGE_CURVE('',#3521,#3520,#3735,.T.);
#2952=EDGE_CURVE('',#3522,#3521,#462,.T.);
#2953=EDGE_CURVE('',#3523,#3522,#3736,.T.);
#2954=EDGE_CURVE('',#3524,#3523,#463,.T.);
#2955=EDGE_CURVE('',#3525,#3524,#464,.T.);
#2956=EDGE_CURVE('',#3526,#3525,#465,.T.);
#2957=EDGE_CURVE('',#3527,#3526,#466,.T.);
#2958=EDGE_CURVE('',#3528,#3527,#467,.T.);
#2959=EDGE_CURVE('',#3529,#3528,#468,.T.);
#2960=EDGE_CURVE('',#3530,#3529,#3737,.T.);
#2961=EDGE_CURVE('',#3531,#3530,#469,.T.);
#2962=EDGE_CURVE('',#3532,#3531,#3738,.T.);
#2963=EDGE_CURVE('',#3533,#3532,#470,.T.);
#2964=EDGE_CURVE('',#3534,#3533,#471,.T.);
#2965=EDGE_CURVE('',#3535,#3534,#3739,.T.);
#2966=EDGE_CURVE('',#3536,#3535,#472,.T.);
#2967=EDGE_CURVE('',#3537,#3536,#3740,.T.);
#2968=EDGE_CURVE('',#3538,#3537,#473,.T.);
#2969=EDGE_CURVE('',#3539,#3538,#474,.T.);
#2970=EDGE_CURVE('',#3540,#3539,#3741,.T.);
#2971=EDGE_CURVE('',#3436,#3540,#475,.T.);
#2972=EDGE_CURVE('',#3437,#3150,#476,.T.);
#2973=EDGE_CURVE('',#3435,#3151,#477,.T.);
#2974=EDGE_CURVE('',#3436,#3152,#478,.T.);
#2975=EDGE_CURVE('',#3540,#3153,#479,.T.);
#2976=EDGE_CURVE('',#3539,#3154,#480,.T.);
#2977=EDGE_CURVE('',#3538,#3155,#481,.T.);
#2978=EDGE_CURVE('',#3537,#3156,#482,.T.);
#2979=EDGE_CURVE('',#3536,#3157,#483,.T.);
#2980=EDGE_CURVE('',#3535,#3158,#484,.T.);
#2981=EDGE_CURVE('',#3534,#3159,#485,.T.);
#2982=EDGE_CURVE('',#3533,#3160,#486,.T.);
#2983=EDGE_CURVE('',#3532,#3161,#487,.T.);
#2984=EDGE_CURVE('',#3531,#3162,#488,.T.);
#2985=EDGE_CURVE('',#3530,#3163,#489,.T.);
#2986=EDGE_CURVE('',#3529,#3164,#490,.T.);
#2987=EDGE_CURVE('',#3528,#3165,#491,.T.);
#2988=EDGE_CURVE('',#3527,#3166,#492,.T.);
#2989=EDGE_CURVE('',#3526,#3167,#493,.T.);
#2990=EDGE_CURVE('',#3525,#3168,#494,.T.);
#2991=EDGE_CURVE('',#3524,#3169,#495,.T.);
#2992=EDGE_CURVE('',#3523,#3170,#496,.T.);
#2993=EDGE_CURVE('',#3522,#3171,#497,.T.);
#2994=EDGE_CURVE('',#3521,#3172,#498,.T.);
#2995=EDGE_CURVE('',#3520,#3173,#499,.T.);
#2996=EDGE_CURVE('',#3519,#3174,#500,.T.);
#2997=EDGE_CURVE('',#3518,#3175,#501,.T.);
#2998=EDGE_CURVE('',#3517,#3176,#502,.T.);
#2999=EDGE_CURVE('',#3516,#3177,#503,.T.);
#3000=EDGE_CURVE('',#3515,#3178,#504,.T.);
#3001=EDGE_CURVE('',#3514,#3179,#505,.T.);
#3002=EDGE_CURVE('',#3513,#3180,#506,.T.);
#3003=EDGE_CURVE('',#3512,#3181,#507,.T.);
#3004=EDGE_CURVE('',#3511,#3182,#508,.T.);
#3005=EDGE_CURVE('',#3510,#3183,#509,.T.);
#3006=EDGE_CURVE('',#3509,#3184,#510,.T.);
#3007=EDGE_CURVE('',#3508,#3185,#511,.T.);
#3008=EDGE_CURVE('',#3507,#3186,#512,.T.);
#3009=EDGE_CURVE('',#3506,#3187,#513,.T.);
#3010=EDGE_CURVE('',#3505,#3188,#514,.T.);
#3011=EDGE_CURVE('',#3504,#3189,#515,.T.);
#3012=EDGE_CURVE('',#3503,#3190,#516,.T.);
#3013=EDGE_CURVE('',#3502,#3191,#517,.T.);
#3014=EDGE_CURVE('',#3501,#3192,#518,.T.);
#3015=EDGE_CURVE('',#3500,#3193,#519,.T.);
#3016=EDGE_CURVE('',#3499,#3194,#520,.T.);
#3017=EDGE_CURVE('',#3498,#3195,#521,.T.);
#3018=EDGE_CURVE('',#3497,#3196,#522,.T.);
#3019=EDGE_CURVE('',#3496,#3197,#523,.T.);
#3020=EDGE_CURVE('',#3495,#3198,#524,.T.);
#3021=EDGE_CURVE('',#3494,#3199,#525,.T.);
#3022=EDGE_CURVE('',#3493,#3200,#526,.T.);
#3023=EDGE_CURVE('',#3492,#3201,#527,.T.);
#3024=EDGE_CURVE('',#3541,#3095,#528,.T.);
#3025=EDGE_CURVE('',#3541,#3431,#529,.T.);
#3026=EDGE_CURVE('',#3491,#3096,#530,.T.);
#3027=EDGE_CURVE('',#3490,#3097,#531,.T.);
#3028=EDGE_CURVE('',#3489,#3098,#532,.T.);
#3029=EDGE_CURVE('',#3488,#3099,#533,.T.);
#3030=EDGE_CURVE('',#3487,#3100,#534,.T.);
#3031=EDGE_CURVE('',#3486,#3101,#535,.T.);
#3032=EDGE_CURVE('',#3485,#3102,#536,.T.);
#3033=EDGE_CURVE('',#3484,#3103,#537,.T.);
#3034=EDGE_CURVE('',#3483,#3104,#538,.T.);
#3035=EDGE_CURVE('',#3482,#3105,#539,.T.);
#3036=EDGE_CURVE('',#3481,#3106,#540,.T.);
#3037=EDGE_CURVE('',#3480,#3107,#541,.T.);
#3038=EDGE_CURVE('',#3479,#3108,#542,.T.);
#3039=EDGE_CURVE('',#3478,#3109,#543,.T.);
#3040=EDGE_CURVE('',#3477,#3110,#544,.T.);
#3041=EDGE_CURVE('',#3476,#3111,#545,.T.);
#3042=EDGE_CURVE('',#3475,#3112,#546,.T.);
#3043=EDGE_CURVE('',#3474,#3113,#547,.T.);
#3044=EDGE_CURVE('',#3473,#3114,#548,.T.);
#3045=EDGE_CURVE('',#3472,#3115,#549,.T.);
#3046=EDGE_CURVE('',#3471,#3116,#550,.T.);
#3047=EDGE_CURVE('',#3470,#3117,#551,.T.);
#3048=EDGE_CURVE('',#3469,#3118,#552,.T.);
#3049=EDGE_CURVE('',#3468,#3119,#553,.T.);
#3050=EDGE_CURVE('',#3467,#3120,#554,.T.);
#3051=EDGE_CURVE('',#3466,#3121,#555,.T.);
#3052=EDGE_CURVE('',#3465,#3122,#556,.T.);
#3053=EDGE_CURVE('',#3464,#3123,#557,.T.);
#3054=EDGE_CURVE('',#3463,#3124,#558,.T.);
#3055=EDGE_CURVE('',#3462,#3125,#559,.T.);
#3056=EDGE_CURVE('',#3461,#3126,#560,.T.);
#3057=EDGE_CURVE('',#3460,#3127,#561,.T.);
#3058=EDGE_CURVE('',#3459,#3128,#562,.T.);
#3059=EDGE_CURVE('',#3458,#3129,#563,.T.);
#3060=EDGE_CURVE('',#3457,#3130,#564,.T.);
#3061=EDGE_CURVE('',#3456,#3131,#565,.T.);
#3062=EDGE_CURVE('',#3455,#3132,#566,.T.);
#3063=EDGE_CURVE('',#3454,#3133,#567,.T.);
#3064=EDGE_CURVE('',#3453,#3134,#568,.T.);
#3065=EDGE_CURVE('',#3452,#3135,#569,.T.);
#3066=EDGE_CURVE('',#3451,#3136,#570,.T.);
#3067=EDGE_CURVE('',#3450,#3137,#571,.T.);
#3068=EDGE_CURVE('',#3449,#3138,#572,.T.);
#3069=EDGE_CURVE('',#3448,#3139,#573,.T.);
#3070=EDGE_CURVE('',#3447,#3140,#574,.T.);
#3071=EDGE_CURVE('',#3446,#3141,#575,.T.);
#3072=EDGE_CURVE('',#3445,#3142,#576,.T.);
#3073=EDGE_CURVE('',#3444,#3143,#577,.T.);
#3074=EDGE_CURVE('',#3443,#3144,#578,.T.);
#3075=EDGE_CURVE('',#3442,#3145,#579,.T.);
#3076=EDGE_CURVE('',#3441,#3146,#580,.T.);
#3077=EDGE_CURVE('',#3440,#3147,#581,.T.);
#3078=EDGE_CURVE('',#3439,#3148,#582,.T.);
#3079=EDGE_CURVE('',#3438,#3149,#583,.T.);
#3080=EDGE_CURVE('',#3432,#3370,#584,.T.);
#3081=EDGE_CURVE('',#3541,#3376,#585,.T.);
#3082=VERTEX_POINT('',#6529);
#3083=VERTEX_POINT('',#6531);
#3084=VERTEX_POINT('',#6533);
#3085=VERTEX_POINT('',#6535);
#3086=VERTEX_POINT('',#6537);
#3087=VERTEX_POINT('',#6539);
#3088=VERTEX_POINT('',#6541);
#3089=VERTEX_POINT('',#6543);
#3090=VERTEX_POINT('',#6545);
#3091=VERTEX_POINT('',#6546);
#3092=VERTEX_POINT('',#6548);
#3093=VERTEX_POINT('',#6550);
#3094=VERTEX_POINT('',#6552);
#3095=VERTEX_POINT('',#6554);
#3096=VERTEX_POINT('',#6556);
#3097=VERTEX_POINT('',#6558);
#3098=VERTEX_POINT('',#6560);
#3099=VERTEX_POINT('',#6562);
#3100=VERTEX_POINT('',#6564);
#3101=VERTEX_POINT('',#6566);
#3102=VERTEX_POINT('',#6568);
#3103=VERTEX_POINT('',#6570);
#3104=VERTEX_POINT('',#6572);
#3105=VERTEX_POINT('',#6574);
#3106=VERTEX_POINT('',#6576);
#3107=VERTEX_POINT('',#6578);
#3108=VERTEX_POINT('',#6580);
#3109=VERTEX_POINT('',#6582);
#3110=VERTEX_POINT('',#6584);
#3111=VERTEX_POINT('',#6586);
#3112=VERTEX_POINT('',#6588);
#3113=VERTEX_POINT('',#6590);
#3114=VERTEX_POINT('',#6592);
#3115=VERTEX_POINT('',#6594);
#3116=VERTEX_POINT('',#6596);
#3117=VERTEX_POINT('',#6598);
#3118=VERTEX_POINT('',#6600);
#3119=VERTEX_POINT('',#6602);
#3120=VERTEX_POINT('',#6604);
#3121=VERTEX_POINT('',#6606);
#3122=VERTEX_POINT('',#6608);
#3123=VERTEX_POINT('',#6610);
#3124=VERTEX_POINT('',#6612);
#3125=VERTEX_POINT('',#6614);
#3126=VERTEX_POINT('',#6616);
#3127=VERTEX_POINT('',#6618);
#3128=VERTEX_POINT('',#6620);
#3129=VERTEX_POINT('',#6622);
#3130=VERTEX_POINT('',#6624);
#3131=VERTEX_POINT('',#6626);
#3132=VERTEX_POINT('',#6628);
#3133=VERTEX_POINT('',#6630);
#3134=VERTEX_POINT('',#6632);
#3135=VERTEX_POINT('',#6634);
#3136=VERTEX_POINT('',#6636);
#3137=VERTEX_POINT('',#6638);
#3138=VERTEX_POINT('',#6640);
#3139=VERTEX_POINT('',#6642);
#3140=VERTEX_POINT('',#6644);
#3141=VERTEX_POINT('',#6646);
#3142=VERTEX_POINT('',#6648);
#3143=VERTEX_POINT('',#6650);
#3144=VERTEX_POINT('',#6652);
#3145=VERTEX_POINT('',#6654);
#3146=VERTEX_POINT('',#6656);
#3147=VERTEX_POINT('',#6658);
#3148=VERTEX_POINT('',#6660);
#3149=VERTEX_POINT('',#6662);
#3150=VERTEX_POINT('',#6664);
#3151=VERTEX_POINT('',#6666);
#3152=VERTEX_POINT('',#6668);
#3153=VERTEX_POINT('',#6670);
#3154=VERTEX_POINT('',#6672);
#3155=VERTEX_POINT('',#6674);
#3156=VERTEX_POINT('',#6676);
#3157=VERTEX_POINT('',#6678);
#3158=VERTEX_POINT('',#6680);
#3159=VERTEX_POINT('',#6682);
#3160=VERTEX_POINT('',#6684);
#3161=VERTEX_POINT('',#6686);
#3162=VERTEX_POINT('',#6688);
#3163=VERTEX_POINT('',#6690);
#3164=VERTEX_POINT('',#6692);
#3165=VERTEX_POINT('',#6694);
#3166=VERTEX_POINT('',#6696);
#3167=VERTEX_POINT('',#6698);
#3168=VERTEX_POINT('',#6700);
#3169=VERTEX_POINT('',#6702);
#3170=VERTEX_POINT('',#6704);
#3171=VERTEX_POINT('',#6706);
#3172=VERTEX_POINT('',#6708);
#3173=VERTEX_POINT('',#6710);
#3174=VERTEX_POINT('',#6712);
#3175=VERTEX_POINT('',#6714);
#3176=VERTEX_POINT('',#6716);
#3177=VERTEX_POINT('',#6718);
#3178=VERTEX_POINT('',#6720);
#3179=VERTEX_POINT('',#6722);
#3180=VERTEX_POINT('',#6724);
#3181=VERTEX_POINT('',#6726);
#3182=VERTEX_POINT('',#6728);
#3183=VERTEX_POINT('',#6730);
#3184=VERTEX_POINT('',#6732);
#3185=VERTEX_POINT('',#6734);
#3186=VERTEX_POINT('',#6736);
#3187=VERTEX_POINT('',#6738);
#3188=VERTEX_POINT('',#6740);
#3189=VERTEX_POINT('',#6742);
#3190=VERTEX_POINT('',#6744);
#3191=VERTEX_POINT('',#6746);
#3192=VERTEX_POINT('',#6748);
#3193=VERTEX_POINT('',#6750);
#3194=VERTEX_POINT('',#6752);
#3195=VERTEX_POINT('',#6754);
#3196=VERTEX_POINT('',#6756);
#3197=VERTEX_POINT('',#6758);
#3198=VERTEX_POINT('',#6760);
#3199=VERTEX_POINT('',#6762);
#3200=VERTEX_POINT('',#6764);
#3201=VERTEX_POINT('',#6766);
#3202=VERTEX_POINT('',#6770);
#3203=VERTEX_POINT('',#6771);
#3204=VERTEX_POINT('',#6773);
#3205=VERTEX_POINT('',#6775);
#3206=VERTEX_POINT('',#6779);
#3207=VERTEX_POINT('',#6780);
#3208=VERTEX_POINT('',#6785);
#3209=VERTEX_POINT('',#6786);
#3210=VERTEX_POINT('',#6791);
#3211=VERTEX_POINT('',#6792);
#3212=VERTEX_POINT('',#6797);
#3213=VERTEX_POINT('',#6798);
#3214=VERTEX_POINT('',#6803);
#3215=VERTEX_POINT('',#6804);
#3216=VERTEX_POINT('',#6809);
#3217=VERTEX_POINT('',#6810);
#3218=VERTEX_POINT('',#6815);
#3219=VERTEX_POINT('',#6816);
#3220=VERTEX_POINT('',#6821);
#3221=VERTEX_POINT('',#6822);
#3222=VERTEX_POINT('',#6827);
#3223=VERTEX_POINT('',#6828);
#3224=VERTEX_POINT('',#6833);
#3225=VERTEX_POINT('',#6834);
#3226=VERTEX_POINT('',#6839);
#3227=VERTEX_POINT('',#6840);
#3228=VERTEX_POINT('',#6845);
#3229=VERTEX_POINT('',#6846);
#3230=VERTEX_POINT('',#6851);
#3231=VERTEX_POINT('',#6852);
#3232=VERTEX_POINT('',#6857);
#3233=VERTEX_POINT('',#6858);
#3234=VERTEX_POINT('',#6863);
#3235=VERTEX_POINT('',#6864);
#3236=VERTEX_POINT('',#6869);
#3237=VERTEX_POINT('',#6870);
#3238=VERTEX_POINT('',#6875);
#3239=VERTEX_POINT('',#6876);
#3240=VERTEX_POINT('',#6881);
#3241=VERTEX_POINT('',#6882);
#3242=VERTEX_POINT('',#6887);
#3243=VERTEX_POINT('',#6888);
#3244=VERTEX_POINT('',#6893);
#3245=VERTEX_POINT('',#6894);
#3246=VERTEX_POINT('',#6899);
#3247=VERTEX_POINT('',#6900);
#3248=VERTEX_POINT('',#6905);
#3249=VERTEX_POINT('',#6906);
#3250=VERTEX_POINT('',#6911);
#3251=VERTEX_POINT('',#6912);
#3252=VERTEX_POINT('',#6917);
#3253=VERTEX_POINT('',#6918);
#3254=VERTEX_POINT('',#6923);
#3255=VERTEX_POINT('',#6924);
#3256=VERTEX_POINT('',#6929);
#3257=VERTEX_POINT('',#6930);
#3258=VERTEX_POINT('',#6935);
#3259=VERTEX_POINT('',#6936);
#3260=VERTEX_POINT('',#6941);
#3261=VERTEX_POINT('',#6942);
#3262=VERTEX_POINT('',#6947);
#3263=VERTEX_POINT('',#6948);
#3264=VERTEX_POINT('',#6953);
#3265=VERTEX_POINT('',#6954);
#3266=VERTEX_POINT('',#6959);
#3267=VERTEX_POINT('',#6960);
#3268=VERTEX_POINT('',#6965);
#3269=VERTEX_POINT('',#6966);
#3270=VERTEX_POINT('',#6971);
#3271=VERTEX_POINT('',#6972);
#3272=VERTEX_POINT('',#6977);
#3273=VERTEX_POINT('',#6978);
#3274=VERTEX_POINT('',#6983);
#3275=VERTEX_POINT('',#6984);
#3276=VERTEX_POINT('',#6989);
#3277=VERTEX_POINT('',#6990);
#3278=VERTEX_POINT('',#6995);
#3279=VERTEX_POINT('',#6996);
#3280=VERTEX_POINT('',#7001);
#3281=VERTEX_POINT('',#7002);
#3282=VERTEX_POINT('',#7007);
#3283=VERTEX_POINT('',#7008);
#3284=VERTEX_POINT('',#7013);
#3285=VERTEX_POINT('',#7014);
#3286=VERTEX_POINT('',#7019);
#3287=VERTEX_POINT('',#7020);
#3288=VERTEX_POINT('',#7025);
#3289=VERTEX_POINT('',#7026);
#3290=VERTEX_POINT('',#7031);
#3291=VERTEX_POINT('',#7032);
#3292=VERTEX_POINT('',#7037);
#3293=VERTEX_POINT('',#7038);
#3294=VERTEX_POINT('',#7043);
#3295=VERTEX_POINT('',#7044);
#3296=VERTEX_POINT('',#7049);
#3297=VERTEX_POINT('',#7050);
#3298=VERTEX_POINT('',#7055);
#3299=VERTEX_POINT('',#7056);
#3300=VERTEX_POINT('',#7061);
#3301=VERTEX_POINT('',#7062);
#3302=VERTEX_POINT('',#7067);
#3303=VERTEX_POINT('',#7068);
#3304=VERTEX_POINT('',#7073);
#3305=VERTEX_POINT('',#7074);
#3306=VERTEX_POINT('',#7079);
#3307=VERTEX_POINT('',#7080);
#3308=VERTEX_POINT('',#7085);
#3309=VERTEX_POINT('',#7086);
#3310=VERTEX_POINT('',#7091);
#3311=VERTEX_POINT('',#7092);
#3312=VERTEX_POINT('',#7097);
#3313=VERTEX_POINT('',#7098);
#3314=VERTEX_POINT('',#7103);
#3315=VERTEX_POINT('',#7104);
#3316=VERTEX_POINT('',#7109);
#3317=VERTEX_POINT('',#7110);
#3318=VERTEX_POINT('',#7115);
#3319=VERTEX_POINT('',#7116);
#3320=VERTEX_POINT('',#7121);
#3321=VERTEX_POINT('',#7122);
#3322=VERTEX_POINT('',#7127);
#3323=VERTEX_POINT('',#7128);
#3324=VERTEX_POINT('',#7133);
#3325=VERTEX_POINT('',#7134);
#3326=VERTEX_POINT('',#7139);
#3327=VERTEX_POINT('',#7140);
#3328=VERTEX_POINT('',#7145);
#3329=VERTEX_POINT('',#7146);
#3330=VERTEX_POINT('',#7151);
#3331=VERTEX_POINT('',#7152);
#3332=VERTEX_POINT('',#7157);
#3333=VERTEX_POINT('',#7158);
#3334=VERTEX_POINT('',#7163);
#3335=VERTEX_POINT('',#7164);
#3336=VERTEX_POINT('',#7169);
#3337=VERTEX_POINT('',#7170);
#3338=VERTEX_POINT('',#7175);
#3339=VERTEX_POINT('',#7176);
#3340=VERTEX_POINT('',#7181);
#3341=VERTEX_POINT('',#7182);
#3342=VERTEX_POINT('',#7187);
#3343=VERTEX_POINT('',#7188);
#3344=VERTEX_POINT('',#7193);
#3345=VERTEX_POINT('',#7194);
#3346=VERTEX_POINT('',#7199);
#3347=VERTEX_POINT('',#7200);
#3348=VERTEX_POINT('',#7205);
#3349=VERTEX_POINT('',#7206);
#3350=VERTEX_POINT('',#7211);
#3351=VERTEX_POINT('',#7212);
#3352=VERTEX_POINT('',#7217);
#3353=VERTEX_POINT('',#7218);
#3354=VERTEX_POINT('',#7223);
#3355=VERTEX_POINT('',#7224);
#3356=VERTEX_POINT('',#7229);
#3357=VERTEX_POINT('',#7230);
#3358=VERTEX_POINT('',#7235);
#3359=VERTEX_POINT('',#7236);
#3360=VERTEX_POINT('',#7241);
#3361=VERTEX_POINT('',#7242);
#3362=VERTEX_POINT('',#7247);
#3363=VERTEX_POINT('',#7248);
#3364=VERTEX_POINT('',#7253);
#3365=VERTEX_POINT('',#7254);
#3366=VERTEX_POINT('',#7259);
#3367=VERTEX_POINT('',#7260);
#3368=VERTEX_POINT('',#7265);
#3369=VERTEX_POINT('',#7266);
#3370=VERTEX_POINT('',#7271);
#3371=VERTEX_POINT('',#7273);
#3372=VERTEX_POINT('',#7275);
#3373=VERTEX_POINT('',#7278);
#3374=VERTEX_POINT('',#7282);
#3375=VERTEX_POINT('',#7284);
#3376=VERTEX_POINT('',#7287);
#3377=VERTEX_POINT('',#7291);
#3378=VERTEX_POINT('',#7292);
#3379=VERTEX_POINT('',#7297);
#3380=VERTEX_POINT('',#7298);
#3381=VERTEX_POINT('',#7303);
#3382=VERTEX_POINT('',#7304);
#3383=VERTEX_POINT('',#7309);
#3384=VERTEX_POINT('',#7310);
#3385=VERTEX_POINT('',#7315);
#3386=VERTEX_POINT('',#7316);
#3387=VERTEX_POINT('',#7321);
#3388=VERTEX_POINT('',#7322);
#3389=VERTEX_POINT('',#7327);
#3390=VERTEX_POINT('',#7328);
#3391=VERTEX_POINT('',#7333);
#3392=VERTEX_POINT('',#7334);
#3393=VERTEX_POINT('',#7339);
#3394=VERTEX_POINT('',#7340);
#3395=VERTEX_POINT('',#7345);
#3396=VERTEX_POINT('',#7346);
#3397=VERTEX_POINT('',#7351);
#3398=VERTEX_POINT('',#7352);
#3399=VERTEX_POINT('',#7357);
#3400=VERTEX_POINT('',#7358);
#3401=VERTEX_POINT('',#7363);
#3402=VERTEX_POINT('',#7364);
#3403=VERTEX_POINT('',#7369);
#3404=VERTEX_POINT('',#7370);
#3405=VERTEX_POINT('',#7375);
#3406=VERTEX_POINT('',#7376);
#3407=VERTEX_POINT('',#7385);
#3408=VERTEX_POINT('',#7387);
#3409=VERTEX_POINT('',#7390);
#3410=VERTEX_POINT('',#7395);
#3411=VERTEX_POINT('',#7397);
#3412=VERTEX_POINT('',#7400);
#3413=VERTEX_POINT('',#7405);
#3414=VERTEX_POINT('',#7407);
#3415=VERTEX_POINT('',#7410);
#3416=VERTEX_POINT('',#7415);
#3417=VERTEX_POINT('',#7417);
#3418=VERTEX_POINT('',#7420);
#3419=VERTEX_POINT('',#7425);
#3420=VERTEX_POINT('',#7427);
#3421=VERTEX_POINT('',#7430);
#3422=VERTEX_POINT('',#7435);
#3423=VERTEX_POINT('',#7437);
#3424=VERTEX_POINT('',#7440);
#3425=VERTEX_POINT('',#7445);
#3426=VERTEX_POINT('',#7447);
#3427=VERTEX_POINT('',#7450);
#3428=VERTEX_POINT('',#7455);
#3429=VERTEX_POINT('',#7457);
#3430=VERTEX_POINT('',#7460);
#3431=VERTEX_POINT('',#7465);
#3432=VERTEX_POINT('',#7466);
#3433=VERTEX_POINT('',#7469);
#3434=VERTEX_POINT('',#7471);
#3435=VERTEX_POINT('',#7475);
#3436=VERTEX_POINT('',#7476);
#3437=VERTEX_POINT('',#7478);
#3438=VERTEX_POINT('',#7480);
#3439=VERTEX_POINT('',#7482);
#3440=VERTEX_POINT('',#7484);
#3441=VERTEX_POINT('',#7486);
#3442=VERTEX_POINT('',#7488);
#3443=VERTEX_POINT('',#7490);
#3444=VERTEX_POINT('',#7492);
#3445=VERTEX_POINT('',#7494);
#3446=VERTEX_POINT('',#7496);
#3447=VERTEX_POINT('',#7498);
#3448=VERTEX_POINT('',#7500);
#3449=VERTEX_POINT('',#7502);
#3450=VERTEX_POINT('',#7504);
#3451=VERTEX_POINT('',#7506);
#3452=VERTEX_POINT('',#7508);
#3453=VERTEX_POINT('',#7510);
#3454=VERTEX_POINT('',#7512);
#3455=VERTEX_POINT('',#7514);
#3456=VERTEX_POINT('',#7516);
#3457=VERTEX_POINT('',#7518);
#3458=VERTEX_POINT('',#7520);
#3459=VERTEX_POINT('',#7522);
#3460=VERTEX_POINT('',#7524);
#3461=VERTEX_POINT('',#7526);
#3462=VERTEX_POINT('',#7528);
#3463=VERTEX_POINT('',#7530);
#3464=VERTEX_POINT('',#7532);
#3465=VERTEX_POINT('',#7534);
#3466=VERTEX_POINT('',#7536);
#3467=VERTEX_POINT('',#7538);
#3468=VERTEX_POINT('',#7540);
#3469=VERTEX_POINT('',#7542);
#3470=VERTEX_POINT('',#7544);
#3471=VERTEX_POINT('',#7546);
#3472=VERTEX_POINT('',#7548);
#3473=VERTEX_POINT('',#7550);
#3474=VERTEX_POINT('',#7552);
#3475=VERTEX_POINT('',#7554);
#3476=VERTEX_POINT('',#7556);
#3477=VERTEX_POINT('',#7558);
#3478=VERTEX_POINT('',#7560);
#3479=VERTEX_POINT('',#7562);
#3480=VERTEX_POINT('',#7564);
#3481=VERTEX_POINT('',#7566);
#3482=VERTEX_POINT('',#7568);
#3483=VERTEX_POINT('',#7570);
#3484=VERTEX_POINT('',#7572);
#3485=VERTEX_POINT('',#7574);
#3486=VERTEX_POINT('',#7576);
#3487=VERTEX_POINT('',#7578);
#3488=VERTEX_POINT('',#7580);
#3489=VERTEX_POINT('',#7582);
#3490=VERTEX_POINT('',#7584);
#3491=VERTEX_POINT('',#7586);
#3492=VERTEX_POINT('',#7589);
#3493=VERTEX_POINT('',#7591);
#3494=VERTEX_POINT('',#7593);
#3495=VERTEX_POINT('',#7595);
#3496=VERTEX_POINT('',#7597);
#3497=VERTEX_POINT('',#7599);
#3498=VERTEX_POINT('',#7601);
#3499=VERTEX_POINT('',#7603);
#3500=VERTEX_POINT('',#7605);
#3501=VERTEX_POINT('',#7607);
#3502=VERTEX_POINT('',#7609);
#3503=VERTEX_POINT('',#7611);
#3504=VERTEX_POINT('',#7613);
#3505=VERTEX_POINT('',#7615);
#3506=VERTEX_POINT('',#7617);
#3507=VERTEX_POINT('',#7619);
#3508=VERTEX_POINT('',#7621);
#3509=VERTEX_POINT('',#7623);
#3510=VERTEX_POINT('',#7625);
#3511=VERTEX_POINT('',#7627);
#3512=VERTEX_POINT('',#7629);
#3513=VERTEX_POINT('',#7631);
#3514=VERTEX_POINT('',#7633);
#3515=VERTEX_POINT('',#7635);
#3516=VERTEX_POINT('',#7637);
#3517=VERTEX_POINT('',#7639);
#3518=VERTEX_POINT('',#7641);
#3519=VERTEX_POINT('',#7643);
#3520=VERTEX_POINT('',#7645);
#3521=VERTEX_POINT('',#7647);
#3522=VERTEX_POINT('',#7649);
#3523=VERTEX_POINT('',#7651);
#3524=VERTEX_POINT('',#7653);
#3525=VERTEX_POINT('',#7655);
#3526=VERTEX_POINT('',#7657);
#3527=VERTEX_POINT('',#7659);
#3528=VERTEX_POINT('',#7661);
#3529=VERTEX_POINT('',#7663);
#3530=VERTEX_POINT('',#7665);
#3531=VERTEX_POINT('',#7667);
#3532=VERTEX_POINT('',#7669);
#3533=VERTEX_POINT('',#7671);
#3534=VERTEX_POINT('',#7673);
#3535=VERTEX_POINT('',#7675);
#3536=VERTEX_POINT('',#7677);
#3537=VERTEX_POINT('',#7679);
#3538=VERTEX_POINT('',#7681);
#3539=VERTEX_POINT('',#7683);
#3540=VERTEX_POINT('',#7685);
#3541=VERTEX_POINT('',#7793);
#3542=CIRCLE('',#4710,0.00319999999999996);
#3543=CIRCLE('',#4711,0.00319999999999996);
#3544=CIRCLE('',#4712,0.00319999999999996);
#3545=CIRCLE('',#4713,0.00425);
#3546=CIRCLE('',#4714,0.00425);
#3547=CIRCLE('',#4715,0.00424999999999992);
#3548=CIRCLE('',#4716,0.00424999999999992);
#3549=CIRCLE('',#4717,0.00319999999999996);
#3550=CIRCLE('',#4718,0.00264000193565606);
#3551=CIRCLE('',#4719,0.00264002056259031);
#3552=CIRCLE('',#4720,0.00263984993924602);
#3553=CIRCLE('',#4721,0.00264038624366698);
#3554=CIRCLE('',#4722,0.0027241088230529);
#3555=CIRCLE('',#4723,0.002640171784156);
#3556=CIRCLE('',#4724,0.00272618796847806);
#3557=CIRCLE('',#4725,0.00263998545634098);
#3558=CIRCLE('',#4726,0.00263978143325816);
#3559=CIRCLE('',#4727,0.00263969653134902);
#3560=CIRCLE('',#4728,0.00263967192280701);
#3561=CIRCLE('',#4729,0.00264004283743697);
#3562=CIRCLE('',#4730,0.00264009227672481);
#3563=CIRCLE('',#4731,0.00264027012808012);
#3564=CIRCLE('',#4732,0.00263994752316606);
#3565=CIRCLE('',#4733,0.00264002120551807);
#3566=CIRCLE('',#4734,0.00264011756131803);
#3567=CIRCLE('',#4735,0.00264008216308993);
#3568=CIRCLE('',#4736,0.00263981654441306);
#3569=CIRCLE('',#4737,0.00264001706694594);
#3570=CIRCLE('',#4738,0.0026404060931819);
#3571=CIRCLE('',#4739,0.00263982377890799);
#3572=CIRCLE('',#4740,0.00264012902565389);
#3573=CIRCLE('',#4741,0.00263971567283806);
#3574=CIRCLE('',#4742,0.00264010013424205);
#3575=CIRCLE('',#4743,0.00264003174966797);
#3576=CIRCLE('',#4744,0.00264005570680527);
#3577=CIRCLE('',#4745,0.00264024540923084);
#3578=CIRCLE('',#4746,0.00264004386899516);
#3579=CIRCLE('',#4747,0.00263963363743287);
#3580=CIRCLE('',#4748,0.00263982825401008);
#3581=CIRCLE('',#4749,0.00263984353563199);
#3582=CIRCLE('',#4750,0.00264032502062431);
#3583=CIRCLE('',#4751,0.00263950794361015);
#3584=CIRCLE('',#4752,0.00263979273774793);
#3585=CIRCLE('',#4753,0.00272603084451807);
#3586=CIRCLE('',#4754,0.00263976677093406);
#3587=CIRCLE('',#4755,0.00272422870878361);
#3588=CIRCLE('',#4756,0.00264015369192995);
#3589=CIRCLE('',#4757,0.00263985364516507);
#3590=CIRCLE('',#4758,0.00271087308705264);
#3591=CIRCLE('',#4759,0.00264003029950286);
#3592=CIRCLE('',#4761,0.00459998545634098);
#3593=CIRCLE('',#4762,0.00459998545634098);
#3594=CIRCLE('',#4765,0.00459978143325802);
#3595=CIRCLE('',#4766,0.00459978143325802);
#3596=CIRCLE('',#4769,0.00459969653134895);
#3597=CIRCLE('',#4770,0.00459969653134895);
#3598=CIRCLE('',#4773,0.004599671922807);
#3599=CIRCLE('',#4774,0.004599671922807);
#3600=CIRCLE('',#4777,0.0046000428374369);
#3601=CIRCLE('',#4778,0.0046000428374369);
#3602=CIRCLE('',#4781,0.00460009227672498);
#3603=CIRCLE('',#4782,0.00460009227672498);
#3604=CIRCLE('',#4785,0.00460027012807991);
#3605=CIRCLE('',#4786,0.00460027012807991);
#3606=CIRCLE('',#4789,0.00459994752316615);
#3607=CIRCLE('',#4790,0.00459994752316615);
#3608=CIRCLE('',#4796,0.00460002120551808);
#3609=CIRCLE('',#4797,0.00460002120551808);
#3610=CIRCLE('',#4800,0.00460011756131795);
#3611=CIRCLE('',#4801,0.00460011756131795);
#3612=CIRCLE('',#4804,0.0046000821630901);
#3613=CIRCLE('',#4805,0.0046000821630901);
#3614=CIRCLE('',#4808,0.00459981654441301);
#3615=CIRCLE('',#4809,0.00459981654441301);
#3616=CIRCLE('',#4813,0.00460001706694584);
#3617=CIRCLE('',#4814,0.00460001706694584);
#3618=CIRCLE('',#4817,0.00460040609318173);
#3619=CIRCLE('',#4818,0.00460040609318173);
#3620=CIRCLE('',#4824,0.00459982377890802);
#3621=CIRCLE('',#4825,0.00459982377890802);
#3622=CIRCLE('',#4828,0.00460012902565377);
#3623=CIRCLE('',#4829,0.00460012902565377);
#3624=CIRCLE('',#4833,0.00459971567283788);
#3625=CIRCLE('',#4834,0.00459971567283788);
#3626=CIRCLE('',#4837,0.00460010013423954);
#3627=CIRCLE('',#4838,0.00460010013423954);
#3628=CIRCLE('',#4841,0.00460003174966788);
#3629=CIRCLE('',#4842,0.00460003174966788);
#3630=CIRCLE('',#4845,0.00460005570680507);
#3631=CIRCLE('',#4846,0.00460005570680507);
#3632=CIRCLE('',#4853,0.00460024540923144);
#3633=CIRCLE('',#4854,0.00460024540923144);
#3634=CIRCLE('',#4857,0.00460004386899485);
#3635=CIRCLE('',#4858,0.00460004386899485);
#3636=CIRCLE('',#4861,0.00459963363743255);
#3637=CIRCLE('',#4862,0.00459963363743255);
#3638=CIRCLE('',#4865,0.00459982825400985);
#3639=CIRCLE('',#4866,0.00459982825400985);
#3640=CIRCLE('',#4869,0.00459984353563167);
#3641=CIRCLE('',#4870,0.00459984353563167);
#3642=CIRCLE('',#4873,0.00460032502062343);
#3643=CIRCLE('',#4874,0.00460032502062343);
#3644=CIRCLE('',#4877,0.00459950794360983);
#3645=CIRCLE('',#4878,0.00459950794360983);
#3646=CIRCLE('',#4881,0.00459979273774793);
#3647=CIRCLE('',#4882,0.00459979273774793);
#3648=CIRCLE('',#4885,0.00468603084451848);
#3649=CIRCLE('',#4886,0.00468603084451848);
#3650=CIRCLE('',#4889,0.00459976677093396);
#3651=CIRCLE('',#4890,0.00459976677093396);
#3652=CIRCLE('',#4893,0.00468422870878388);
#3653=CIRCLE('',#4894,0.00468422870878388);
#3654=CIRCLE('',#4897,0.00460015369192991);
#3655=CIRCLE('',#4898,0.00460015369192991);
#3656=CIRCLE('',#4901,0.00459985364516502);
#3657=CIRCLE('',#4902,0.00459985364516502);
#3658=CIRCLE('',#4905,0.00467087308704959);
#3659=CIRCLE('',#4906,0.00467087308704959);
#3660=CIRCLE('',#4911,0.0046000302995029);
#3661=CIRCLE('',#4912,0.0046000302995029);
#3662=CIRCLE('',#4916,0.00460000193565586);
#3663=CIRCLE('',#4917,0.00460000193565586);
#3664=CIRCLE('',#4922,0.0046000205625919);
#3665=CIRCLE('',#4923,0.0046000205625919);
#3666=CIRCLE('',#4926,0.00459984993924603);
#3667=CIRCLE('',#4927,0.00459984993924603);
#3668=CIRCLE('',#4930,0.00460038624366699);
#3669=CIRCLE('',#4931,0.00460038624366699);
#3670=CIRCLE('',#4934,0.00468410882305246);
#3671=CIRCLE('',#4935,0.00468410882305246);
#3672=CIRCLE('',#4938,0.00460017178415594);
#3673=CIRCLE('',#4939,0.00460017178415594);
#3674=CIRCLE('',#4942,0.00468618796847753);
#3675=CIRCLE('',#4943,0.00468618796847753);
#3676=CIRCLE('',#4947,0.0016);
#3677=CIRCLE('',#4948,0.0016);
#3678=CIRCLE('',#4950,0.00319999999999996);
#3679=CIRCLE('',#4954,0.00224999999999997);
#3680=CIRCLE('',#4955,0.00224999999999997);
#3681=CIRCLE('',#4957,0.00424999999999992);
#3682=CIRCLE('',#4961,0.00224999999999997);
#3683=CIRCLE('',#4962,0.00224999999999997);
#3684=CIRCLE('',#4964,0.00424999999999992);
#3685=CIRCLE('',#4968,0.00225);
#3686=CIRCLE('',#4969,0.00225);
#3687=CIRCLE('',#4971,0.00425);
#3688=CIRCLE('',#4975,0.00225);
#3689=CIRCLE('',#4976,0.00225);
#3690=CIRCLE('',#4978,0.00425);
#3691=CIRCLE('',#4982,0.0016);
#3692=CIRCLE('',#4983,0.0016);
#3693=CIRCLE('',#4985,0.00319999999999996);
#3694=CIRCLE('',#4989,0.0016);
#3695=CIRCLE('',#4990,0.0016);
#3696=CIRCLE('',#4992,0.00319999999999996);
#3697=CIRCLE('',#4996,0.0016);
#3698=CIRCLE('',#4997,0.0016);
#3699=CIRCLE('',#4999,0.00319999999999996);
#3700=CIRCLE('',#5004,0.00263982377890799);
#3701=CIRCLE('',#5005,0.0026404060931819);
#3702=CIRCLE('',#5006,0.00264001706694594);
#3703=CIRCLE('',#5007,0.00263981654441306);
#3704=CIRCLE('',#5008,0.00264008216308993);
#3705=CIRCLE('',#5009,0.00264011756131803);
#3706=CIRCLE('',#5010,0.00264002120551807);
#3707=CIRCLE('',#5011,0.00263994752316606);
#3708=CIRCLE('',#5012,0.00264027012808012);
#3709=CIRCLE('',#5013,0.00264009227672481);
#3710=CIRCLE('',#5014,0.00264004283743697);
#3711=CIRCLE('',#5015,0.00263967192280701);
#3712=CIRCLE('',#5016,0.00263969653134902);
#3713=CIRCLE('',#5017,0.00263978143325816);
#3714=CIRCLE('',#5018,0.00263998545634098);
#3715=CIRCLE('',#5019,0.00272618796847806);
#3716=CIRCLE('',#5020,0.002640171784156);
#3717=CIRCLE('',#5021,0.0027241088230529);
#3718=CIRCLE('',#5022,0.00264038624366698);
#3719=CIRCLE('',#5023,0.00263984993924602);
#3720=CIRCLE('',#5024,0.00264002056259031);
#3721=CIRCLE('',#5025,0.00264000193565606);
#3722=CIRCLE('',#5026,0.00264003029950286);
#3723=CIRCLE('',#5027,0.00271087308705264);
#3724=CIRCLE('',#5028,0.00263985364516507);
#3725=CIRCLE('',#5029,0.00264015369192995);
#3726=CIRCLE('',#5030,0.00272422870878361);
#3727=CIRCLE('',#5031,0.00263976677093406);
#3728=CIRCLE('',#5032,0.00272603084451807);
#3729=CIRCLE('',#5033,0.00263979273774793);
#3730=CIRCLE('',#5034,0.00263950794361015);
#3731=CIRCLE('',#5035,0.00264032502062431);
#3732=CIRCLE('',#5036,0.00263984353563199);
#3733=CIRCLE('',#5037,0.00263982825401008);
#3734=CIRCLE('',#5038,0.00263963363743287);
#3735=CIRCLE('',#5039,0.00264004386899516);
#3736=CIRCLE('',#5040,0.00264024540923084);
#3737=CIRCLE('',#5041,0.00264005570680527);
#3738=CIRCLE('',#5042,0.00264003174966797);
#3739=CIRCLE('',#5043,0.00264010013424205);
#3740=CIRCLE('',#5044,0.00263971567283806);
#3741=CIRCLE('',#5045,0.00264012902565389);
#3742=EDGE_LOOP('',(#1060));
#3743=EDGE_LOOP('',(#1061));
#3744=EDGE_LOOP('',(#1062));
#3745=EDGE_LOOP('',(#1063));
#3746=EDGE_LOOP('',(#1064));
#3747=EDGE_LOOP('',(#1065));
#3748=EDGE_LOOP('',(#1066));
#3749=EDGE_LOOP('',(#1067));
#3750=EDGE_LOOP('',(#1068,#1069,#1070,#1071,#1072,#1073,#1074,#1075,#1076,
#1077,#1078,#1079,#1080,#1081,#1082,#1083,#1084,#1085,#1086,#1087,#1088,
#1089,#1090,#1091,#1092,#1093,#1094,#1095,#1096,#1097,#1098,#1099,#1100,
#1101,#1102,#1103,#1104,#1105,#1106,#1107,#1108,#1109,#1110,#1111,#1112,
#1113,#1114,#1115,#1116,#1117,#1118,#1119,#1120,#1121,#1122,#1123,#1124,
#1125,#1126,#1127,#1128,#1129,#1130,#1131,#1132,#1133,#1134,#1135,#1136,
#1137,#1138,#1139,#1140,#1141,#1142,#1143,#1144,#1145,#1146,#1147,#1148,
#1149,#1150,#1151,#1152,#1153,#1154,#1155,#1156,#1157,#1158,#1159,#1160,
#1161,#1162,#1163,#1164,#1165,#1166,#1167,#1168,#1169,#1170,#1171,#1172,
#1173,#1174,#1175,#1176,#1177,#1178,#1179));
#3751=EDGE_LOOP('',(#1180,#1181,#1182,#1183));
#3752=EDGE_LOOP('',(#1184,#1185,#1186,#1187));
#3753=EDGE_LOOP('',(#1188,#1189,#1190,#1191));
#3754=EDGE_LOOP('',(#1192,#1193,#1194,#1195));
#3755=EDGE_LOOP('',(#1196,#1197,#1198,#1199));
#3756=EDGE_LOOP('',(#1200,#1201,#1202,#1203));
#3757=EDGE_LOOP('',(#1204,#1205,#1206,#1207));
#3758=EDGE_LOOP('',(#1208,#1209,#1210,#1211));
#3759=EDGE_LOOP('',(#1212,#1213,#1214,#1215));
#3760=EDGE_LOOP('',(#1216,#1217,#1218,#1219));
#3761=EDGE_LOOP('',(#1220,#1221,#1222,#1223));
#3762=EDGE_LOOP('',(#1224,#1225,#1226,#1227));
#3763=EDGE_LOOP('',(#1228,#1229,#1230,#1231));
#3764=EDGE_LOOP('',(#1232,#1233,#1234,#1235));
#3765=EDGE_LOOP('',(#1236,#1237,#1238,#1239));
#3766=EDGE_LOOP('',(#1240,#1241,#1242,#1243));
#3767=EDGE_LOOP('',(#1244,#1245,#1246,#1247));
#3768=EDGE_LOOP('',(#1248,#1249,#1250,#1251));
#3769=EDGE_LOOP('',(#1252,#1253,#1254,#1255));
#3770=EDGE_LOOP('',(#1256,#1257,#1258,#1259));
#3771=EDGE_LOOP('',(#1260,#1261,#1262,#1263));
#3772=EDGE_LOOP('',(#1264,#1265,#1266,#1267));
#3773=EDGE_LOOP('',(#1268,#1269,#1270,#1271));
#3774=EDGE_LOOP('',(#1272,#1273,#1274,#1275));
#3775=EDGE_LOOP('',(#1276,#1277,#1278,#1279));
#3776=EDGE_LOOP('',(#1280,#1281,#1282,#1283));
#3777=EDGE_LOOP('',(#1284,#1285,#1286,#1287));
#3778=EDGE_LOOP('',(#1288,#1289,#1290,#1291));
#3779=EDGE_LOOP('',(#1292,#1293,#1294,#1295));
#3780=EDGE_LOOP('',(#1296,#1297,#1298,#1299));
#3781=EDGE_LOOP('',(#1300,#1301,#1302,#1303));
#3782=EDGE_LOOP('',(#1304,#1305,#1306,#1307));
#3783=EDGE_LOOP('',(#1308,#1309,#1310,#1311));
#3784=EDGE_LOOP('',(#1312,#1313,#1314,#1315));
#3785=EDGE_LOOP('',(#1316,#1317,#1318,#1319));
#3786=EDGE_LOOP('',(#1320,#1321,#1322,#1323));
#3787=EDGE_LOOP('',(#1324,#1325,#1326,#1327));
#3788=EDGE_LOOP('',(#1328,#1329,#1330,#1331));
#3789=EDGE_LOOP('',(#1332,#1333,#1334,#1335));
#3790=EDGE_LOOP('',(#1336,#1337,#1338,#1339));
#3791=EDGE_LOOP('',(#1340,#1341,#1342,#1343));
#3792=EDGE_LOOP('',(#1344,#1345,#1346,#1347));
#3793=EDGE_LOOP('',(#1348,#1349,#1350,#1351));
#3794=EDGE_LOOP('',(#1352,#1353,#1354,#1355));
#3795=EDGE_LOOP('',(#1356,#1357,#1358,#1359));
#3796=EDGE_LOOP('',(#1360,#1361,#1362,#1363));
#3797=EDGE_LOOP('',(#1364,#1365,#1366,#1367));
#3798=EDGE_LOOP('',(#1368,#1369,#1370,#1371));
#3799=EDGE_LOOP('',(#1372,#1373,#1374,#1375));
#3800=EDGE_LOOP('',(#1376,#1377,#1378,#1379));
#3801=EDGE_LOOP('',(#1380,#1381,#1382,#1383));
#3802=EDGE_LOOP('',(#1384,#1385,#1386,#1387));
#3803=EDGE_LOOP('',(#1388,#1389,#1390,#1391));
#3804=EDGE_LOOP('',(#1392,#1393,#1394,#1395));
#3805=EDGE_LOOP('',(#1396,#1397,#1398,#1399));
#3806=EDGE_LOOP('',(#1400,#1401,#1402,#1403));
#3807=EDGE_LOOP('',(#1404,#1405,#1406,#1407));
#3808=EDGE_LOOP('',(#1408,#1409,#1410,#1411));
#3809=EDGE_LOOP('',(#1412,#1413,#1414,#1415));
#3810=EDGE_LOOP('',(#1416,#1417,#1418,#1419));
#3811=EDGE_LOOP('',(#1420,#1421,#1422,#1423));
#3812=EDGE_LOOP('',(#1424,#1425,#1426,#1427));
#3813=EDGE_LOOP('',(#1428,#1429,#1430,#1431));
#3814=EDGE_LOOP('',(#1432,#1433,#1434,#1435));
#3815=EDGE_LOOP('',(#1436,#1437,#1438,#1439));
#3816=EDGE_LOOP('',(#1440,#1441,#1442,#1443));
#3817=EDGE_LOOP('',(#1444,#1445,#1446,#1447));
#3818=EDGE_LOOP('',(#1448,#1449,#1450,#1451));
#3819=EDGE_LOOP('',(#1452,#1453,#1454,#1455));
#3820=EDGE_LOOP('',(#1456,#1457,#1458,#1459));
#3821=EDGE_LOOP('',(#1460,#1461,#1462,#1463));
#3822=EDGE_LOOP('',(#1464,#1465,#1466,#1467));
#3823=EDGE_LOOP('',(#1468,#1469,#1470,#1471));
#3824=EDGE_LOOP('',(#1472,#1473,#1474,#1475));
#3825=EDGE_LOOP('',(#1476,#1477,#1478,#1479));
#3826=EDGE_LOOP('',(#1480,#1481,#1482,#1483));
#3827=EDGE_LOOP('',(#1484,#1485,#1486,#1487));
#3828=EDGE_LOOP('',(#1488,#1489,#1490,#1491));
#3829=EDGE_LOOP('',(#1492,#1493,#1494,#1495));
#3830=EDGE_LOOP('',(#1496,#1497,#1498,#1499));
#3831=EDGE_LOOP('',(#1500,#1501,#1502,#1503));
#3832=EDGE_LOOP('',(#1504,#1505,#1506,#1507));
#3833=EDGE_LOOP('',(#1508,#1509,#1510,#1511));
#3834=EDGE_LOOP('',(#1512,#1513,#1514,#1515,#1516,#1517,#1518,#1519));
#3835=EDGE_LOOP('',(#1520,#1521,#1522,#1523,#1524,#1525,#1526,#1527));
#3836=EDGE_LOOP('',(#1528,#1529,#1530,#1531));
#3837=EDGE_LOOP('',(#1532,#1533,#1534,#1535));
#3838=EDGE_LOOP('',(#1536,#1537,#1538,#1539));
#3839=EDGE_LOOP('',(#1540,#1541,#1542,#1543));
#3840=EDGE_LOOP('',(#1544,#1545,#1546,#1547));
#3841=EDGE_LOOP('',(#1548,#1549,#1550,#1551));
#3842=EDGE_LOOP('',(#1552,#1553,#1554,#1555));
#3843=EDGE_LOOP('',(#1556,#1557,#1558,#1559));
#3844=EDGE_LOOP('',(#1560,#1561,#1562,#1563));
#3845=EDGE_LOOP('',(#1564,#1565,#1566,#1567));
#3846=EDGE_LOOP('',(#1568,#1569,#1570,#1571));
#3847=EDGE_LOOP('',(#1572,#1573,#1574,#1575));
#3848=EDGE_LOOP('',(#1576,#1577,#1578,#1579));
#3849=EDGE_LOOP('',(#1580,#1581,#1582,#1583));
#3850=EDGE_LOOP('',(#1584,#1585,#1586,#1587));
#3851=EDGE_LOOP('',(#1588,#1589,#1590,#1591));
#3852=EDGE_LOOP('',(#1592,#1593,#1594,#1595,#1596,#1597,#1598,#1599,#1600,
#1601,#1602,#1603,#1604,#1605,#1606,#1607,#1608,#1609,#1610,#1611,#1612,
#1613,#1614,#1615,#1616,#1617,#1618,#1619,#1620,#1621,#1622,#1623,#1624,
#1625,#1626,#1627,#1628,#1629,#1630,#1631,#1632,#1633,#1634,#1635,#1636,
#1637,#1638,#1639,#1640,#1641,#1642,#1643,#1644,#1645,#1646,#1647,#1648,
#1649,#1650,#1651,#1652,#1653,#1654,#1655,#1656,#1657,#1658,#1659,#1660,
#1661,#1662,#1663,#1664,#1665,#1666,#1667,#1668,#1669,#1670,#1671,#1672,
#1673,#1674,#1675,#1676,#1677,#1678,#1679,#1680,#1681,#1682,#1683,#1684,
#1685,#1686,#1687,#1688,#1689,#1690,#1691,#1692));
#3853=EDGE_LOOP('',(#1693));
#3854=EDGE_LOOP('',(#1694));
#3855=EDGE_LOOP('',(#1695));
#3856=EDGE_LOOP('',(#1696));
#3857=EDGE_LOOP('',(#1697));
#3858=EDGE_LOOP('',(#1698));
#3859=EDGE_LOOP('',(#1699));
#3860=EDGE_LOOP('',(#1700));
#3861=EDGE_LOOP('',(#1701));
#3862=EDGE_LOOP('',(#1702));
#3863=EDGE_LOOP('',(#1703));
#3864=EDGE_LOOP('',(#1704));
#3865=EDGE_LOOP('',(#1705));
#3866=EDGE_LOOP('',(#1706));
#3867=EDGE_LOOP('',(#1707));
#3868=EDGE_LOOP('',(#1708));
#3869=EDGE_LOOP('',(#1709));
#3870=EDGE_LOOP('',(#1710));
#3871=EDGE_LOOP('',(#1711));
#3872=EDGE_LOOP('',(#1712));
#3873=EDGE_LOOP('',(#1713));
#3874=EDGE_LOOP('',(#1714));
#3875=EDGE_LOOP('',(#1715));
#3876=EDGE_LOOP('',(#1716));
#3877=EDGE_LOOP('',(#1717));
#3878=EDGE_LOOP('',(#1718));
#3879=EDGE_LOOP('',(#1719));
#3880=EDGE_LOOP('',(#1720));
#3881=EDGE_LOOP('',(#1721));
#3882=EDGE_LOOP('',(#1722));
#3883=EDGE_LOOP('',(#1723));
#3884=EDGE_LOOP('',(#1724));
#3885=EDGE_LOOP('',(#1725));
#3886=EDGE_LOOP('',(#1726));
#3887=EDGE_LOOP('',(#1727));
#3888=EDGE_LOOP('',(#1728));
#3889=EDGE_LOOP('',(#1729));
#3890=EDGE_LOOP('',(#1730));
#3891=EDGE_LOOP('',(#1731));
#3892=EDGE_LOOP('',(#1732));
#3893=EDGE_LOOP('',(#1733));
#3894=EDGE_LOOP('',(#1734));
#3895=EDGE_LOOP('',(#1735));
#3896=EDGE_LOOP('',(#1736));
#3897=EDGE_LOOP('',(#1737));
#3898=EDGE_LOOP('',(#1738));
#3899=EDGE_LOOP('',(#1739));
#3900=EDGE_LOOP('',(#1740));
#3901=EDGE_LOOP('',(#1741));
#3902=EDGE_LOOP('',(#1742));
#3903=EDGE_LOOP('',(#1743));
#3904=EDGE_LOOP('',(#1744));
#3905=EDGE_LOOP('',(#1745));
#3906=EDGE_LOOP('',(#1746));
#3907=EDGE_LOOP('',(#1747));
#3908=EDGE_LOOP('',(#1748));
#3909=EDGE_LOOP('',(#1749,#1750,#1751,#1752,#1753,#1754));
#3910=EDGE_LOOP('',(#1755,#1756,#1757,#1758,#1759,#1760,#1761,#1762,#1763,
#1764,#1765,#1766,#1767,#1768,#1769,#1770,#1771,#1772,#1773,#1774,#1775,
#1776,#1777,#1778,#1779,#1780,#1781,#1782,#1783,#1784,#1785,#1786,#1787,
#1788,#1789,#1790,#1791,#1792,#1793,#1794,#1795,#1796,#1797,#1798,#1799,
#1800,#1801,#1802,#1803,#1804,#1805,#1806,#1807,#1808,#1809,#1810,#1811,
#1812,#1813,#1814,#1815,#1816,#1817,#1818,#1819,#1820,#1821,#1822,#1823,
#1824,#1825,#1826,#1827,#1828,#1829,#1830,#1831,#1832,#1833,#1834,#1835,
#1836,#1837,#1838,#1839,#1840,#1841,#1842,#1843,#1844,#1845,#1846,#1847,
#1848,#1849,#1850,#1851,#1852,#1853,#1854,#1855));
#3911=EDGE_LOOP('',(#1856,#1857,#1858,#1859,#1860,#1861,#1862,#1863,#1864,
#1865,#1866,#1867,#1868,#1869,#1870,#1871,#1872,#1873,#1874,#1875,#1876,
#1877,#1878,#1879,#1880,#1881,#1882,#1883,#1884,#1885,#1886,#1887,#1888,
#1889,#1890,#1891,#1892,#1893,#1894,#1895,#1896,#1897,#1898,#1899,#1900,
#1901,#1902,#1903,#1904,#1905,#1906,#1907,#1908,#1909,#1910,#1911,#1912,
#1913,#1914,#1915,#1916,#1917,#1918,#1919,#1920,#1921,#1922,#1923,#1924,
#1925,#1926,#1927,#1928,#1929,#1930,#1931,#1932,#1933,#1934,#1935,#1936,
#1937,#1938,#1939,#1940,#1941,#1942,#1943,#1944,#1945,#1946,#1947,#1948,
#1949,#1950,#1951,#1952,#1953,#1954,#1955,#1956,#1957,#1958,#1959,#1960,
#1961,#1962,#1963));
#3912=EDGE_LOOP('',(#1964,#1965,#1966,#1967));
#3913=EDGE_LOOP('',(#1968,#1969,#1970,#1971));
#3914=EDGE_LOOP('',(#1972,#1973,#1974,#1975));
#3915=EDGE_LOOP('',(#1976,#1977,#1978,#1979));
#3916=EDGE_LOOP('',(#1980,#1981,#1982,#1983));
#3917=EDGE_LOOP('',(#1984,#1985,#1986,#1987));
#3918=EDGE_LOOP('',(#1988,#1989,#1990,#1991));
#3919=EDGE_LOOP('',(#1992,#1993,#1994,#1995));
#3920=EDGE_LOOP('',(#1996,#1997,#1998,#1999));
#3921=EDGE_LOOP('',(#2000,#2001,#2002,#2003));
#3922=EDGE_LOOP('',(#2004,#2005,#2006,#2007));
#3923=EDGE_LOOP('',(#2008,#2009,#2010,#2011));
#3924=EDGE_LOOP('',(#2012,#2013,#2014,#2015));
#3925=EDGE_LOOP('',(#2016,#2017,#2018,#2019));
#3926=EDGE_LOOP('',(#2020,#2021,#2022,#2023));
#3927=EDGE_LOOP('',(#2024,#2025,#2026,#2027));
#3928=EDGE_LOOP('',(#2028,#2029,#2030,#2031));
#3929=EDGE_LOOP('',(#2032,#2033,#2034,#2035));
#3930=EDGE_LOOP('',(#2036,#2037,#2038,#2039));
#3931=EDGE_LOOP('',(#2040,#2041,#2042,#2043));
#3932=EDGE_LOOP('',(#2044,#2045,#2046,#2047));
#3933=EDGE_LOOP('',(#2048,#2049,#2050,#2051));
#3934=EDGE_LOOP('',(#2052,#2053,#2054,#2055));
#3935=EDGE_LOOP('',(#2056,#2057,#2058,#2059));
#3936=EDGE_LOOP('',(#2060,#2061,#2062,#2063));
#3937=EDGE_LOOP('',(#2064,#2065,#2066,#2067));
#3938=EDGE_LOOP('',(#2068,#2069,#2070,#2071));
#3939=EDGE_LOOP('',(#2072,#2073,#2074,#2075));
#3940=EDGE_LOOP('',(#2076,#2077,#2078,#2079));
#3941=EDGE_LOOP('',(#2080,#2081,#2082,#2083));
#3942=EDGE_LOOP('',(#2084,#2085,#2086,#2087));
#3943=EDGE_LOOP('',(#2088,#2089,#2090,#2091));
#3944=EDGE_LOOP('',(#2092,#2093,#2094,#2095));
#3945=EDGE_LOOP('',(#2096,#2097,#2098,#2099));
#3946=EDGE_LOOP('',(#2100,#2101,#2102,#2103));
#3947=EDGE_LOOP('',(#2104,#2105,#2106,#2107));
#3948=EDGE_LOOP('',(#2108,#2109,#2110,#2111));
#3949=EDGE_LOOP('',(#2112,#2113,#2114,#2115));
#3950=EDGE_LOOP('',(#2116,#2117,#2118,#2119));
#3951=EDGE_LOOP('',(#2120,#2121,#2122,#2123));
#3952=EDGE_LOOP('',(#2124,#2125,#2126,#2127));
#3953=EDGE_LOOP('',(#2128,#2129,#2130,#2131));
#3954=EDGE_LOOP('',(#2132,#2133,#2134,#2135));
#3955=EDGE_LOOP('',(#2136,#2137,#2138,#2139));
#3956=EDGE_LOOP('',(#2140,#2141,#2142,#2143));
#3957=EDGE_LOOP('',(#2144,#2145,#2146,#2147));
#3958=EDGE_LOOP('',(#2148,#2149,#2150,#2151));
#3959=EDGE_LOOP('',(#2152,#2153,#2154,#2155));
#3960=EDGE_LOOP('',(#2156,#2157,#2158,#2159));
#3961=EDGE_LOOP('',(#2160,#2161,#2162,#2163));
#3962=EDGE_LOOP('',(#2164,#2165,#2166,#2167));
#3963=EDGE_LOOP('',(#2168,#2169,#2170,#2171));
#3964=EDGE_LOOP('',(#2172,#2173,#2174,#2175,#2176,#2177));
#3965=EDGE_LOOP('',(#2178,#2179,#2180,#2181));
#3966=EDGE_LOOP('',(#2182,#2183,#2184,#2185));
#3967=EDGE_LOOP('',(#2186,#2187,#2188,#2189));
#3968=EDGE_LOOP('',(#2190,#2191,#2192,#2193));
#3969=EDGE_LOOP('',(#2194,#2195,#2196,#2197));
#3970=EDGE_LOOP('',(#2198,#2199,#2200,#2201));
#3971=EDGE_LOOP('',(#2202,#2203,#2204,#2205));
#3972=EDGE_LOOP('',(#2206,#2207,#2208,#2209));
#3973=EDGE_LOOP('',(#2210,#2211,#2212,#2213));
#3974=EDGE_LOOP('',(#2214,#2215,#2216,#2217));
#3975=EDGE_LOOP('',(#2218,#2219,#2220,#2221));
#3976=EDGE_LOOP('',(#2222,#2223,#2224,#2225));
#3977=EDGE_LOOP('',(#2226,#2227,#2228,#2229));
#3978=EDGE_LOOP('',(#2230,#2231,#2232,#2233));
#3979=EDGE_LOOP('',(#2234,#2235,#2236,#2237));
#3980=EDGE_LOOP('',(#2238,#2239,#2240,#2241));
#3981=EDGE_LOOP('',(#2242,#2243,#2244,#2245));
#3982=EDGE_LOOP('',(#2246,#2247,#2248,#2249));
#3983=EDGE_LOOP('',(#2250,#2251,#2252,#2253));
#3984=EDGE_LOOP('',(#2254,#2255,#2256,#2257));
#3985=EDGE_LOOP('',(#2258,#2259,#2260,#2261));
#3986=EDGE_LOOP('',(#2262,#2263,#2264,#2265));
#3987=EDGE_LOOP('',(#2266,#2267,#2268,#2269));
#3988=EDGE_LOOP('',(#2270,#2271,#2272,#2273));
#3989=EDGE_LOOP('',(#2274,#2275,#2276,#2277));
#3990=EDGE_LOOP('',(#2278,#2279,#2280,#2281));
#3991=EDGE_LOOP('',(#2282,#2283,#2284,#2285));
#3992=EDGE_LOOP('',(#2286,#2287,#2288,#2289));
#3993=EDGE_LOOP('',(#2290,#2291,#2292,#2293));
#3994=EDGE_LOOP('',(#2294,#2295,#2296,#2297));
#3995=EDGE_LOOP('',(#2298,#2299,#2300,#2301));
#3996=EDGE_LOOP('',(#2302,#2303,#2304,#2305));
#3997=EDGE_LOOP('',(#2306,#2307,#2308,#2309));
#3998=EDGE_LOOP('',(#2310,#2311,#2312,#2313));
#3999=EDGE_LOOP('',(#2314,#2315,#2316,#2317));
#4000=EDGE_LOOP('',(#2318,#2319,#2320,#2321));
#4001=EDGE_LOOP('',(#2322,#2323,#2324,#2325));
#4002=EDGE_LOOP('',(#2326,#2327,#2328,#2329));
#4003=EDGE_LOOP('',(#2330,#2331,#2332,#2333));
#4004=EDGE_LOOP('',(#2334,#2335,#2336,#2337));
#4005=EDGE_LOOP('',(#2338,#2339,#2340,#2341));
#4006=EDGE_LOOP('',(#2342,#2343,#2344,#2345));
#4007=EDGE_LOOP('',(#2346,#2347,#2348,#2349));
#4008=EDGE_LOOP('',(#2350,#2351,#2352,#2353));
#4009=EDGE_LOOP('',(#2354,#2355,#2356,#2357));
#4010=EDGE_LOOP('',(#2358,#2359,#2360,#2361));
#4011=EDGE_LOOP('',(#2362,#2363,#2364,#2365));
#4012=EDGE_LOOP('',(#2366,#2367,#2368,#2369));
#4013=EDGE_LOOP('',(#2370,#2371,#2372,#2373));
#4014=EDGE_LOOP('',(#2374,#2375,#2376,#2377));
#4015=EDGE_LOOP('',(#2378,#2379,#2380,#2381));
#4016=EDGE_LOOP('',(#2382,#2383,#2384,#2385));
#4017=EDGE_LOOP('',(#2386,#2387,#2388,#2389));
#4018=EDGE_LOOP('',(#2390,#2391,#2392,#2393));
#4019=EDGE_LOOP('',(#2394,#2395,#2396,#2397));
#4020=EDGE_LOOP('',(#2398,#2399,#2400,#2401));
#4021=EDGE_LOOP('',(#2402,#2403,#2404,#2405,#2406,#2407));
#4022=FACE_BOUND('',#3742,.T.);
#4023=FACE_BOUND('',#3743,.T.);
#4024=FACE_BOUND('',#3744,.T.);
#4025=FACE_BOUND('',#3745,.T.);
#4026=FACE_BOUND('',#3746,.T.);
#4027=FACE_BOUND('',#3747,.T.);
#4028=FACE_BOUND('',#3748,.T.);
#4029=FACE_BOUND('',#3749,.T.);
#4030=FACE_BOUND('',#3750,.T.);
#4031=FACE_BOUND('',#3751,.T.);
#4032=FACE_BOUND('',#3752,.T.);
#4033=FACE_BOUND('',#3753,.T.);
#4034=FACE_BOUND('',#3754,.T.);
#4035=FACE_BOUND('',#3755,.T.);
#4036=FACE_BOUND('',#3756,.T.);
#4037=FACE_BOUND('',#3757,.T.);
#4038=FACE_BOUND('',#3758,.T.);
#4039=FACE_BOUND('',#3759,.T.);
#4040=FACE_BOUND('',#3760,.T.);
#4041=FACE_BOUND('',#3761,.T.);
#4042=FACE_BOUND('',#3762,.T.);
#4043=FACE_BOUND('',#3763,.T.);
#4044=FACE_BOUND('',#3764,.T.);
#4045=FACE_BOUND('',#3765,.T.);
#4046=FACE_BOUND('',#3766,.T.);
#4047=FACE_BOUND('',#3767,.T.);
#4048=FACE_BOUND('',#3768,.T.);
#4049=FACE_BOUND('',#3769,.T.);
#4050=FACE_BOUND('',#3770,.T.);
#4051=FACE_BOUND('',#3771,.T.);
#4052=FACE_BOUND('',#3772,.T.);
#4053=FACE_BOUND('',#3773,.T.);
#4054=FACE_BOUND('',#3774,.T.);
#4055=FACE_BOUND('',#3775,.T.);
#4056=FACE_BOUND('',#3776,.T.);
#4057=FACE_BOUND('',#3777,.T.);
#4058=FACE_BOUND('',#3778,.T.);
#4059=FACE_BOUND('',#3779,.T.);
#4060=FACE_BOUND('',#3780,.T.);
#4061=FACE_BOUND('',#3781,.T.);
#4062=FACE_BOUND('',#3782,.T.);
#4063=FACE_BOUND('',#3783,.T.);
#4064=FACE_BOUND('',#3784,.T.);
#4065=FACE_BOUND('',#3785,.T.);
#4066=FACE_BOUND('',#3786,.T.);
#4067=FACE_BOUND('',#3787,.T.);
#4068=FACE_BOUND('',#3788,.T.);
#4069=FACE_BOUND('',#3789,.T.);
#4070=FACE_BOUND('',#3790,.T.);
#4071=FACE_BOUND('',#3791,.T.);
#4072=FACE_BOUND('',#3792,.T.);
#4073=FACE_BOUND('',#3793,.T.);
#4074=FACE_BOUND('',#3794,.T.);
#4075=FACE_BOUND('',#3795,.T.);
#4076=FACE_BOUND('',#3796,.T.);
#4077=FACE_BOUND('',#3797,.T.);
#4078=FACE_BOUND('',#3798,.T.);
#4079=FACE_BOUND('',#3799,.T.);
#4080=FACE_BOUND('',#3800,.T.);
#4081=FACE_BOUND('',#3801,.T.);
#4082=FACE_BOUND('',#3802,.T.);
#4083=FACE_BOUND('',#3803,.T.);
#4084=FACE_BOUND('',#3804,.T.);
#4085=FACE_BOUND('',#3805,.T.);
#4086=FACE_BOUND('',#3806,.T.);
#4087=FACE_BOUND('',#3807,.T.);
#4088=FACE_BOUND('',#3808,.T.);
#4089=FACE_BOUND('',#3809,.T.);
#4090=FACE_BOUND('',#3810,.T.);
#4091=FACE_BOUND('',#3811,.T.);
#4092=FACE_BOUND('',#3812,.T.);
#4093=FACE_BOUND('',#3813,.T.);
#4094=FACE_BOUND('',#3814,.T.);
#4095=FACE_BOUND('',#3815,.T.);
#4096=FACE_BOUND('',#3816,.T.);
#4097=FACE_BOUND('',#3817,.T.);
#4098=FACE_BOUND('',#3818,.T.);
#4099=FACE_BOUND('',#3819,.T.);
#4100=FACE_BOUND('',#3820,.T.);
#4101=FACE_BOUND('',#3821,.T.);
#4102=FACE_BOUND('',#3822,.T.);
#4103=FACE_BOUND('',#3823,.T.);
#4104=FACE_BOUND('',#3824,.T.);
#4105=FACE_BOUND('',#3825,.T.);
#4106=FACE_BOUND('',#3826,.T.);
#4107=FACE_BOUND('',#3827,.T.);
#4108=FACE_BOUND('',#3828,.T.);
#4109=FACE_BOUND('',#3829,.T.);
#4110=FACE_BOUND('',#3830,.T.);
#4111=FACE_BOUND('',#3831,.T.);
#4112=FACE_BOUND('',#3832,.T.);
#4113=FACE_BOUND('',#3833,.T.);
#4114=FACE_BOUND('',#3834,.T.);
#4115=FACE_BOUND('',#3835,.T.);
#4116=FACE_BOUND('',#3836,.T.);
#4117=FACE_BOUND('',#3837,.T.);
#4118=FACE_BOUND('',#3838,.T.);
#4119=FACE_BOUND('',#3839,.T.);
#4120=FACE_BOUND('',#3840,.T.);
#4121=FACE_BOUND('',#3841,.T.);
#4122=FACE_BOUND('',#3842,.T.);
#4123=FACE_BOUND('',#3843,.T.);
#4124=FACE_BOUND('',#3844,.T.);
#4125=FACE_BOUND('',#3845,.T.);
#4126=FACE_BOUND('',#3846,.T.);
#4127=FACE_BOUND('',#3847,.T.);
#4128=FACE_BOUND('',#3848,.T.);
#4129=FACE_BOUND('',#3849,.T.);
#4130=FACE_BOUND('',#3850,.T.);
#4131=FACE_BOUND('',#3851,.T.);
#4132=FACE_BOUND('',#3852,.T.);
#4133=FACE_BOUND('',#3853,.T.);
#4134=FACE_BOUND('',#3854,.T.);
#4135=FACE_BOUND('',#3855,.T.);
#4136=FACE_BOUND('',#3856,.T.);
#4137=FACE_BOUND('',#3857,.T.);
#4138=FACE_BOUND('',#3858,.T.);
#4139=FACE_BOUND('',#3859,.T.);
#4140=FACE_BOUND('',#3860,.T.);
#4141=FACE_BOUND('',#3861,.T.);
#4142=FACE_BOUND('',#3862,.T.);
#4143=FACE_BOUND('',#3863,.T.);
#4144=FACE_BOUND('',#3864,.T.);
#4145=FACE_BOUND('',#3865,.T.);
#4146=FACE_BOUND('',#3866,.T.);
#4147=FACE_BOUND('',#3867,.T.);
#4148=FACE_BOUND('',#3868,.T.);
#4149=FACE_BOUND('',#3869,.T.);
#4150=FACE_BOUND('',#3870,.T.);
#4151=FACE_BOUND('',#3871,.T.);
#4152=FACE_BOUND('',#3872,.T.);
#4153=FACE_BOUND('',#3873,.T.);
#4154=FACE_BOUND('',#3874,.T.);
#4155=FACE_BOUND('',#3875,.T.);
#4156=FACE_BOUND('',#3876,.T.);
#4157=FACE_BOUND('',#3877,.T.);
#4158=FACE_BOUND('',#3878,.T.);
#4159=FACE_BOUND('',#3879,.T.);
#4160=FACE_BOUND('',#3880,.T.);
#4161=FACE_BOUND('',#3881,.T.);
#4162=FACE_BOUND('',#3882,.T.);
#4163=FACE_BOUND('',#3883,.T.);
#4164=FACE_BOUND('',#3884,.T.);
#4165=FACE_BOUND('',#3885,.T.);
#4166=FACE_BOUND('',#3886,.T.);
#4167=FACE_BOUND('',#3887,.T.);
#4168=FACE_BOUND('',#3888,.T.);
#4169=FACE_BOUND('',#3889,.T.);
#4170=FACE_BOUND('',#3890,.T.);
#4171=FACE_BOUND('',#3891,.T.);
#4172=FACE_BOUND('',#3892,.T.);
#4173=FACE_BOUND('',#3893,.T.);
#4174=FACE_BOUND('',#3894,.T.);
#4175=FACE_BOUND('',#3895,.T.);
#4176=FACE_BOUND('',#3896,.T.);
#4177=FACE_BOUND('',#3897,.T.);
#4178=FACE_BOUND('',#3898,.T.);
#4179=FACE_BOUND('',#3899,.T.);
#4180=FACE_BOUND('',#3900,.T.);
#4181=FACE_BOUND('',#3901,.T.);
#4182=FACE_BOUND('',#3902,.T.);
#4183=FACE_BOUND('',#3903,.T.);
#4184=FACE_BOUND('',#3904,.T.);
#4185=FACE_BOUND('',#3905,.T.);
#4186=FACE_BOUND('',#3906,.T.);
#4187=FACE_BOUND('',#3907,.T.);
#4188=FACE_BOUND('',#3908,.T.);
#4189=FACE_BOUND('',#3909,.T.);
#4190=FACE_BOUND('',#3910,.T.);
#4191=FACE_BOUND('',#3911,.T.);
#4192=FACE_BOUND('',#3912,.T.);
#4193=FACE_BOUND('',#3913,.T.);
#4194=FACE_BOUND('',#3914,.T.);
#4195=FACE_BOUND('',#3915,.T.);
#4196=FACE_BOUND('',#3916,.T.);
#4197=FACE_BOUND('',#3917,.T.);
#4198=FACE_BOUND('',#3918,.T.);
#4199=FACE_BOUND('',#3919,.T.);
#4200=FACE_BOUND('',#3920,.T.);
#4201=FACE_BOUND('',#3921,.T.);
#4202=FACE_BOUND('',#3922,.T.);
#4203=FACE_BOUND('',#3923,.T.);
#4204=FACE_BOUND('',#3924,.T.);
#4205=FACE_BOUND('',#3925,.T.);
#4206=FACE_BOUND('',#3926,.T.);
#4207=FACE_BOUND('',#3927,.T.);
#4208=FACE_BOUND('',#3928,.T.);
#4209=FACE_BOUND('',#3929,.T.);
#4210=FACE_BOUND('',#3930,.T.);
#4211=FACE_BOUND('',#3931,.T.);
#4212=FACE_BOUND('',#3932,.T.);
#4213=FACE_BOUND('',#3933,.T.);
#4214=FACE_BOUND('',#3934,.T.);
#4215=FACE_BOUND('',#3935,.T.);
#4216=FACE_BOUND('',#3936,.T.);
#4217=FACE_BOUND('',#3937,.T.);
#4218=FACE_BOUND('',#3938,.T.);
#4219=FACE_BOUND('',#3939,.T.);
#4220=FACE_BOUND('',#3940,.T.);
#4221=FACE_BOUND('',#3941,.T.);
#4222=FACE_BOUND('',#3942,.T.);
#4223=FACE_BOUND('',#3943,.T.);
#4224=FACE_BOUND('',#3944,.T.);
#4225=FACE_BOUND('',#3945,.T.);
#4226=FACE_BOUND('',#3946,.T.);
#4227=FACE_BOUND('',#3947,.T.);
#4228=FACE_BOUND('',#3948,.T.);
#4229=FACE_BOUND('',#3949,.T.);
#4230=FACE_BOUND('',#3950,.T.);
#4231=FACE_BOUND('',#3951,.T.);
#4232=FACE_BOUND('',#3952,.T.);
#4233=FACE_BOUND('',#3953,.T.);
#4234=FACE_BOUND('',#3954,.T.);
#4235=FACE_BOUND('',#3955,.T.);
#4236=FACE_BOUND('',#3956,.T.);
#4237=FACE_BOUND('',#3957,.T.);
#4238=FACE_BOUND('',#3958,.T.);
#4239=FACE_BOUND('',#3959,.T.);
#4240=FACE_BOUND('',#3960,.T.);
#4241=FACE_BOUND('',#3961,.T.);
#4242=FACE_BOUND('',#3962,.T.);
#4243=FACE_BOUND('',#3963,.T.);
#4244=FACE_BOUND('',#3964,.T.);
#4245=FACE_BOUND('',#3965,.T.);
#4246=FACE_BOUND('',#3966,.T.);
#4247=FACE_BOUND('',#3967,.T.);
#4248=FACE_BOUND('',#3968,.T.);
#4249=FACE_BOUND('',#3969,.T.);
#4250=FACE_BOUND('',#3970,.T.);
#4251=FACE_BOUND('',#3971,.T.);
#4252=FACE_BOUND('',#3972,.T.);
#4253=FACE_BOUND('',#3973,.T.);
#4254=FACE_BOUND('',#3974,.T.);
#4255=FACE_BOUND('',#3975,.T.);
#4256=FACE_BOUND('',#3976,.T.);
#4257=FACE_BOUND('',#3977,.T.);
#4258=FACE_BOUND('',#3978,.T.);
#4259=FACE_BOUND('',#3979,.T.);
#4260=FACE_BOUND('',#3980,.T.);
#4261=FACE_BOUND('',#3981,.T.);
#4262=FACE_BOUND('',#3982,.T.);
#4263=FACE_BOUND('',#3983,.T.);
#4264=FACE_BOUND('',#3984,.T.);
#4265=FACE_BOUND('',#3985,.T.);
#4266=FACE_BOUND('',#3986,.T.);
#4267=FACE_BOUND('',#3987,.T.);
#4268=FACE_BOUND('',#3988,.T.);
#4269=FACE_BOUND('',#3989,.T.);
#4270=FACE_BOUND('',#3990,.T.);
#4271=FACE_BOUND('',#3991,.T.);
#4272=FACE_BOUND('',#3992,.T.);
#4273=FACE_BOUND('',#3993,.T.);
#4274=FACE_BOUND('',#3994,.T.);
#4275=FACE_BOUND('',#3995,.T.);
#4276=FACE_BOUND('',#3996,.T.);
#4277=FACE_BOUND('',#3997,.T.);
#4278=FACE_BOUND('',#3998,.T.);
#4279=FACE_BOUND('',#3999,.T.);
#4280=FACE_BOUND('',#4000,.T.);
#4281=FACE_BOUND('',#4001,.T.);
#4282=FACE_BOUND('',#4002,.T.);
#4283=FACE_BOUND('',#4003,.T.);
#4284=FACE_BOUND('',#4004,.T.);
#4285=FACE_BOUND('',#4005,.T.);
#4286=FACE_BOUND('',#4006,.T.);
#4287=FACE_BOUND('',#4007,.T.);
#4288=FACE_BOUND('',#4008,.T.);
#4289=FACE_BOUND('',#4009,.T.);
#4290=FACE_BOUND('',#4010,.T.);
#4291=FACE_BOUND('',#4011,.T.);
#4292=FACE_BOUND('',#4012,.T.);
#4293=FACE_BOUND('',#4013,.T.);
#4294=FACE_BOUND('',#4014,.T.);
#4295=FACE_BOUND('',#4015,.T.);
#4296=FACE_BOUND('',#4016,.T.);
#4297=FACE_BOUND('',#4017,.T.);
#4298=FACE_BOUND('',#4018,.T.);
#4299=FACE_BOUND('',#4019,.T.);
#4300=FACE_BOUND('',#4020,.T.);
#4301=FACE_BOUND('',#4021,.T.);
#4302=PLANE('',#4709);
#4303=PLANE('',#4763);
#4304=PLANE('',#4767);
#4305=PLANE('',#4771);
#4306=PLANE('',#4775);
#4307=PLANE('',#4779);
#4308=PLANE('',#4783);
#4309=PLANE('',#4787);
#4310=PLANE('',#4791);
#4311=PLANE('',#4792);
#4312=PLANE('',#4793);
#4313=PLANE('',#4794);
#4314=PLANE('',#4798);
#4315=PLANE('',#4802);
#4316=PLANE('',#4806);
#4317=PLANE('',#4810);
#4318=PLANE('',#4811);
#4319=PLANE('',#4815);
#4320=PLANE('',#4819);
#4321=PLANE('',#4820);
#4322=PLANE('',#4821);
#4323=PLANE('',#4822);
#4324=PLANE('',#4826);
#4325=PLANE('',#4830);
#4326=PLANE('',#4831);
#4327=PLANE('',#4835);
#4328=PLANE('',#4839);
#4329=PLANE('',#4843);
#4330=PLANE('',#4847);
#4331=PLANE('',#4848);
#4332=PLANE('',#4849);
#4333=PLANE('',#4850);
#4334=PLANE('',#4851);
#4335=PLANE('',#4855);
#4336=PLANE('',#4859);
#4337=PLANE('',#4863);
#4338=PLANE('',#4867);
#4339=PLANE('',#4871);
#4340=PLANE('',#4875);
#4341=PLANE('',#4879);
#4342=PLANE('',#4883);
#4343=PLANE('',#4887);
#4344=PLANE('',#4891);
#4345=PLANE('',#4895);
#4346=PLANE('',#4899);
#4347=PLANE('',#4903);
#4348=PLANE('',#4907);
#4349=PLANE('',#4908);
#4350=PLANE('',#4909);
#4351=PLANE('',#4913);
#4352=PLANE('',#4914);
#4353=PLANE('',#4918);
#4354=PLANE('',#4919);
#4355=PLANE('',#4920);
#4356=PLANE('',#4924);
#4357=PLANE('',#4928);
#4358=PLANE('',#4932);
#4359=PLANE('',#4936);
#4360=PLANE('',#4940);
#4361=PLANE('',#4944);
#4362=PLANE('',#4945);
#4363=PLANE('',#4951);
#4364=PLANE('',#4952);
#4365=PLANE('',#4958);
#4366=PLANE('',#4959);
#4367=PLANE('',#4965);
#4368=PLANE('',#4966);
#4369=PLANE('',#4972);
#4370=PLANE('',#4973);
#4371=PLANE('',#4979);
#4372=PLANE('',#4980);
#4373=PLANE('',#4986);
#4374=PLANE('',#4987);
#4375=PLANE('',#4993);
#4376=PLANE('',#4994);
#4377=PLANE('',#5000);
#4378=PLANE('',#5001);
#4379=PLANE('',#5002);
#4380=PLANE('',#5003);
#4381=PLANE('',#5046);
#4382=PLANE('',#5048);
#4383=PLANE('',#5050);
#4384=PLANE('',#5051);
#4385=PLANE('',#5053);
#4386=PLANE('',#5055);
#4387=PLANE('',#5056);
#4388=PLANE('',#5058);
#4389=PLANE('',#5060);
#4390=PLANE('',#5061);
#4391=PLANE('',#5062);
#4392=PLANE('',#5063);
#4393=PLANE('',#5064);
#4394=PLANE('',#5065);
#4395=PLANE('',#5067);
#4396=PLANE('',#5069);
#4397=PLANE('',#5070);
#4398=PLANE('',#5072);
#4399=PLANE('',#5074);
#4400=PLANE('',#5076);
#4401=PLANE('',#5078);
#4402=PLANE('',#5080);
#4403=PLANE('',#5082);
#4404=PLANE('',#5084);
#4405=PLANE('',#5086);
#4406=PLANE('',#5088);
#4407=PLANE('',#5090);
#4408=PLANE('',#5092);
#4409=PLANE('',#5094);
#4410=PLANE('',#5095);
#4411=PLANE('',#5096);
#4412=PLANE('',#5098);
#4413=PLANE('',#5100);
#4414=PLANE('',#5101);
#4415=PLANE('',#5102);
#4416=PLANE('',#5104);
#4417=PLANE('',#5106);
#4418=PLANE('',#5108);
#4419=PLANE('',#5110);
#4420=PLANE('',#5111);
#4421=PLANE('',#5113);
#4422=PLANE('',#5115);
#4423=PLANE('',#5117);
#4424=PLANE('',#5119);
#4425=PLANE('',#5121);
#4426=PLANE('',#5123);
#4427=PLANE('',#5125);
#4428=PLANE('',#5127);
#4429=PLANE('',#5128);
#4430=PLANE('',#5130);
#4431=PLANE('',#5132);
#4432=PLANE('',#5133);
#4433=PLANE('',#5134);
#4434=PLANE('',#5135);
#4435=PLANE('',#5136);
#4436=PLANE('',#5138);
#4437=PLANE('',#5140);
#4438=PLANE('',#5141);
#4439=PLANE('',#5143);
#4440=PLANE('',#5145);
#4441=PLANE('',#5146);
#4442=PLANE('',#5148);
#4443=PLANE('',#5150);
#4444=PLANE('',#5151);
#4445=PLANE('',#5152);
#4446=PLANE('',#5153);
#4447=PLANE('',#5154);
#4448=PLANE('',#5155);
#4449=ADVANCED_FACE('',(#4022,#4023,#4024,#4025,#4026,#4027,#4028,#4029,
#4030),#4302,.T.);
#4450=ADVANCED_FACE('',(#4031),#12,.T.);
#4451=ADVANCED_FACE('',(#4032),#4303,.T.);
#4452=ADVANCED_FACE('',(#4033),#13,.T.);
#4453=ADVANCED_FACE('',(#4034),#4304,.T.);
#4454=ADVANCED_FACE('',(#4035),#14,.T.);
#4455=ADVANCED_FACE('',(#4036),#4305,.T.);
#4456=ADVANCED_FACE('',(#4037),#15,.T.);
#4457=ADVANCED_FACE('',(#4038),#4306,.T.);
#4458=ADVANCED_FACE('',(#4039),#16,.T.);
#4459=ADVANCED_FACE('',(#4040),#4307,.T.);
#4460=ADVANCED_FACE('',(#4041),#17,.T.);
#4461=ADVANCED_FACE('',(#4042),#4308,.T.);
#4462=ADVANCED_FACE('',(#4043),#18,.T.);
#4463=ADVANCED_FACE('',(#4044),#4309,.T.);
#4464=ADVANCED_FACE('',(#4045),#19,.T.);
#4465=ADVANCED_FACE('',(#4046),#4310,.T.);
#4466=ADVANCED_FACE('',(#4047),#4311,.T.);
#4467=ADVANCED_FACE('',(#4048),#4312,.T.);
#4468=ADVANCED_FACE('',(#4049),#4313,.T.);
#4469=ADVANCED_FACE('',(#4050),#20,.T.);
#4470=ADVANCED_FACE('',(#4051),#4314,.T.);
#4471=ADVANCED_FACE('',(#4052),#21,.T.);
#4472=ADVANCED_FACE('',(#4053),#4315,.T.);
#4473=ADVANCED_FACE('',(#4054),#22,.T.);
#4474=ADVANCED_FACE('',(#4055),#4316,.T.);
#4475=ADVANCED_FACE('',(#4056),#23,.T.);
#4476=ADVANCED_FACE('',(#4057),#4317,.T.);
#4477=ADVANCED_FACE('',(#4058),#4318,.T.);
#4478=ADVANCED_FACE('',(#4059),#24,.T.);
#4479=ADVANCED_FACE('',(#4060),#4319,.T.);
#4480=ADVANCED_FACE('',(#4061),#25,.T.);
#4481=ADVANCED_FACE('',(#4062),#4320,.T.);
#4482=ADVANCED_FACE('',(#4063),#4321,.T.);
#4483=ADVANCED_FACE('',(#4064),#4322,.T.);
#4484=ADVANCED_FACE('',(#4065),#4323,.T.);
#4485=ADVANCED_FACE('',(#4066),#26,.T.);
#4486=ADVANCED_FACE('',(#4067),#4324,.T.);
#4487=ADVANCED_FACE('',(#4068),#27,.T.);
#4488=ADVANCED_FACE('',(#4069),#4325,.T.);
#4489=ADVANCED_FACE('',(#4070),#4326,.T.);
#4490=ADVANCED_FACE('',(#4071),#28,.T.);
#4491=ADVANCED_FACE('',(#4072),#4327,.T.);
#4492=ADVANCED_FACE('',(#4073),#29,.T.);
#4493=ADVANCED_FACE('',(#4074),#4328,.T.);
#4494=ADVANCED_FACE('',(#4075),#30,.T.);
#4495=ADVANCED_FACE('',(#4076),#4329,.T.);
#4496=ADVANCED_FACE('',(#4077),#31,.T.);
#4497=ADVANCED_FACE('',(#4078),#4330,.T.);
#4498=ADVANCED_FACE('',(#4079),#4331,.T.);
#4499=ADVANCED_FACE('',(#4080),#4332,.T.);
#4500=ADVANCED_FACE('',(#4081),#4333,.T.);
#4501=ADVANCED_FACE('',(#4082),#4334,.T.);
#4502=ADVANCED_FACE('',(#4083),#32,.T.);
#4503=ADVANCED_FACE('',(#4084),#4335,.T.);
#4504=ADVANCED_FACE('',(#4085),#33,.T.);
#4505=ADVANCED_FACE('',(#4086),#4336,.T.);
#4506=ADVANCED_FACE('',(#4087),#34,.T.);
#4507=ADVANCED_FACE('',(#4088),#4337,.T.);
#4508=ADVANCED_FACE('',(#4089),#35,.T.);
#4509=ADVANCED_FACE('',(#4090),#4338,.T.);
#4510=ADVANCED_FACE('',(#4091),#36,.T.);
#4511=ADVANCED_FACE('',(#4092),#4339,.T.);
#4512=ADVANCED_FACE('',(#4093),#37,.T.);
#4513=ADVANCED_FACE('',(#4094),#4340,.T.);
#4514=ADVANCED_FACE('',(#4095),#38,.T.);
#4515=ADVANCED_FACE('',(#4096),#4341,.T.);
#4516=ADVANCED_FACE('',(#4097),#39,.T.);
#4517=ADVANCED_FACE('',(#4098),#4342,.T.);
#4518=ADVANCED_FACE('',(#4099),#40,.T.);
#4519=ADVANCED_FACE('',(#4100),#4343,.T.);
#4520=ADVANCED_FACE('',(#4101),#41,.T.);
#4521=ADVANCED_FACE('',(#4102),#4344,.T.);
#4522=ADVANCED_FACE('',(#4103),#42,.T.);
#4523=ADVANCED_FACE('',(#4104),#4345,.T.);
#4524=ADVANCED_FACE('',(#4105),#43,.T.);
#4525=ADVANCED_FACE('',(#4106),#4346,.T.);
#4526=ADVANCED_FACE('',(#4107),#44,.T.);
#4527=ADVANCED_FACE('',(#4108),#4347,.T.);
#4528=ADVANCED_FACE('',(#4109),#45,.T.);
#4529=ADVANCED_FACE('',(#4110),#4348,.T.);
#4530=ADVANCED_FACE('',(#4111),#4349,.T.);
#4531=ADVANCED_FACE('',(#4112),#4350,.T.);
#4532=ADVANCED_FACE('',(#4113),#46,.T.);
#4533=ADVANCED_FACE('',(#4114),#4351,.T.);
#4534=ADVANCED_FACE('',(#4115),#4352,.T.);
#4535=ADVANCED_FACE('',(#4116),#47,.T.);
#4536=ADVANCED_FACE('',(#4117),#4353,.T.);
#4537=ADVANCED_FACE('',(#4118),#4354,.T.);
#4538=ADVANCED_FACE('',(#4119),#4355,.T.);
#4539=ADVANCED_FACE('',(#4120),#48,.T.);
#4540=ADVANCED_FACE('',(#4121),#4356,.T.);
#4541=ADVANCED_FACE('',(#4122),#49,.T.);
#4542=ADVANCED_FACE('',(#4123),#4357,.T.);
#4543=ADVANCED_FACE('',(#4124),#50,.T.);
#4544=ADVANCED_FACE('',(#4125),#4358,.T.);
#4545=ADVANCED_FACE('',(#4126),#51,.T.);
#4546=ADVANCED_FACE('',(#4127),#4359,.T.);
#4547=ADVANCED_FACE('',(#4128),#52,.T.);
#4548=ADVANCED_FACE('',(#4129),#4360,.T.);
#4549=ADVANCED_FACE('',(#4130),#53,.T.);
#4550=ADVANCED_FACE('',(#4131),#4361,.T.);
#4551=ADVANCED_FACE('',(#4132),#4362,.F.);
#4552=ADVANCED_FACE('',(#4133,#4134),#54,.F.);
#4553=ADVANCED_FACE('',(#4135,#4136),#55,.T.);
#4554=ADVANCED_FACE('',(#4137,#4138),#4363,.T.);
#4555=ADVANCED_FACE('',(#4139),#4364,.T.);
#4556=ADVANCED_FACE('',(#4140,#4141),#56,.F.);
#4557=ADVANCED_FACE('',(#4142,#4143),#57,.T.);
#4558=ADVANCED_FACE('',(#4144,#4145),#4365,.T.);
#4559=ADVANCED_FACE('',(#4146),#4366,.T.);
#4560=ADVANCED_FACE('',(#4147,#4148),#58,.F.);
#4561=ADVANCED_FACE('',(#4149,#4150),#59,.T.);
#4562=ADVANCED_FACE('',(#4151,#4152),#4367,.T.);
#4563=ADVANCED_FACE('',(#4153),#4368,.T.);
#4564=ADVANCED_FACE('',(#4154,#4155),#60,.F.);
#4565=ADVANCED_FACE('',(#4156,#4157),#61,.T.);
#4566=ADVANCED_FACE('',(#4158,#4159),#4369,.T.);
#4567=ADVANCED_FACE('',(#4160),#4370,.T.);
#4568=ADVANCED_FACE('',(#4161,#4162),#62,.F.);
#4569=ADVANCED_FACE('',(#4163,#4164),#63,.T.);
#4570=ADVANCED_FACE('',(#4165,#4166),#4371,.T.);
#4571=ADVANCED_FACE('',(#4167),#4372,.T.);
#4572=ADVANCED_FACE('',(#4168,#4169),#64,.F.);
#4573=ADVANCED_FACE('',(#4170,#4171),#65,.T.);
#4574=ADVANCED_FACE('',(#4172,#4173),#4373,.T.);
#4575=ADVANCED_FACE('',(#4174),#4374,.T.);
#4576=ADVANCED_FACE('',(#4175,#4176),#66,.F.);
#4577=ADVANCED_FACE('',(#4177,#4178),#67,.T.);
#4578=ADVANCED_FACE('',(#4179,#4180),#4375,.T.);
#4579=ADVANCED_FACE('',(#4181),#4376,.T.);
#4580=ADVANCED_FACE('',(#4182,#4183),#68,.F.);
#4581=ADVANCED_FACE('',(#4184,#4185),#69,.T.);
#4582=ADVANCED_FACE('',(#4186,#4187),#4377,.T.);
#4583=ADVANCED_FACE('',(#4188),#4378,.T.);
#4584=ADVANCED_FACE('',(#4189),#4379,.T.);
#4585=ADVANCED_FACE('',(#4190,#4191),#4380,.T.);
#4586=ADVANCED_FACE('',(#4192),#4381,.T.);
#4587=ADVANCED_FACE('',(#4193),#70,.F.);
#4588=ADVANCED_FACE('',(#4194),#4382,.T.);
#4589=ADVANCED_FACE('',(#4195),#71,.F.);
#4590=ADVANCED_FACE('',(#4196),#4383,.T.);
#4591=ADVANCED_FACE('',(#4197),#4384,.T.);
#4592=ADVANCED_FACE('',(#4198),#72,.F.);
#4593=ADVANCED_FACE('',(#4199),#4385,.T.);
#4594=ADVANCED_FACE('',(#4200),#73,.F.);
#4595=ADVANCED_FACE('',(#4201),#4386,.T.);
#4596=ADVANCED_FACE('',(#4202),#4387,.T.);
#4597=ADVANCED_FACE('',(#4203),#74,.F.);
#4598=ADVANCED_FACE('',(#4204),#4388,.T.);
#4599=ADVANCED_FACE('',(#4205),#75,.F.);
#4600=ADVANCED_FACE('',(#4206),#4389,.T.);
#4601=ADVANCED_FACE('',(#4207),#4390,.T.);
#4602=ADVANCED_FACE('',(#4208),#4391,.T.);
#4603=ADVANCED_FACE('',(#4209),#4392,.T.);
#4604=ADVANCED_FACE('',(#4210),#4393,.T.);
#4605=ADVANCED_FACE('',(#4211),#4394,.T.);
#4606=ADVANCED_FACE('',(#4212),#76,.F.);
#4607=ADVANCED_FACE('',(#4213),#4395,.T.);
#4608=ADVANCED_FACE('',(#4214),#77,.F.);
#4609=ADVANCED_FACE('',(#4215),#4396,.T.);
#4610=ADVANCED_FACE('',(#4216),#4397,.T.);
#4611=ADVANCED_FACE('',(#4217),#78,.F.);
#4612=ADVANCED_FACE('',(#4218),#4398,.T.);
#4613=ADVANCED_FACE('',(#4219),#79,.F.);
#4614=ADVANCED_FACE('',(#4220),#4399,.T.);
#4615=ADVANCED_FACE('',(#4221),#80,.F.);
#4616=ADVANCED_FACE('',(#4222),#4400,.T.);
#4617=ADVANCED_FACE('',(#4223),#81,.F.);
#4618=ADVANCED_FACE('',(#4224),#4401,.T.);
#4619=ADVANCED_FACE('',(#4225),#82,.F.);
#4620=ADVANCED_FACE('',(#4226),#4402,.T.);
#4621=ADVANCED_FACE('',(#4227),#83,.F.);
#4622=ADVANCED_FACE('',(#4228),#4403,.T.);
#4623=ADVANCED_FACE('',(#4229),#84,.F.);
#4624=ADVANCED_FACE('',(#4230),#4404,.T.);
#4625=ADVANCED_FACE('',(#4231),#85,.F.);
#4626=ADVANCED_FACE('',(#4232),#4405,.T.);
#4627=ADVANCED_FACE('',(#4233),#86,.F.);
#4628=ADVANCED_FACE('',(#4234),#4406,.T.);
#4629=ADVANCED_FACE('',(#4235),#87,.F.);
#4630=ADVANCED_FACE('',(#4236),#4407,.T.);
#4631=ADVANCED_FACE('',(#4237),#88,.F.);
#4632=ADVANCED_FACE('',(#4238),#4408,.T.);
#4633=ADVANCED_FACE('',(#4239),#89,.F.);
#4634=ADVANCED_FACE('',(#4240),#4409,.T.);
#4635=ADVANCED_FACE('',(#4241),#4410,.T.);
#4636=ADVANCED_FACE('',(#4242),#4411,.T.);
#4637=ADVANCED_FACE('',(#4243),#90,.F.);
#4638=ADVANCED_FACE('',(#4244),#4412,.T.);
#4639=ADVANCED_FACE('',(#4245),#91,.F.);
#4640=ADVANCED_FACE('',(#4246),#4413,.T.);
#4641=ADVANCED_FACE('',(#4247),#4414,.T.);
#4642=ADVANCED_FACE('',(#4248),#4415,.T.);
#4643=ADVANCED_FACE('',(#4249),#92,.F.);
#4644=ADVANCED_FACE('',(#4250),#4416,.T.);
#4645=ADVANCED_FACE('',(#4251),#93,.F.);
#4646=ADVANCED_FACE('',(#4252),#4417,.T.);
#4647=ADVANCED_FACE('',(#4253),#94,.F.);
#4648=ADVANCED_FACE('',(#4254),#4418,.T.);
#4649=ADVANCED_FACE('',(#4255),#95,.F.);
#4650=ADVANCED_FACE('',(#4256),#4419,.T.);
#4651=ADVANCED_FACE('',(#4257),#4420,.T.);
#4652=ADVANCED_FACE('',(#4258),#96,.F.);
#4653=ADVANCED_FACE('',(#4259),#4421,.T.);
#4654=ADVANCED_FACE('',(#4260),#97,.F.);
#4655=ADVANCED_FACE('',(#4261),#4422,.T.);
#4656=ADVANCED_FACE('',(#4262),#98,.F.);
#4657=ADVANCED_FACE('',(#4263),#4423,.T.);
#4658=ADVANCED_FACE('',(#4264),#99,.F.);
#4659=ADVANCED_FACE('',(#4265),#4424,.T.);
#4660=ADVANCED_FACE('',(#4266),#100,.F.);
#4661=ADVANCED_FACE('',(#4267),#4425,.T.);
#4662=ADVANCED_FACE('',(#4268),#101,.F.);
#4663=ADVANCED_FACE('',(#4269),#4426,.T.);
#4664=ADVANCED_FACE('',(#4270),#102,.F.);
#4665=ADVANCED_FACE('',(#4271),#4427,.T.);
#4666=ADVANCED_FACE('',(#4272),#103,.F.);
#4667=ADVANCED_FACE('',(#4273),#4428,.T.);
#4668=ADVANCED_FACE('',(#4274),#4429,.T.);
#4669=ADVANCED_FACE('',(#4275),#104,.F.);
#4670=ADVANCED_FACE('',(#4276),#4430,.T.);
#4671=ADVANCED_FACE('',(#4277),#105,.F.);
#4672=ADVANCED_FACE('',(#4278),#4431,.T.);
#4673=ADVANCED_FACE('',(#4279),#4432,.T.);
#4674=ADVANCED_FACE('',(#4280),#4433,.T.);
#4675=ADVANCED_FACE('',(#4281),#4434,.T.);
#4676=ADVANCED_FACE('',(#4282),#4435,.T.);
#4677=ADVANCED_FACE('',(#4283),#106,.F.);
#4678=ADVANCED_FACE('',(#4284),#4436,.T.);
#4679=ADVANCED_FACE('',(#4285),#107,.F.);
#4680=ADVANCED_FACE('',(#4286),#4437,.T.);
#4681=ADVANCED_FACE('',(#4287),#4438,.T.);
#4682=ADVANCED_FACE('',(#4288),#108,.F.);
#4683=ADVANCED_FACE('',(#4289),#4439,.T.);
#4684=ADVANCED_FACE('',(#4290),#109,.F.);
#4685=ADVANCED_FACE('',(#4291),#4440,.T.);
#4686=ADVANCED_FACE('',(#4292),#4441,.T.);
#4687=ADVANCED_FACE('',(#4293),#110,.F.);
#4688=ADVANCED_FACE('',(#4294),#4442,.T.);
#4689=ADVANCED_FACE('',(#4295),#111,.F.);
#4690=ADVANCED_FACE('',(#4296),#4443,.T.);
#4691=ADVANCED_FACE('',(#4297),#4444,.T.);
#4692=ADVANCED_FACE('',(#4298),#4445,.T.);
#4693=ADVANCED_FACE('',(#4299),#4446,.T.);
#4694=ADVANCED_FACE('',(#4300),#4447,.F.);
#4695=ADVANCED_FACE('',(#4301),#4448,.T.);
#4696=CLOSED_SHELL('',(#4449,#4450,#4451,#4452,#4453,#4454,#4455,#4456,
#4457,#4458,#4459,#4460,#4461,#4462,#4463,#4464,#4465,#4466,#4467,#4468,
#4469,#4470,#4471,#4472,#4473,#4474,#4475,#4476,#4477,#4478,#4479,#4480,
#4481,#4482,#4483,#4484,#4485,#4486,#4487,#4488,#4489,#4490,#4491,#4492,
#4493,#4494,#4495,#4496,#4497,#4498,#4499,#4500,#4501,#4502,#4503,#4504,
#4505,#4506,#4507,#4508,#4509,#4510,#4511,#4512,#4513,#4514,#4515,#4516,
#4517,#4518,#4519,#4520,#4521,#4522,#4523,#4524,#4525,#4526,#4527,#4528,
#4529,#4530,#4531,#4532,#4533,#4534,#4535,#4536,#4537,#4538,#4539,#4540,
#4541,#4542,#4543,#4544,#4545,#4546,#4547,#4548,#4549,#4550,#4551,#4552,
#4553,#4554,#4555,#4556,#4557,#4558,#4559,#4560,#4561,#4562,#4563,#4564,
#4565,#4566,#4567,#4568,#4569,#4570,#4571,#4572,#4573,#4574,#4575,#4576,
#4577,#4578,#4579,#4580,#4581,#4582,#4583,#4584,#4585,#4586,#4587,#4588,
#4589,#4590,#4591,#4592,#4593,#4594,#4595,#4596,#4597,#4598,#4599,#4600,
#4601,#4602,#4603,#4604,#4605,#4606,#4607,#4608,#4609,#4610,#4611,#4612,
#4613,#4614,#4615,#4616,#4617,#4618,#4619,#4620,#4621,#4622,#4623,#4624,
#4625,#4626,#4627,#4628,#4629,#4630,#4631,#4632,#4633,#4634,#4635,#4636,
#4637,#4638,#4639,#4640,#4641,#4642,#4643,#4644,#4645,#4646,#4647,#4648,
#4649,#4650,#4651,#4652,#4653,#4654,#4655,#4656,#4657,#4658,#4659,#4660,
#4661,#4662,#4663,#4664,#4665,#4666,#4667,#4668,#4669,#4670,#4671,#4672,
#4673,#4674,#4675,#4676,#4677,#4678,#4679,#4680,#4681,#4682,#4683,#4684,
#4685,#4686,#4687,#4688,#4689,#4690,#4691,#4692,#4693,#4694,#4695));
#4697=STYLED_ITEM('',(#4698),#4705);
#4698=PRESENTATION_STYLE_ASSIGNMENT((#4699));
#4699=SURFACE_STYLE_USAGE(.BOTH.,#4700);
#4700=SURFACE_SIDE_STYLE('',(#4701));
#4701=SURFACE_STYLE_FILL_AREA(#4702);
#4702=FILL_AREA_STYLE('',(#4703));
#4703=FILL_AREA_STYLE_COLOUR('',#4704);
#4704=COLOUR_RGB('',0.917647058823529,0.917647058823529,0.917647058823529);
#4705=MANIFOLD_SOLID_BREP('Part 2',#4696);
#4706=SHAPE_DEFINITION_REPRESENTATION(#7914,#4707);
#4707=SHAPE_REPRESENTATION('Part 2',(#4708),#7909);
#4708=AXIS2_PLACEMENT_3D('',#6526,#5156,#5157);
#4709=AXIS2_PLACEMENT_3D('',#6527,#5158,#5159);
#4710=AXIS2_PLACEMENT_3D('',#6528,#5160,#5161);
#4711=AXIS2_PLACEMENT_3D('',#6530,#5162,#5163);
#4712=AXIS2_PLACEMENT_3D('',#6532,#5164,#5165);
#4713=AXIS2_PLACEMENT_3D('',#6534,#5166,#5167);
#4714=AXIS2_PLACEMENT_3D('',#6536,#5168,#5169);
#4715=AXIS2_PLACEMENT_3D('',#6538,#5170,#5171);
#4716=AXIS2_PLACEMENT_3D('',#6540,#5172,#5173);
#4717=AXIS2_PLACEMENT_3D('',#6542,#5174,#5175);
#4718=AXIS2_PLACEMENT_3D('',#6557,#5182,#5183);
#4719=AXIS2_PLACEMENT_3D('',#6565,#5187,#5188);
#4720=AXIS2_PLACEMENT_3D('',#6569,#5190,#5191);
#4721=AXIS2_PLACEMENT_3D('',#6573,#5193,#5194);
#4722=AXIS2_PLACEMENT_3D('',#6577,#5196,#5197);
#4723=AXIS2_PLACEMENT_3D('',#6583,#5200,#5201);
#4724=AXIS2_PLACEMENT_3D('',#6587,#5203,#5204);
#4725=AXIS2_PLACEMENT_3D('',#6591,#5206,#5207);
#4726=AXIS2_PLACEMENT_3D('',#6595,#5209,#5210);
#4727=AXIS2_PLACEMENT_3D('',#6599,#5212,#5213);
#4728=AXIS2_PLACEMENT_3D('',#6603,#5215,#5216);
#4729=AXIS2_PLACEMENT_3D('',#6607,#5218,#5219);
#4730=AXIS2_PLACEMENT_3D('',#6611,#5221,#5222);
#4731=AXIS2_PLACEMENT_3D('',#6617,#5225,#5226);
#4732=AXIS2_PLACEMENT_3D('',#6621,#5228,#5229);
#4733=AXIS2_PLACEMENT_3D('',#6633,#5235,#5236);
#4734=AXIS2_PLACEMENT_3D('',#6637,#5238,#5239);
#4735=AXIS2_PLACEMENT_3D('',#6643,#5242,#5243);
#4736=AXIS2_PLACEMENT_3D('',#6647,#5245,#5246);
#4737=AXIS2_PLACEMENT_3D('',#6653,#5249,#5250);
#4738=AXIS2_PLACEMENT_3D('',#6657,#5252,#5253);
#4739=AXIS2_PLACEMENT_3D('',#6667,#5258,#5259);
#4740=AXIS2_PLACEMENT_3D('',#6671,#5261,#5262);
#4741=AXIS2_PLACEMENT_3D('',#6677,#5265,#5266);
#4742=AXIS2_PLACEMENT_3D('',#6681,#5268,#5269);
#4743=AXIS2_PLACEMENT_3D('',#6687,#5272,#5273);
#4744=AXIS2_PLACEMENT_3D('',#6691,#5275,#5276);
#4745=AXIS2_PLACEMENT_3D('',#6705,#5283,#5284);
#4746=AXIS2_PLACEMENT_3D('',#6709,#5286,#5287);
#4747=AXIS2_PLACEMENT_3D('',#6715,#5290,#5291);
#4748=AXIS2_PLACEMENT_3D('',#6719,#5293,#5294);
#4749=AXIS2_PLACEMENT_3D('',#6723,#5296,#5297);
#4750=AXIS2_PLACEMENT_3D('',#6727,#5299,#5300);
#4751=AXIS2_PLACEMENT_3D('',#6731,#5302,#5303);
#4752=AXIS2_PLACEMENT_3D('',#6735,#5305,#5306);
#4753=AXIS2_PLACEMENT_3D('',#6739,#5308,#5309);
#4754=AXIS2_PLACEMENT_3D('',#6743,#5311,#5312);
#4755=AXIS2_PLACEMENT_3D('',#6747,#5314,#5315);
#4756=AXIS2_PLACEMENT_3D('',#6751,#5317,#5318);
#4757=AXIS2_PLACEMENT_3D('',#6755,#5320,#5321);
#4758=AXIS2_PLACEMENT_3D('',#6759,#5323,#5324);
#4759=AXIS2_PLACEMENT_3D('',#6767,#5328,#5329);
#4760=AXIS2_PLACEMENT_3D('',#6768,#5330,#5331);
#4761=AXIS2_PLACEMENT_3D('',#6772,#5333,#5334);
#4762=AXIS2_PLACEMENT_3D('',#6776,#5336,#5337);
#4763=AXIS2_PLACEMENT_3D('',#6777,#5338,#5339);
#4764=AXIS2_PLACEMENT_3D('',#6783,#5343,#5344);
#4765=AXIS2_PLACEMENT_3D('',#6787,#5346,#5347);
#4766=AXIS2_PLACEMENT_3D('',#6788,#5348,#5349);
#4767=AXIS2_PLACEMENT_3D('',#6789,#5350,#5351);
#4768=AXIS2_PLACEMENT_3D('',#6795,#5355,#5356);
#4769=AXIS2_PLACEMENT_3D('',#6799,#5358,#5359);
#4770=AXIS2_PLACEMENT_3D('',#6800,#5360,#5361);
#4771=AXIS2_PLACEMENT_3D('',#6801,#5362,#5363);
#4772=AXIS2_PLACEMENT_3D('',#6807,#5367,#5368);
#4773=AXIS2_PLACEMENT_3D('',#6811,#5370,#5371);
#4774=AXIS2_PLACEMENT_3D('',#6812,#5372,#5373);
#4775=AXIS2_PLACEMENT_3D('',#6813,#5374,#5375);
#4776=AXIS2_PLACEMENT_3D('',#6819,#5379,#5380);
#4777=AXIS2_PLACEMENT_3D('',#6823,#5382,#5383);
#4778=AXIS2_PLACEMENT_3D('',#6824,#5384,#5385);
#4779=AXIS2_PLACEMENT_3D('',#6825,#5386,#5387);
#4780=AXIS2_PLACEMENT_3D('',#6831,#5391,#5392);
#4781=AXIS2_PLACEMENT_3D('',#6835,#5394,#5395);
#4782=AXIS2_PLACEMENT_3D('',#6836,#5396,#5397);
#4783=AXIS2_PLACEMENT_3D('',#6837,#5398,#5399);
#4784=AXIS2_PLACEMENT_3D('',#6843,#5403,#5404);
#4785=AXIS2_PLACEMENT_3D('',#6847,#5406,#5407);
#4786=AXIS2_PLACEMENT_3D('',#6848,#5408,#5409);
#4787=AXIS2_PLACEMENT_3D('',#6849,#5410,#5411);
#4788=AXIS2_PLACEMENT_3D('',#6855,#5415,#5416);
#4789=AXIS2_PLACEMENT_3D('',#6859,#5418,#5419);
#4790=AXIS2_PLACEMENT_3D('',#6860,#5420,#5421);
#4791=AXIS2_PLACEMENT_3D('',#6861,#5422,#5423);
#4792=AXIS2_PLACEMENT_3D('',#6867,#5427,#5428);
#4793=AXIS2_PLACEMENT_3D('',#6873,#5432,#5433);
#4794=AXIS2_PLACEMENT_3D('',#6879,#5437,#5438);
#4795=AXIS2_PLACEMENT_3D('',#6885,#5442,#5443);
#4796=AXIS2_PLACEMENT_3D('',#6889,#5445,#5446);
#4797=AXIS2_PLACEMENT_3D('',#6890,#5447,#5448);
#4798=AXIS2_PLACEMENT_3D('',#6891,#5449,#5450);
#4799=AXIS2_PLACEMENT_3D('',#6897,#5454,#5455);
#4800=AXIS2_PLACEMENT_3D('',#6901,#5457,#5458);
#4801=AXIS2_PLACEMENT_3D('',#6902,#5459,#5460);
#4802=AXIS2_PLACEMENT_3D('',#6903,#5461,#5462);
#4803=AXIS2_PLACEMENT_3D('',#6909,#5466,#5467);
#4804=AXIS2_PLACEMENT_3D('',#6913,#5469,#5470);
#4805=AXIS2_PLACEMENT_3D('',#6914,#5471,#5472);
#4806=AXIS2_PLACEMENT_3D('',#6915,#5473,#5474);
#4807=AXIS2_PLACEMENT_3D('',#6921,#5478,#5479);
#4808=AXIS2_PLACEMENT_3D('',#6925,#5481,#5482);
#4809=AXIS2_PLACEMENT_3D('',#6926,#5483,#5484);
#4810=AXIS2_PLACEMENT_3D('',#6927,#5485,#5486);
#4811=AXIS2_PLACEMENT_3D('',#6933,#5490,#5491);
#4812=AXIS2_PLACEMENT_3D('',#6939,#5495,#5496);
#4813=AXIS2_PLACEMENT_3D('',#6943,#5498,#5499);
#4814=AXIS2_PLACEMENT_3D('',#6944,#5500,#5501);
#4815=AXIS2_PLACEMENT_3D('',#6945,#5502,#5503);
#4816=AXIS2_PLACEMENT_3D('',#6951,#5507,#5508);
#4817=AXIS2_PLACEMENT_3D('',#6955,#5510,#5511);
#4818=AXIS2_PLACEMENT_3D('',#6956,#5512,#5513);
#4819=AXIS2_PLACEMENT_3D('',#6957,#5514,#5515);
#4820=AXIS2_PLACEMENT_3D('',#6963,#5519,#5520);
#4821=AXIS2_PLACEMENT_3D('',#6969,#5524,#5525);
#4822=AXIS2_PLACEMENT_3D('',#6975,#5529,#5530);
#4823=AXIS2_PLACEMENT_3D('',#6981,#5534,#5535);
#4824=AXIS2_PLACEMENT_3D('',#6985,#5537,#5538);
#4825=AXIS2_PLACEMENT_3D('',#6986,#5539,#5540);
#4826=AXIS2_PLACEMENT_3D('',#6987,#5541,#5542);
#4827=AXIS2_PLACEMENT_3D('',#6993,#5546,#5547);
#4828=AXIS2_PLACEMENT_3D('',#6997,#5549,#5550);
#4829=AXIS2_PLACEMENT_3D('',#6998,#5551,#5552);
#4830=AXIS2_PLACEMENT_3D('',#6999,#5553,#5554);
#4831=AXIS2_PLACEMENT_3D('',#7005,#5558,#5559);
#4832=AXIS2_PLACEMENT_3D('',#7011,#5563,#5564);
#4833=AXIS2_PLACEMENT_3D('',#7015,#5566,#5567);
#4834=AXIS2_PLACEMENT_3D('',#7016,#5568,#5569);
#4835=AXIS2_PLACEMENT_3D('',#7017,#5570,#5571);
#4836=AXIS2_PLACEMENT_3D('',#7023,#5575,#5576);
#4837=AXIS2_PLACEMENT_3D('',#7027,#5578,#5579);
#4838=AXIS2_PLACEMENT_3D('',#7028,#5580,#5581);
#4839=AXIS2_PLACEMENT_3D('',#7029,#5582,#5583);
#4840=AXIS2_PLACEMENT_3D('',#7035,#5587,#5588);
#4841=AXIS2_PLACEMENT_3D('',#7039,#5590,#5591);
#4842=AXIS2_PLACEMENT_3D('',#7040,#5592,#5593);
#4843=AXIS2_PLACEMENT_3D('',#7041,#5594,#5595);
#4844=AXIS2_PLACEMENT_3D('',#7047,#5599,#5600);
#4845=AXIS2_PLACEMENT_3D('',#7051,#5602,#5603);
#4846=AXIS2_PLACEMENT_3D('',#7052,#5604,#5605);
#4847=AXIS2_PLACEMENT_3D('',#7053,#5606,#5607);
#4848=AXIS2_PLACEMENT_3D('',#7059,#5611,#5612);
#4849=AXIS2_PLACEMENT_3D('',#7065,#5616,#5617);
#4850=AXIS2_PLACEMENT_3D('',#7071,#5621,#5622);
#4851=AXIS2_PLACEMENT_3D('',#7077,#5626,#5627);
#4852=AXIS2_PLACEMENT_3D('',#7083,#5631,#5632);
#4853=AXIS2_PLACEMENT_3D('',#7087,#5634,#5635);
#4854=AXIS2_PLACEMENT_3D('',#7088,#5636,#5637);
#4855=AXIS2_PLACEMENT_3D('',#7089,#5638,#5639);
#4856=AXIS2_PLACEMENT_3D('',#7095,#5643,#5644);
#4857=AXIS2_PLACEMENT_3D('',#7099,#5646,#5647);
#4858=AXIS2_PLACEMENT_3D('',#7100,#5648,#5649);
#4859=AXIS2_PLACEMENT_3D('',#7101,#5650,#5651);
#4860=AXIS2_PLACEMENT_3D('',#7107,#5655,#5656);
#4861=AXIS2_PLACEMENT_3D('',#7111,#5658,#5659);
#4862=AXIS2_PLACEMENT_3D('',#7112,#5660,#5661);
#4863=AXIS2_PLACEMENT_3D('',#7113,#5662,#5663);
#4864=AXIS2_PLACEMENT_3D('',#7119,#5667,#5668);
#4865=AXIS2_PLACEMENT_3D('',#7123,#5670,#5671);
#4866=AXIS2_PLACEMENT_3D('',#7124,#5672,#5673);
#4867=AXIS2_PLACEMENT_3D('',#7125,#5674,#5675);
#4868=AXIS2_PLACEMENT_3D('',#7131,#5679,#5680);
#4869=AXIS2_PLACEMENT_3D('',#7135,#5682,#5683);
#4870=AXIS2_PLACEMENT_3D('',#7136,#5684,#5685);
#4871=AXIS2_PLACEMENT_3D('',#7137,#5686,#5687);
#4872=AXIS2_PLACEMENT_3D('',#7143,#5691,#5692);
#4873=AXIS2_PLACEMENT_3D('',#7147,#5694,#5695);
#4874=AXIS2_PLACEMENT_3D('',#7148,#5696,#5697);
#4875=AXIS2_PLACEMENT_3D('',#7149,#5698,#5699);
#4876=AXIS2_PLACEMENT_3D('',#7155,#5703,#5704);
#4877=AXIS2_PLACEMENT_3D('',#7159,#5706,#5707);
#4878=AXIS2_PLACEMENT_3D('',#7160,#5708,#5709);
#4879=AXIS2_PLACEMENT_3D('',#7161,#5710,#5711);
#4880=AXIS2_PLACEMENT_3D('',#7167,#5715,#5716);
#4881=AXIS2_PLACEMENT_3D('',#7171,#5718,#5719);
#4882=AXIS2_PLACEMENT_3D('',#7172,#5720,#5721);
#4883=AXIS2_PLACEMENT_3D('',#7173,#5722,#5723);
#4884=AXIS2_PLACEMENT_3D('',#7179,#5727,#5728);
#4885=AXIS2_PLACEMENT_3D('',#7183,#5730,#5731);
#4886=AXIS2_PLACEMENT_3D('',#7184,#5732,#5733);
#4887=AXIS2_PLACEMENT_3D('',#7185,#5734,#5735);
#4888=AXIS2_PLACEMENT_3D('',#7191,#5739,#5740);
#4889=AXIS2_PLACEMENT_3D('',#7195,#5742,#5743);
#4890=AXIS2_PLACEMENT_3D('',#7196,#5744,#5745);
#4891=AXIS2_PLACEMENT_3D('',#7197,#5746,#5747);
#4892=AXIS2_PLACEMENT_3D('',#7203,#5751,#5752);
#4893=AXIS2_PLACEMENT_3D('',#7207,#5754,#5755);
#4894=AXIS2_PLACEMENT_3D('',#7208,#5756,#5757);
#4895=AXIS2_PLACEMENT_3D('',#7209,#5758,#5759);
#4896=AXIS2_PLACEMENT_3D('',#7215,#5763,#5764);
#4897=AXIS2_PLACEMENT_3D('',#7219,#5766,#5767);
#4898=AXIS2_PLACEMENT_3D('',#7220,#5768,#5769);
#4899=AXIS2_PLACEMENT_3D('',#7221,#5770,#5771);
#4900=AXIS2_PLACEMENT_3D('',#7227,#5775,#5776);
#4901=AXIS2_PLACEMENT_3D('',#7231,#5778,#5779);
#4902=AXIS2_PLACEMENT_3D('',#7232,#5780,#5781);
#4903=AXIS2_PLACEMENT_3D('',#7233,#5782,#5783);
#4904=AXIS2_PLACEMENT_3D('',#7239,#5787,#5788);
#4905=AXIS2_PLACEMENT_3D('',#7243,#5790,#5791);
#4906=AXIS2_PLACEMENT_3D('',#7244,#5792,#5793);
#4907=AXIS2_PLACEMENT_3D('',#7245,#5794,#5795);
#4908=AXIS2_PLACEMENT_3D('',#7251,#5799,#5800);
#4909=AXIS2_PLACEMENT_3D('',#7257,#5804,#5805);
#4910=AXIS2_PLACEMENT_3D('',#7263,#5809,#5810);
#4911=AXIS2_PLACEMENT_3D('',#7267,#5812,#5813);
#4912=AXIS2_PLACEMENT_3D('',#7268,#5814,#5815);
#4913=AXIS2_PLACEMENT_3D('',#7269,#5816,#5817);
#4914=AXIS2_PLACEMENT_3D('',#7280,#5824,#5825);
#4915=AXIS2_PLACEMENT_3D('',#7289,#5831,#5832);
#4916=AXIS2_PLACEMENT_3D('',#7293,#5834,#5835);
#4917=AXIS2_PLACEMENT_3D('',#7294,#5836,#5837);
#4918=AXIS2_PLACEMENT_3D('',#7295,#5838,#5839);
#4919=AXIS2_PLACEMENT_3D('',#7301,#5843,#5844);
#4920=AXIS2_PLACEMENT_3D('',#7307,#5848,#5849);
#4921=AXIS2_PLACEMENT_3D('',#7313,#5853,#5854);
#4922=AXIS2_PLACEMENT_3D('',#7317,#5856,#5857);
#4923=AXIS2_PLACEMENT_3D('',#7318,#5858,#5859);
#4924=AXIS2_PLACEMENT_3D('',#7319,#5860,#5861);
#4925=AXIS2_PLACEMENT_3D('',#7325,#5865,#5866);
#4926=AXIS2_PLACEMENT_3D('',#7329,#5868,#5869);
#4927=AXIS2_PLACEMENT_3D('',#7330,#5870,#5871);
#4928=AXIS2_PLACEMENT_3D('',#7331,#5872,#5873);
#4929=AXIS2_PLACEMENT_3D('',#7337,#5877,#5878);
#4930=AXIS2_PLACEMENT_3D('',#7341,#5880,#5881);
#4931=AXIS2_PLACEMENT_3D('',#7342,#5882,#5883);
#4932=AXIS2_PLACEMENT_3D('',#7343,#5884,#5885);
#4933=AXIS2_PLACEMENT_3D('',#7349,#5889,#5890);
#4934=AXIS2_PLACEMENT_3D('',#7353,#5892,#5893);
#4935=AXIS2_PLACEMENT_3D('',#7354,#5894,#5895);
#4936=AXIS2_PLACEMENT_3D('',#7355,#5896,#5897);
#4937=AXIS2_PLACEMENT_3D('',#7361,#5901,#5902);
#4938=AXIS2_PLACEMENT_3D('',#7365,#5904,#5905);
#4939=AXIS2_PLACEMENT_3D('',#7366,#5906,#5907);
#4940=AXIS2_PLACEMENT_3D('',#7367,#5908,#5909);
#4941=AXIS2_PLACEMENT_3D('',#7373,#5913,#5914);
#4942=AXIS2_PLACEMENT_3D('',#7377,#5916,#5917);
#4943=AXIS2_PLACEMENT_3D('',#7378,#5918,#5919);
#4944=AXIS2_PLACEMENT_3D('',#7379,#5920,#5921);
#4945=AXIS2_PLACEMENT_3D('',#7382,#5924,#5925);
#4946=AXIS2_PLACEMENT_3D('',#7383,#5926,#5927);
#4947=AXIS2_PLACEMENT_3D('',#7384,#5928,#5929);
#4948=AXIS2_PLACEMENT_3D('',#7386,#5930,#5931);
#4949=AXIS2_PLACEMENT_3D('',#7388,#5932,#5933);
#4950=AXIS2_PLACEMENT_3D('',#7389,#5934,#5935);
#4951=AXIS2_PLACEMENT_3D('',#7391,#5936,#5937);
#4952=AXIS2_PLACEMENT_3D('',#7392,#5938,#5939);
#4953=AXIS2_PLACEMENT_3D('',#7393,#5940,#5941);
#4954=AXIS2_PLACEMENT_3D('',#7394,#5942,#5943);
#4955=AXIS2_PLACEMENT_3D('',#7396,#5944,#5945);
#4956=AXIS2_PLACEMENT_3D('',#7398,#5946,#5947);
#4957=AXIS2_PLACEMENT_3D('',#7399,#5948,#5949);
#4958=AXIS2_PLACEMENT_3D('',#7401,#5950,#5951);
#4959=AXIS2_PLACEMENT_3D('',#7402,#5952,#5953);
#4960=AXIS2_PLACEMENT_3D('',#7403,#5954,#5955);
#4961=AXIS2_PLACEMENT_3D('',#7404,#5956,#5957);
#4962=AXIS2_PLACEMENT_3D('',#7406,#5958,#5959);
#4963=AXIS2_PLACEMENT_3D('',#7408,#5960,#5961);
#4964=AXIS2_PLACEMENT_3D('',#7409,#5962,#5963);
#4965=AXIS2_PLACEMENT_3D('',#7411,#5964,#5965);
#4966=AXIS2_PLACEMENT_3D('',#7412,#5966,#5967);
#4967=AXIS2_PLACEMENT_3D('',#7413,#5968,#5969);
#4968=AXIS2_PLACEMENT_3D('',#7414,#5970,#5971);
#4969=AXIS2_PLACEMENT_3D('',#7416,#5972,#5973);
#4970=AXIS2_PLACEMENT_3D('',#7418,#5974,#5975);
#4971=AXIS2_PLACEMENT_3D('',#7419,#5976,#5977);
#4972=AXIS2_PLACEMENT_3D('',#7421,#5978,#5979);
#4973=AXIS2_PLACEMENT_3D('',#7422,#5980,#5981);
#4974=AXIS2_PLACEMENT_3D('',#7423,#5982,#5983);
#4975=AXIS2_PLACEMENT_3D('',#7424,#5984,#5985);
#4976=AXIS2_PLACEMENT_3D('',#7426,#5986,#5987);
#4977=AXIS2_PLACEMENT_3D('',#7428,#5988,#5989);
#4978=AXIS2_PLACEMENT_3D('',#7429,#5990,#5991);
#4979=AXIS2_PLACEMENT_3D('',#7431,#5992,#5993);
#4980=AXIS2_PLACEMENT_3D('',#7432,#5994,#5995);
#4981=AXIS2_PLACEMENT_3D('',#7433,#5996,#5997);
#4982=AXIS2_PLACEMENT_3D('',#7434,#5998,#5999);
#4983=AXIS2_PLACEMENT_3D('',#7436,#6000,#6001);
#4984=AXIS2_PLACEMENT_3D('',#7438,#6002,#6003);
#4985=AXIS2_PLACEMENT_3D('',#7439,#6004,#6005);
#4986=AXIS2_PLACEMENT_3D('',#7441,#6006,#6007);
#4987=AXIS2_PLACEMENT_3D('',#7442,#6008,#6009);
#4988=AXIS2_PLACEMENT_3D('',#7443,#6010,#6011);
#4989=AXIS2_PLACEMENT_3D('',#7444,#6012,#6013);
#4990=AXIS2_PLACEMENT_3D('',#7446,#6014,#6015);
#4991=AXIS2_PLACEMENT_3D('',#7448,#6016,#6017);
#4992=AXIS2_PLACEMENT_3D('',#7449,#6018,#6019);
#4993=AXIS2_PLACEMENT_3D('',#7451,#6020,#6021);
#4994=AXIS2_PLACEMENT_3D('',#7452,#6022,#6023);
#4995=AXIS2_PLACEMENT_3D('',#7453,#6024,#6025);
#4996=AXIS2_PLACEMENT_3D('',#7454,#6026,#6027);
#4997=AXIS2_PLACEMENT_3D('',#7456,#6028,#6029);
#4998=AXIS2_PLACEMENT_3D('',#7458,#6030,#6031);
#4999=AXIS2_PLACEMENT_3D('',#7459,#6032,#6033);
#5000=AXIS2_PLACEMENT_3D('',#7461,#6034,#6035);
#5001=AXIS2_PLACEMENT_3D('',#7462,#6036,#6037);
#5002=AXIS2_PLACEMENT_3D('',#7463,#6038,#6039);
#5003=AXIS2_PLACEMENT_3D('',#7473,#6045,#6046);
#5004=AXIS2_PLACEMENT_3D('',#7474,#6047,#6048);
#5005=AXIS2_PLACEMENT_3D('',#7485,#6053,#6054);
#5006=AXIS2_PLACEMENT_3D('',#7489,#6056,#6057);
#5007=AXIS2_PLACEMENT_3D('',#7495,#6060,#6061);
#5008=AXIS2_PLACEMENT_3D('',#7499,#6063,#6064);
#5009=AXIS2_PLACEMENT_3D('',#7505,#6067,#6068);
#5010=AXIS2_PLACEMENT_3D('',#7509,#6070,#6071);
#5011=AXIS2_PLACEMENT_3D('',#7521,#6077,#6078);
#5012=AXIS2_PLACEMENT_3D('',#7525,#6080,#6081);
#5013=AXIS2_PLACEMENT_3D('',#7531,#6084,#6085);
#5014=AXIS2_PLACEMENT_3D('',#7535,#6087,#6088);
#5015=AXIS2_PLACEMENT_3D('',#7539,#6090,#6091);
#5016=AXIS2_PLACEMENT_3D('',#7543,#6093,#6094);
#5017=AXIS2_PLACEMENT_3D('',#7547,#6096,#6097);
#5018=AXIS2_PLACEMENT_3D('',#7551,#6099,#6100);
#5019=AXIS2_PLACEMENT_3D('',#7555,#6102,#6103);
#5020=AXIS2_PLACEMENT_3D('',#7559,#6105,#6106);
#5021=AXIS2_PLACEMENT_3D('',#7565,#6109,#6110);
#5022=AXIS2_PLACEMENT_3D('',#7569,#6112,#6113);
#5023=AXIS2_PLACEMENT_3D('',#7573,#6115,#6116);
#5024=AXIS2_PLACEMENT_3D('',#7577,#6118,#6119);
#5025=AXIS2_PLACEMENT_3D('',#7585,#6123,#6124);
#5026=AXIS2_PLACEMENT_3D('',#7588,#6126,#6127);
#5027=AXIS2_PLACEMENT_3D('',#7596,#6131,#6132);
#5028=AXIS2_PLACEMENT_3D('',#7600,#6134,#6135);
#5029=AXIS2_PLACEMENT_3D('',#7604,#6137,#6138);
#5030=AXIS2_PLACEMENT_3D('',#7608,#6140,#6141);
#5031=AXIS2_PLACEMENT_3D('',#7612,#6143,#6144);
#5032=AXIS2_PLACEMENT_3D('',#7616,#6146,#6147);
#5033=AXIS2_PLACEMENT_3D('',#7620,#6149,#6150);
#5034=AXIS2_PLACEMENT_3D('',#7624,#6152,#6153);
#5035=AXIS2_PLACEMENT_3D('',#7628,#6155,#6156);
#5036=AXIS2_PLACEMENT_3D('',#7632,#6158,#6159);
#5037=AXIS2_PLACEMENT_3D('',#7636,#6161,#6162);
#5038=AXIS2_PLACEMENT_3D('',#7640,#6164,#6165);
#5039=AXIS2_PLACEMENT_3D('',#7646,#6168,#6169);
#5040=AXIS2_PLACEMENT_3D('',#7650,#6171,#6172);
#5041=AXIS2_PLACEMENT_3D('',#7664,#6179,#6180);
#5042=AXIS2_PLACEMENT_3D('',#7668,#6182,#6183);
#5043=AXIS2_PLACEMENT_3D('',#7674,#6186,#6187);
#5044=AXIS2_PLACEMENT_3D('',#7678,#6189,#6190);
#5045=AXIS2_PLACEMENT_3D('',#7684,#6193,#6194);
#5046=AXIS2_PLACEMENT_3D('',#7687,#6196,#6197);
#5047=AXIS2_PLACEMENT_3D('',#7690,#6200,#6201);
#5048=AXIS2_PLACEMENT_3D('',#7692,#6203,#6204);
#5049=AXIS2_PLACEMENT_3D('',#7694,#6206,#6207);
#5050=AXIS2_PLACEMENT_3D('',#7696,#6209,#6210);
#5051=AXIS2_PLACEMENT_3D('',#7698,#6212,#6213);
#5052=AXIS2_PLACEMENT_3D('',#7700,#6215,#6216);
#5053=AXIS2_PLACEMENT_3D('',#7702,#6218,#6219);
#5054=AXIS2_PLACEMENT_3D('',#7704,#6221,#6222);
#5055=AXIS2_PLACEMENT_3D('',#7706,#6224,#6225);
#5056=AXIS2_PLACEMENT_3D('',#7708,#6227,#6228);
#5057=AXIS2_PLACEMENT_3D('',#7710,#6230,#6231);
#5058=AXIS2_PLACEMENT_3D('',#7712,#6233,#6234);
#5059=AXIS2_PLACEMENT_3D('',#7714,#6236,#6237);
#5060=AXIS2_PLACEMENT_3D('',#7716,#6239,#6240);
#5061=AXIS2_PLACEMENT_3D('',#7718,#6242,#6243);
#5062=AXIS2_PLACEMENT_3D('',#7720,#6245,#6246);
#5063=AXIS2_PLACEMENT_3D('',#7722,#6248,#6249);
#5064=AXIS2_PLACEMENT_3D('',#7724,#6251,#6252);
#5065=AXIS2_PLACEMENT_3D('',#7726,#6254,#6255);
#5066=AXIS2_PLACEMENT_3D('',#7728,#6257,#6258);
#5067=AXIS2_PLACEMENT_3D('',#7730,#6260,#6261);
#5068=AXIS2_PLACEMENT_3D('',#7732,#6263,#6264);
#5069=AXIS2_PLACEMENT_3D('',#7734,#6266,#6267);
#5070=AXIS2_PLACEMENT_3D('',#7736,#6269,#6270);
#5071=AXIS2_PLACEMENT_3D('',#7738,#6272,#6273);
#5072=AXIS2_PLACEMENT_3D('',#7740,#6275,#6276);
#5073=AXIS2_PLACEMENT_3D('',#7742,#6278,#6279);
#5074=AXIS2_PLACEMENT_3D('',#7744,#6281,#6282);
#5075=AXIS2_PLACEMENT_3D('',#7746,#6284,#6285);
#5076=AXIS2_PLACEMENT_3D('',#7748,#6287,#6288);
#5077=AXIS2_PLACEMENT_3D('',#7750,#6290,#6291);
#5078=AXIS2_PLACEMENT_3D('',#7752,#6293,#6294);
#5079=AXIS2_PLACEMENT_3D('',#7754,#6296,#6297);
#5080=AXIS2_PLACEMENT_3D('',#7756,#6299,#6300);
#5081=AXIS2_PLACEMENT_3D('',#7758,#6302,#6303);
#5082=AXIS2_PLACEMENT_3D('',#7760,#6305,#6306);
#5083=AXIS2_PLACEMENT_3D('',#7762,#6308,#6309);
#5084=AXIS2_PLACEMENT_3D('',#7764,#6311,#6312);
#5085=AXIS2_PLACEMENT_3D('',#7766,#6314,#6315);
#5086=AXIS2_PLACEMENT_3D('',#7768,#6317,#6318);
#5087=AXIS2_PLACEMENT_3D('',#7770,#6320,#6321);
#5088=AXIS2_PLACEMENT_3D('',#7772,#6323,#6324);
#5089=AXIS2_PLACEMENT_3D('',#7774,#6326,#6327);
#5090=AXIS2_PLACEMENT_3D('',#7776,#6329,#6330);
#5091=AXIS2_PLACEMENT_3D('',#7778,#6332,#6333);
#5092=AXIS2_PLACEMENT_3D('',#7780,#6335,#6336);
#5093=AXIS2_PLACEMENT_3D('',#7782,#6338,#6339);
#5094=AXIS2_PLACEMENT_3D('',#7784,#6341,#6342);
#5095=AXIS2_PLACEMENT_3D('',#7786,#6344,#6345);
#5096=AXIS2_PLACEMENT_3D('',#7788,#6347,#6348);
#5097=AXIS2_PLACEMENT_3D('',#7790,#6350,#6351);
#5098=AXIS2_PLACEMENT_3D('',#7791,#6352,#6353);
#5099=AXIS2_PLACEMENT_3D('',#7796,#6357,#6358);
#5100=AXIS2_PLACEMENT_3D('',#7798,#6360,#6361);
#5101=AXIS2_PLACEMENT_3D('',#7800,#6363,#6364);
#5102=AXIS2_PLACEMENT_3D('',#7802,#6366,#6367);
#5103=AXIS2_PLACEMENT_3D('',#7804,#6369,#6370);
#5104=AXIS2_PLACEMENT_3D('',#7806,#6372,#6373);
#5105=AXIS2_PLACEMENT_3D('',#7808,#6375,#6376);
#5106=AXIS2_PLACEMENT_3D('',#7810,#6378,#6379);
#5107=AXIS2_PLACEMENT_3D('',#7812,#6381,#6382);
#5108=AXIS2_PLACEMENT_3D('',#7814,#6384,#6385);
#5109=AXIS2_PLACEMENT_3D('',#7816,#6387,#6388);
#5110=AXIS2_PLACEMENT_3D('',#7818,#6390,#6391);
#5111=AXIS2_PLACEMENT_3D('',#7820,#6393,#6394);
#5112=AXIS2_PLACEMENT_3D('',#7822,#6396,#6397);
#5113=AXIS2_PLACEMENT_3D('',#7824,#6399,#6400);
#5114=AXIS2_PLACEMENT_3D('',#7826,#6402,#6403);
#5115=AXIS2_PLACEMENT_3D('',#7828,#6405,#6406);
#5116=AXIS2_PLACEMENT_3D('',#7830,#6408,#6409);
#5117=AXIS2_PLACEMENT_3D('',#7832,#6411,#6412);
#5118=AXIS2_PLACEMENT_3D('',#7834,#6414,#6415);
#5119=AXIS2_PLACEMENT_3D('',#7836,#6417,#6418);
#5120=AXIS2_PLACEMENT_3D('',#7838,#6420,#6421);
#5121=AXIS2_PLACEMENT_3D('',#7840,#6423,#6424);
#5122=AXIS2_PLACEMENT_3D('',#7842,#6426,#6427);
#5123=AXIS2_PLACEMENT_3D('',#7844,#6429,#6430);
#5124=AXIS2_PLACEMENT_3D('',#7846,#6432,#6433);
#5125=AXIS2_PLACEMENT_3D('',#7848,#6435,#6436);
#5126=AXIS2_PLACEMENT_3D('',#7850,#6438,#6439);
#5127=AXIS2_PLACEMENT_3D('',#7852,#6441,#6442);
#5128=AXIS2_PLACEMENT_3D('',#7854,#6444,#6445);
#5129=AXIS2_PLACEMENT_3D('',#7856,#6447,#6448);
#5130=AXIS2_PLACEMENT_3D('',#7858,#6450,#6451);
#5131=AXIS2_PLACEMENT_3D('',#7860,#6453,#6454);
#5132=AXIS2_PLACEMENT_3D('',#7862,#6456,#6457);
#5133=AXIS2_PLACEMENT_3D('',#7864,#6459,#6460);
#5134=AXIS2_PLACEMENT_3D('',#7866,#6462,#6463);
#5135=AXIS2_PLACEMENT_3D('',#7868,#6465,#6466);
#5136=AXIS2_PLACEMENT_3D('',#7870,#6468,#6469);
#5137=AXIS2_PLACEMENT_3D('',#7872,#6471,#6472);
#5138=AXIS2_PLACEMENT_3D('',#7874,#6474,#6475);
#5139=AXIS2_PLACEMENT_3D('',#7876,#6477,#6478);
#5140=AXIS2_PLACEMENT_3D('',#7878,#6480,#6481);
#5141=AXIS2_PLACEMENT_3D('',#7880,#6483,#6484);
#5142=AXIS2_PLACEMENT_3D('',#7882,#6486,#6487);
#5143=AXIS2_PLACEMENT_3D('',#7884,#6489,#6490);
#5144=AXIS2_PLACEMENT_3D('',#7886,#6492,#6493);
#5145=AXIS2_PLACEMENT_3D('',#7888,#6495,#6496);
#5146=AXIS2_PLACEMENT_3D('',#7890,#6498,#6499);
#5147=AXIS2_PLACEMENT_3D('',#7892,#6501,#6502);
#5148=AXIS2_PLACEMENT_3D('',#7894,#6504,#6505);
#5149=AXIS2_PLACEMENT_3D('',#7896,#6507,#6508);
#5150=AXIS2_PLACEMENT_3D('',#7898,#6510,#6511);
#5151=AXIS2_PLACEMENT_3D('',#7900,#6513,#6514);
#5152=AXIS2_PLACEMENT_3D('',#7902,#6516,#6517);
#5153=AXIS2_PLACEMENT_3D('',#7903,#6518,#6519);
#5154=AXIS2_PLACEMENT_3D('',#7905,#6521,#6522);
#5155=AXIS2_PLACEMENT_3D('',#7907,#6524,#6525);
#5156=DIRECTION('',(0.,0.,1.));
#5157=DIRECTION('',(1.,0.,0.));
#5158=DIRECTION('',(0.,0.,1.));
#5159=DIRECTION('',(1.,0.,0.));
#5160=DIRECTION('',(0.,0.,1.));
#5161=DIRECTION('',(1.,0.,0.));
#5162=DIRECTION('',(0.,0.,1.));
#5163=DIRECTION('',(1.,0.,0.));
#5164=DIRECTION('',(0.,0.,1.));
#5165=DIRECTION('',(1.,0.,0.));
#5166=DIRECTION('',(0.,0.,1.));
#5167=DIRECTION('',(1.,0.,0.));
#5168=DIRECTION('',(0.,0.,1.));
#5169=DIRECTION('',(1.,0.,0.));
#5170=DIRECTION('',(0.,0.,1.));
#5171=DIRECTION('',(1.,0.,0.));
#5172=DIRECTION('',(0.,0.,1.));
#5173=DIRECTION('',(1.,0.,0.));
#5174=DIRECTION('',(0.,0.,1.));
#5175=DIRECTION('',(1.,0.,0.));
#5176=DIRECTION('',(-0.999999999999938,3.53503213149843E-7,0.));
#5177=DIRECTION('',(-1.41511720462106E-7,1.,0.));
#5178=DIRECTION('',(-0.999999999999938,3.53503213577595E-7,0.));
#5179=DIRECTION('',(-1.,-1.41511720462106E-7,0.));
#5180=DIRECTION('',(-1.41511720462106E-7,1.,0.));
#5181=DIRECTION('',(-1.,-1.4151172003402E-7,0.));
#5182=DIRECTION('',(0.,0.,1.));
#5183=DIRECTION('',(1.,0.,0.));
#5184=DIRECTION('',(-0.855532041537466,-0.517749868085677,0.));
#5185=DIRECTION('',(-0.962939032404472,0.269719149991133,0.));
#5186=DIRECTION('',(-0.965731152819376,0.259544486503102,0.));
#5187=DIRECTION('',(0.,0.,1.));
#5188=DIRECTION('',(1.,0.,0.));
#5189=DIRECTION('',(-0.498470740319919,0.866906523821866,0.));
#5190=DIRECTION('',(0.,0.,1.));
#5191=DIRECTION('',(1.,0.,0.));
#5192=DIRECTION('',(-0.966086883912945,0.258217220051986,0.));
#5193=DIRECTION('',(0.,0.,1.));
#5194=DIRECTION('',(1.,0.,0.));
#5195=DIRECTION('',(-0.866778893772232,-0.498692640121132,0.));
#5196=DIRECTION('',(0.,0.,1.));
#5197=DIRECTION('',(1.,0.,0.));
#5198=DIRECTION('',(-0.813714316435957,-0.581265009463982,0.));
#5199=DIRECTION('',(-0.965971692929467,0.258647807759857,0.));
#5200=DIRECTION('',(0.,0.,1.));
#5201=DIRECTION('',(1.,0.,0.));
#5202=DIRECTION('',(-0.864174655238485,-0.503191976529283,0.));
#5203=DIRECTION('',(0.,0.,1.));
#5204=DIRECTION('',(1.,0.,0.));
#5205=DIRECTION('',(-0.966058516105884,0.258323331232969,0.));
#5206=DIRECTION('',(0.,0.,1.));
#5207=DIRECTION('',(1.,0.,0.));
#5208=DIRECTION('',(-0.715814729317102,-0.698290250034099,0.));
#5209=DIRECTION('',(0.,0.,1.));
#5210=DIRECTION('',(1.,0.,0.));
#5211=DIRECTION('',(-0.258638773748928,-0.965974111823733,0.));
#5212=DIRECTION('',(0.,0.,1.));
#5213=DIRECTION('',(1.,0.,0.));
#5214=DIRECTION('',(0.497211275541911,-0.867629498964844,0.));
#5215=DIRECTION('',(0.,0.,1.));
#5216=DIRECTION('',(1.,0.,0.));
#5217=DIRECTION('',(0.966056356602527,-0.258331407048874,0.));
#5218=DIRECTION('',(0.,0.,1.));
#5219=DIRECTION('',(1.,0.,0.));
#5220=DIRECTION('',(0.866274455136347,0.499568382084201,0.));
#5221=DIRECTION('',(0.,0.,1.));
#5222=DIRECTION('',(1.,0.,0.));
#5223=DIRECTION('',(0.259126991848052,0.965843259590178,0.));
#5224=DIRECTION('',(0.966052136956655,-0.258347186323908,0.));
#5225=DIRECTION('',(0.,0.,1.));
#5226=DIRECTION('',(1.,0.,0.));
#5227=DIRECTION('',(0.859853481900138,0.510540879523088,0.));
#5228=DIRECTION('',(0.,0.,1.));
#5229=DIRECTION('',(1.,0.,0.));
#5230=DIRECTION('',(0.258576088423127,0.965990893588441,0.));
#5231=DIRECTION('',(0.964806889614447,-0.262959437466117,0.));
#5232=DIRECTION('',(0.499176749095748,-0.866500186475572,0.));
#5233=DIRECTION('',(0.514497355573831,-0.857491965622731,0.));
#5234=DIRECTION('',(-0.259279799600881,-0.965802249696555,0.));
#5235=DIRECTION('',(0.,0.,1.));
#5236=DIRECTION('',(1.,0.,0.));
#5237=DIRECTION('',(0.499244170074907,-0.866461342845841,0.));
#5238=DIRECTION('',(0.,0.,1.));
#5239=DIRECTION('',(1.,0.,0.));
#5240=DIRECTION('',(0.966048193951375,-0.258361930174101,0.));
#5241=DIRECTION('',(-0.208884639990131,-0.977940288144523,0.));
#5242=DIRECTION('',(0.,0.,1.));
#5243=DIRECTION('',(1.,0.,0.));
#5244=DIRECTION('',(0.499605715978018,-0.866252924129028,0.));
#5245=DIRECTION('',(0.,0.,1.));
#5246=DIRECTION('',(1.,0.,0.));
#5247=DIRECTION('',(0.96577767176916,-0.259371333636043,0.));
#5248=DIRECTION('',(0.706692465484924,-0.707520854269922,0.));
#5249=DIRECTION('',(0.,0.,1.));
#5250=DIRECTION('',(1.,0.,0.));
#5251=DIRECTION('',(0.999999999999953,3.04990006969131E-7,0.));
#5252=DIRECTION('',(0.,0.,1.));
#5253=DIRECTION('',(1.,0.,0.));
#5254=DIRECTION('',(0.706986721160251,0.707226820831251,0.));
#5255=DIRECTION('',(1.,8.81724096910226E-8,0.));
#5256=DIRECTION('',(0.999999999999962,-2.75047347201432E-7,0.));
#5257=DIRECTION('',(0.706986962930749,-0.70722657914275,0.));
#5258=DIRECTION('',(0.,0.,1.));
#5259=DIRECTION('',(1.,0.,0.));
#5260=DIRECTION('',(0.999999999999953,-3.0498935036486E-7,0.));
#5261=DIRECTION('',(0.,0.,1.));
#5262=DIRECTION('',(1.,0.,0.));
#5263=DIRECTION('',(0.706692702646222,0.70752061738622,0.));
#5264=DIRECTION('',(0.965777517283981,0.259371908865995,0.));
#5265=DIRECTION('',(0.,0.,1.));
#5266=DIRECTION('',(1.,0.,0.));
#5267=DIRECTION('',(0.499607192373079,0.866252072626143,0.));
#5268=DIRECTION('',(0.,0.,1.));
#5269=DIRECTION('',(1.,0.,0.));
#5270=DIRECTION('',(-0.20888625498085,0.977939943186736,0.));
#5271=DIRECTION('',(0.966048265154631,0.258361663935903,0.));
#5272=DIRECTION('',(0.,0.,1.));
#5273=DIRECTION('',(1.,0.,0.));
#5274=DIRECTION('',(0.499246085026088,0.866460239472143,0.));
#5275=DIRECTION('',(0.,0.,1.));
#5276=DIRECTION('',(1.,0.,0.));
#5277=DIRECTION('',(-0.25927980256495,0.965802248900819,0.));
#5278=DIRECTION('',(0.514495620999255,0.857493006369493,0.));
#5279=DIRECTION('',(0.506943874424624,0.861979064817325,0.));
#5280=DIRECTION('',(0.499176239227247,0.866500480202373,0.));
#5281=DIRECTION('',(0.964806381090266,0.262961303251075,0.));
#5282=DIRECTION('',(0.25857498429301,-0.96599118914091,0.));
#5283=DIRECTION('',(0.,0.,1.));
#5284=DIRECTION('',(1.,0.,0.));
#5285=DIRECTION('',(0.859857258638279,-0.510534518683177,0.));
#5286=DIRECTION('',(0.,0.,1.));
#5287=DIRECTION('',(1.,0.,0.));
#5288=DIRECTION('',(0.966052215501362,0.258346892617097,0.));
#5289=DIRECTION('',(0.259129448602001,-0.965842600462013,0.));
#5290=DIRECTION('',(0.,0.,1.));
#5291=DIRECTION('',(1.,0.,0.));
#5292=DIRECTION('',(0.866273001776058,-0.499570902269036,0.));
#5293=DIRECTION('',(0.,0.,1.));
#5294=DIRECTION('',(1.,0.,0.));
#5295=DIRECTION('',(0.966056343104809,0.258331457524949,0.));
#5296=DIRECTION('',(0.,0.,1.));
#5297=DIRECTION('',(1.,0.,0.));
#5298=DIRECTION('',(0.497211987764882,0.867629090811791,0.));
#5299=DIRECTION('',(0.,0.,1.));
#5300=DIRECTION('',(1.,0.,0.));
#5301=DIRECTION('',(-0.258638781490017,0.965974109751063,0.));
#5302=DIRECTION('',(0.,0.,1.));
#5303=DIRECTION('',(1.,0.,0.));
#5304=DIRECTION('',(-0.716092225427958,0.698005676682958,0.));
#5305=DIRECTION('',(0.,0.,1.));
#5306=DIRECTION('',(1.,0.,0.));
#5307=DIRECTION('',(-0.966058507242365,-0.258323364380098,0.));
#5308=DIRECTION('',(0.,0.,1.));
#5309=DIRECTION('',(1.,0.,0.));
#5310=DIRECTION('',(-0.864174436381343,0.503192352391198,0.));
#5311=DIRECTION('',(0.,0.,1.));
#5312=DIRECTION('',(1.,0.,0.));
#5313=DIRECTION('',(-0.965971667432617,-0.258647902982897,0.));
#5314=DIRECTION('',(0.,0.,1.));
#5315=DIRECTION('',(1.,0.,0.));
#5316=DIRECTION('',(-0.866779184459178,0.498692134877103,0.));
#5317=DIRECTION('',(0.,0.,1.));
#5318=DIRECTION('',(1.,0.,0.));
#5319=DIRECTION('',(-0.966086977342767,-0.258216870495938,0.));
#5320=DIRECTION('',(0.,0.,1.));
#5321=DIRECTION('',(1.,0.,0.));
#5322=DIRECTION('',(-0.498472459178847,-0.866905535476728,0.));
#5323=DIRECTION('',(0.,0.,1.));
#5324=DIRECTION('',(1.,0.,0.));
#5325=DIRECTION('',(-0.96573137725796,-0.259543651394989,0.));
#5326=DIRECTION('',(-0.959006620560303,-0.28338366523409,0.));
#5327=DIRECTION('',(-0.865990658376153,0.500060175984088,0.));
#5328=DIRECTION('',(0.,0.,1.));
#5329=DIRECTION('',(1.,0.,0.));
#5330=DIRECTION('',(0.,0.,1.));
#5331=DIRECTION('',(1.,0.,0.));
#5332=DIRECTION('',(0.,0.,1.));
#5333=DIRECTION('',(0.,0.,1.));
#5334=DIRECTION('',(1.,0.,0.));
#5335=DIRECTION('',(0.,0.,1.));
#5336=DIRECTION('',(0.,0.,1.));
#5337=DIRECTION('',(1.,0.,0.));
#5338=DIRECTION('',(-0.698290250034099,0.715814729317102,0.));
#5339=DIRECTION('',(-0.715814729317102,-0.698290250034099,0.));
#5340=DIRECTION('',(0.,0.,1.));
#5341=DIRECTION('',(-0.715814729317102,-0.698290250034099,0.));
#5342=DIRECTION('',(-0.715814729317102,-0.698290250034099,0.));
#5343=DIRECTION('',(0.,0.,1.));
#5344=DIRECTION('',(1.,0.,0.));
#5345=DIRECTION('',(0.,0.,1.));
#5346=DIRECTION('',(0.,0.,1.));
#5347=DIRECTION('',(1.,0.,0.));
#5348=DIRECTION('',(0.,0.,1.));
#5349=DIRECTION('',(1.,0.,0.));
#5350=DIRECTION('',(-0.965974111823733,0.258638773748928,0.));
#5351=DIRECTION('',(-0.258638773748928,-0.965974111823733,0.));
#5352=DIRECTION('',(0.,0.,1.));
#5353=DIRECTION('',(-0.258638773748928,-0.965974111823733,0.));
#5354=DIRECTION('',(-0.258638773748928,-0.965974111823733,0.));
#5355=DIRECTION('',(0.,0.,1.));
#5356=DIRECTION('',(1.,0.,0.));
#5357=DIRECTION('',(0.,0.,1.));
#5358=DIRECTION('',(0.,0.,1.));
#5359=DIRECTION('',(1.,0.,0.));
#5360=DIRECTION('',(0.,0.,1.));
#5361=DIRECTION('',(1.,0.,0.));
#5362=DIRECTION('',(-0.867629498964844,-0.497211275541911,0.));
#5363=DIRECTION('',(0.497211275541911,-0.867629498964844,0.));
#5364=DIRECTION('',(0.,0.,1.));
#5365=DIRECTION('',(0.497211275541911,-0.867629498964844,0.));
#5366=DIRECTION('',(0.497211275541911,-0.867629498964844,0.));
#5367=DIRECTION('',(0.,0.,1.));
#5368=DIRECTION('',(1.,0.,0.));
#5369=DIRECTION('',(0.,0.,1.));
#5370=DIRECTION('',(0.,0.,1.));
#5371=DIRECTION('',(1.,0.,0.));
#5372=DIRECTION('',(0.,0.,1.));
#5373=DIRECTION('',(1.,0.,0.));
#5374=DIRECTION('',(-0.258331407048874,-0.966056356602527,0.));
#5375=DIRECTION('',(0.966056356602527,-0.258331407048874,0.));
#5376=DIRECTION('',(0.,0.,1.));
#5377=DIRECTION('',(0.966056356602527,-0.258331407048874,0.));
#5378=DIRECTION('',(0.966056356602527,-0.258331407048874,0.));
#5379=DIRECTION('',(0.,0.,1.));
#5380=DIRECTION('',(1.,0.,0.));
#5381=DIRECTION('',(0.,0.,1.));
#5382=DIRECTION('',(0.,0.,1.));
#5383=DIRECTION('',(1.,0.,0.));
#5384=DIRECTION('',(0.,0.,1.));
#5385=DIRECTION('',(1.,0.,0.));
#5386=DIRECTION('',(0.499568382084201,-0.866274455136346,0.));
#5387=DIRECTION('',(0.866274455136347,0.499568382084201,0.));
#5388=DIRECTION('',(0.,0.,1.));
#5389=DIRECTION('',(0.866274455136347,0.499568382084201,0.));
#5390=DIRECTION('',(0.866274455136347,0.499568382084201,0.));
#5391=DIRECTION('',(0.,0.,1.));
#5392=DIRECTION('',(1.,0.,0.));
#5393=DIRECTION('',(0.,0.,1.));
#5394=DIRECTION('',(0.,0.,1.));
#5395=DIRECTION('',(1.,0.,0.));
#5396=DIRECTION('',(0.,0.,1.));
#5397=DIRECTION('',(1.,0.,0.));
#5398=DIRECTION('',(-0.258347186323908,-0.966052136956655,0.));
#5399=DIRECTION('',(0.966052136956655,-0.258347186323908,0.));
#5400=DIRECTION('',(0.,0.,1.));
#5401=DIRECTION('',(0.966052136956655,-0.258347186323908,0.));
#5402=DIRECTION('',(0.966052136956655,-0.258347186323908,0.));
#5403=DIRECTION('',(0.,0.,1.));
#5404=DIRECTION('',(1.,0.,0.));
#5405=DIRECTION('',(0.,0.,1.));
#5406=DIRECTION('',(0.,0.,1.));
#5407=DIRECTION('',(1.,0.,0.));
#5408=DIRECTION('',(0.,0.,1.));
#5409=DIRECTION('',(1.,0.,0.));
#5410=DIRECTION('',(0.510540879523084,-0.859853481900141,0.));
#5411=DIRECTION('',(0.859853481900141,0.510540879523084,0.));
#5412=DIRECTION('',(0.,0.,1.));
#5413=DIRECTION('',(0.859853481900141,0.510540879523084,0.));
#5414=DIRECTION('',(0.859853481900141,0.510540879523084,0.));
#5415=DIRECTION('',(0.,0.,1.));
#5416=DIRECTION('',(1.,0.,0.));
#5417=DIRECTION('',(0.,0.,1.));
#5418=DIRECTION('',(0.,0.,1.));
#5419=DIRECTION('',(1.,0.,0.));
#5420=DIRECTION('',(0.,0.,1.));
#5421=DIRECTION('',(1.,0.,0.));
#5422=DIRECTION('',(-0.262959437466122,-0.964806889614445,0.));
#5423=DIRECTION('',(0.964806889614445,-0.262959437466122,0.));
#5424=DIRECTION('',(0.,0.,1.));
#5425=DIRECTION('',(0.964806889614445,-0.262959437466122,0.));
#5426=DIRECTION('',(0.964806889614445,-0.262959437466122,0.));
#5427=DIRECTION('',(-0.866500186475544,-0.499176749095796,0.));
#5428=DIRECTION('',(0.499176749095796,-0.866500186475544,0.));
#5429=DIRECTION('',(0.,0.,1.));
#5430=DIRECTION('',(0.499176749095796,-0.866500186475544,0.));
#5431=DIRECTION('',(0.499176749095796,-0.866500186475544,0.));
#5432=DIRECTION('',(-0.857491965622758,-0.514497355573787,0.));
#5433=DIRECTION('',(0.514497355573787,-0.857491965622758,0.));
#5434=DIRECTION('',(0.,0.,1.));
#5435=DIRECTION('',(0.514497355573787,-0.857491965622758,0.));
#5436=DIRECTION('',(0.514497355573787,-0.857491965622758,0.));
#5437=DIRECTION('',(-0.965802249696555,0.259279799600881,0.));
#5438=DIRECTION('',(-0.259279799600881,-0.965802249696555,0.));
#5439=DIRECTION('',(0.,0.,1.));
#5440=DIRECTION('',(-0.259279799600881,-0.965802249696555,0.));
#5441=DIRECTION('',(-0.259279799600881,-0.965802249696555,0.));
#5442=DIRECTION('',(0.,0.,1.));
#5443=DIRECTION('',(1.,0.,0.));
#5444=DIRECTION('',(0.,0.,1.));
#5445=DIRECTION('',(0.,0.,1.));
#5446=DIRECTION('',(1.,0.,0.));
#5447=DIRECTION('',(0.,0.,1.));
#5448=DIRECTION('',(1.,0.,0.));
#5449=DIRECTION('',(-0.866461342845841,-0.499244170074907,0.));
#5450=DIRECTION('',(0.499244170074907,-0.866461342845841,0.));
#5451=DIRECTION('',(0.,0.,1.));
#5452=DIRECTION('',(0.499244170074907,-0.866461342845841,0.));
#5453=DIRECTION('',(0.499244170074907,-0.866461342845841,0.));
#5454=DIRECTION('',(0.,0.,1.));
#5455=DIRECTION('',(1.,0.,0.));
#5456=DIRECTION('',(0.,0.,1.));
#5457=DIRECTION('',(0.,0.,1.));
#5458=DIRECTION('',(1.,0.,0.));
#5459=DIRECTION('',(0.,0.,1.));
#5460=DIRECTION('',(1.,0.,0.));
#5461=DIRECTION('',(-0.258361930174101,-0.966048193951375,0.));
#5462=DIRECTION('',(0.966048193951375,-0.258361930174102,0.));
#5463=DIRECTION('',(0.,0.,1.));
#5464=DIRECTION('',(0.966048193951375,-0.258361930174102,0.));
#5465=DIRECTION('',(0.966048193951375,-0.258361930174102,0.));
#5466=DIRECTION('',(0.,0.,1.));
#5467=DIRECTION('',(1.,0.,0.));
#5468=DIRECTION('',(0.,0.,1.));
#5469=DIRECTION('',(0.,0.,1.));
#5470=DIRECTION('',(1.,0.,0.));
#5471=DIRECTION('',(0.,0.,1.));
#5472=DIRECTION('',(1.,0.,0.));
#5473=DIRECTION('',(-0.866252924129028,-0.499605715978019,0.));
#5474=DIRECTION('',(0.499605715978019,-0.866252924129028,0.));
#5475=DIRECTION('',(0.,0.,1.));
#5476=DIRECTION('',(0.499605715978019,-0.866252924129028,0.));
#5477=DIRECTION('',(0.499605715978019,-0.866252924129028,0.));
#5478=DIRECTION('',(0.,0.,1.));
#5479=DIRECTION('',(1.,0.,0.));
#5480=DIRECTION('',(0.,0.,1.));
#5481=DIRECTION('',(0.,0.,1.));
#5482=DIRECTION('',(1.,0.,0.));
#5483=DIRECTION('',(0.,0.,1.));
#5484=DIRECTION('',(1.,0.,0.));
#5485=DIRECTION('',(-0.259371333636043,-0.96577767176916,0.));
#5486=DIRECTION('',(0.965777671769161,-0.259371333636043,0.));
#5487=DIRECTION('',(0.,0.,1.));
#5488=DIRECTION('',(0.96577767176916,-0.259371333636043,0.));
#5489=DIRECTION('',(0.96577767176916,-0.259371333636043,0.));
#5490=DIRECTION('',(-0.707520854269923,-0.706692465484923,0.));
#5491=DIRECTION('',(0.706692465484923,-0.707520854269923,0.));
#5492=DIRECTION('',(0.,0.,1.));
#5493=DIRECTION('',(0.706692465484923,-0.707520854269923,0.));
#5494=DIRECTION('',(0.706692465484923,-0.707520854269923,0.));
#5495=DIRECTION('',(0.,0.,1.));
#5496=DIRECTION('',(1.,0.,0.));
#5497=DIRECTION('',(0.,0.,1.));
#5498=DIRECTION('',(0.,0.,1.));
#5499=DIRECTION('',(1.,0.,0.));
#5500=DIRECTION('',(0.,0.,1.));
#5501=DIRECTION('',(1.,0.,0.));
#5502=DIRECTION('',(3.04990006969131E-7,-0.999999999999954,0.));
#5503=DIRECTION('',(0.999999999999954,3.04990006969131E-7,0.));
#5504=DIRECTION('',(0.,0.,1.));
#5505=DIRECTION('',(0.999999999999953,3.04990006969131E-7,0.));
#5506=DIRECTION('',(0.999999999999953,3.04990006969131E-7,0.));
#5507=DIRECTION('',(0.,0.,1.));
#5508=DIRECTION('',(1.,0.,0.));
#5509=DIRECTION('',(0.,0.,1.));
#5510=DIRECTION('',(0.,0.,1.));
#5511=DIRECTION('',(1.,0.,0.));
#5512=DIRECTION('',(0.,0.,1.));
#5513=DIRECTION('',(1.,0.,0.));
#5514=DIRECTION('',(0.707226820831251,-0.70698672116025,0.));
#5515=DIRECTION('',(0.706986721160251,0.707226820831251,0.));
#5516=DIRECTION('',(0.,0.,1.));
#5517=DIRECTION('',(0.706986721160251,0.707226820831251,0.));
#5518=DIRECTION('',(0.706986721160251,0.707226820831251,0.));
#5519=DIRECTION('',(8.81724111615243E-8,-1.,0.));
#5520=DIRECTION('',(1.,8.81724111615243E-8,0.));
#5521=DIRECTION('',(0.,0.,1.));
#5522=DIRECTION('',(1.,8.81724111615243E-8,0.));
#5523=DIRECTION('',(1.,8.81724111615243E-8,0.));
#5524=DIRECTION('',(-2.75047347260053E-7,-0.999999999999962,0.));
#5525=DIRECTION('',(0.999999999999962,-2.75047347260053E-7,0.));
#5526=DIRECTION('',(0.,0.,1.));
#5527=DIRECTION('',(0.999999999999962,-2.75047347260053E-7,0.));
#5528=DIRECTION('',(0.999999999999962,-2.75047347260053E-7,0.));
#5529=DIRECTION('',(-0.707226579142749,-0.706986962930749,0.));
#5530=DIRECTION('',(0.706986962930749,-0.70722657914275,0.));
#5531=DIRECTION('',(0.,0.,1.));
#5532=DIRECTION('',(0.706986962930749,-0.70722657914275,0.));
#5533=DIRECTION('',(0.706986962930749,-0.70722657914275,0.));
#5534=DIRECTION('',(0.,0.,1.));
#5535=DIRECTION('',(1.,0.,0.));
#5536=DIRECTION('',(0.,0.,1.));
#5537=DIRECTION('',(0.,0.,1.));
#5538=DIRECTION('',(1.,0.,0.));
#5539=DIRECTION('',(0.,0.,1.));
#5540=DIRECTION('',(1.,0.,0.));
#5541=DIRECTION('',(-3.04989350364863E-7,-0.999999999999953,0.));
#5542=DIRECTION('',(0.999999999999954,-3.04989350364863E-7,0.));
#5543=DIRECTION('',(0.,0.,1.));
#5544=DIRECTION('',(0.999999999999954,-3.04989350364863E-7,0.));
#5545=DIRECTION('',(0.999999999999954,-3.04989350364863E-7,0.));
#5546=DIRECTION('',(0.,0.,1.));
#5547=DIRECTION('',(1.,0.,0.));
#5548=DIRECTION('',(0.,0.,1.));
#5549=DIRECTION('',(0.,0.,1.));
#5550=DIRECTION('',(1.,0.,0.));
#5551=DIRECTION('',(0.,0.,1.));
#5552=DIRECTION('',(1.,0.,0.));
#5553=DIRECTION('',(0.707520617386222,-0.706692702646221,0.));
#5554=DIRECTION('',(0.706692702646221,0.707520617386222,0.));
#5555=DIRECTION('',(0.,0.,1.));
#5556=DIRECTION('',(0.706692702646221,0.707520617386222,0.));
#5557=DIRECTION('',(0.706692702646221,0.707520617386222,0.));
#5558=DIRECTION('',(0.259371908865995,-0.965777517283981,0.));
#5559=DIRECTION('',(0.965777517283981,0.259371908865995,0.));
#5560=DIRECTION('',(0.,0.,1.));
#5561=DIRECTION('',(0.965777517283981,0.259371908865995,0.));
#5562=DIRECTION('',(0.965777517283981,0.259371908865995,0.));
#5563=DIRECTION('',(0.,0.,1.));
#5564=DIRECTION('',(1.,0.,0.));
#5565=DIRECTION('',(0.,0.,1.));
#5566=DIRECTION('',(0.,0.,1.));
#5567=DIRECTION('',(1.,0.,0.));
#5568=DIRECTION('',(0.,0.,1.));
#5569=DIRECTION('',(1.,0.,0.));
#5570=DIRECTION('',(0.866252072626146,-0.499607192373075,0.));
#5571=DIRECTION('',(0.499607192373075,0.866252072626146,0.));
#5572=DIRECTION('',(0.,0.,1.));
#5573=DIRECTION('',(0.499607192373075,0.866252072626146,0.));
#5574=DIRECTION('',(0.499607192373075,0.866252072626146,0.));
#5575=DIRECTION('',(0.,0.,1.));
#5576=DIRECTION('',(1.,0.,0.));
#5577=DIRECTION('',(0.,0.,1.));
#5578=DIRECTION('',(0.,0.,1.));
#5579=DIRECTION('',(1.,0.,0.));
#5580=DIRECTION('',(0.,0.,1.));
#5581=DIRECTION('',(1.,0.,0.));
#5582=DIRECTION('',(0.258361663935903,-0.966048265154631,0.));
#5583=DIRECTION('',(0.966048265154631,0.258361663935903,0.));
#5584=DIRECTION('',(0.,0.,1.));
#5585=DIRECTION('',(0.966048265154631,0.258361663935903,0.));
#5586=DIRECTION('',(0.966048265154631,0.258361663935903,0.));
#5587=DIRECTION('',(0.,0.,1.));
#5588=DIRECTION('',(1.,0.,0.));
#5589=DIRECTION('',(0.,0.,1.));
#5590=DIRECTION('',(0.,0.,1.));
#5591=DIRECTION('',(1.,0.,0.));
#5592=DIRECTION('',(0.,0.,1.));
#5593=DIRECTION('',(1.,0.,0.));
#5594=DIRECTION('',(0.866460239472152,-0.499246085026073,0.));
#5595=DIRECTION('',(0.499246085026073,0.866460239472152,0.));
#5596=DIRECTION('',(0.,0.,1.));
#5597=DIRECTION('',(0.499246085026073,0.866460239472152,0.));
#5598=DIRECTION('',(0.499246085026073,0.866460239472152,0.));
#5599=DIRECTION('',(0.,0.,1.));
#5600=DIRECTION('',(1.,0.,0.));
#5601=DIRECTION('',(0.,0.,1.));
#5602=DIRECTION('',(0.,0.,1.));
#5603=DIRECTION('',(1.,0.,0.));
#5604=DIRECTION('',(0.,0.,1.));
#5605=DIRECTION('',(1.,0.,0.));
#5606=DIRECTION('',(0.965802248900819,0.259279802564952,0.));
#5607=DIRECTION('',(-0.259279802564952,0.965802248900819,0.));
#5608=DIRECTION('',(0.,0.,1.));
#5609=DIRECTION('',(-0.259279802564952,0.965802248900819,0.));
#5610=DIRECTION('',(-0.259279802564952,0.965802248900819,0.));
#5611=DIRECTION('',(0.85749300636916,-0.514495620999809,0.));
#5612=DIRECTION('',(0.514495620999809,0.85749300636916,0.));
#5613=DIRECTION('',(0.,0.,1.));
#5614=DIRECTION('',(0.514495620999809,0.85749300636916,0.));
#5615=DIRECTION('',(0.514495620999809,0.85749300636916,0.));
#5616=DIRECTION('',(0.861979064817518,-0.506943874424296,0.));
#5617=DIRECTION('',(0.506943874424296,0.861979064817518,0.));
#5618=DIRECTION('',(0.,0.,1.));
#5619=DIRECTION('',(0.506943874424296,0.861979064817518,0.));
#5620=DIRECTION('',(0.506943874424296,0.861979064817518,0.));
#5621=DIRECTION('',(0.866500480202243,-0.499176239227473,0.));
#5622=DIRECTION('',(0.499176239227473,0.866500480202243,0.));
#5623=DIRECTION('',(0.,0.,1.));
#5624=DIRECTION('',(0.499176239227473,0.866500480202243,0.));
#5625=DIRECTION('',(0.499176239227473,0.866500480202243,0.));
#5626=DIRECTION('',(0.262961303251078,-0.964806381090265,0.));
#5627=DIRECTION('',(0.964806381090266,0.262961303251078,0.));
#5628=DIRECTION('',(0.,0.,1.));
#5629=DIRECTION('',(0.964806381090266,0.262961303251078,0.));
#5630=DIRECTION('',(0.964806381090266,0.262961303251078,0.));
#5631=DIRECTION('',(0.,0.,1.));
#5632=DIRECTION('',(1.,0.,0.));
#5633=DIRECTION('',(0.,0.,1.));
#5634=DIRECTION('',(0.,0.,1.));
#5635=DIRECTION('',(1.,0.,0.));
#5636=DIRECTION('',(0.,0.,1.));
#5637=DIRECTION('',(1.,0.,0.));
#5638=DIRECTION('',(-0.510534518683163,-0.859857258638287,0.));
#5639=DIRECTION('',(0.859857258638288,-0.510534518683164,0.));
#5640=DIRECTION('',(0.,0.,1.));
#5641=DIRECTION('',(0.859857258638287,-0.510534518683164,0.));
#5642=DIRECTION('',(0.859857258638287,-0.510534518683164,0.));
#5643=DIRECTION('',(0.,0.,1.));
#5644=DIRECTION('',(1.,0.,0.));
#5645=DIRECTION('',(0.,0.,1.));
#5646=DIRECTION('',(0.,0.,1.));
#5647=DIRECTION('',(1.,0.,0.));
#5648=DIRECTION('',(0.,0.,1.));
#5649=DIRECTION('',(1.,0.,0.));
#5650=DIRECTION('',(0.258346892617097,-0.966052215501362,0.));
#5651=DIRECTION('',(0.966052215501362,0.258346892617098,0.));
#5652=DIRECTION('',(0.,0.,1.));
#5653=DIRECTION('',(0.966052215501362,0.258346892617098,0.));
#5654=DIRECTION('',(0.966052215501362,0.258346892617098,0.));
#5655=DIRECTION('',(0.,0.,1.));
#5656=DIRECTION('',(1.,0.,0.));
#5657=DIRECTION('',(0.,0.,1.));
#5658=DIRECTION('',(0.,0.,1.));
#5659=DIRECTION('',(1.,0.,0.));
#5660=DIRECTION('',(0.,0.,1.));
#5661=DIRECTION('',(1.,0.,0.));
#5662=DIRECTION('',(-0.499570902269036,-0.866273001776057,0.));
#5663=DIRECTION('',(0.866273001776057,-0.499570902269037,0.));
#5664=DIRECTION('',(0.,0.,1.));
#5665=DIRECTION('',(0.866273001776057,-0.499570902269037,0.));
#5666=DIRECTION('',(0.866273001776057,-0.499570902269037,0.));
#5667=DIRECTION('',(0.,0.,1.));
#5668=DIRECTION('',(1.,0.,0.));
#5669=DIRECTION('',(0.,0.,1.));
#5670=DIRECTION('',(0.,0.,1.));
#5671=DIRECTION('',(1.,0.,0.));
#5672=DIRECTION('',(0.,0.,1.));
#5673=DIRECTION('',(1.,0.,0.));
#5674=DIRECTION('',(0.258331457524949,-0.966056343104809,0.));
#5675=DIRECTION('',(0.966056343104809,0.258331457524949,0.));
#5676=DIRECTION('',(0.,0.,1.));
#5677=DIRECTION('',(0.966056343104808,0.258331457524949,0.));
#5678=DIRECTION('',(0.966056343104808,0.258331457524949,0.));
#5679=DIRECTION('',(0.,0.,1.));
#5680=DIRECTION('',(1.,0.,0.));
#5681=DIRECTION('',(0.,0.,1.));
#5682=DIRECTION('',(0.,0.,1.));
#5683=DIRECTION('',(1.,0.,0.));
#5684=DIRECTION('',(0.,0.,1.));
#5685=DIRECTION('',(1.,0.,0.));
#5686=DIRECTION('',(0.867629090811794,-0.497211987764877,0.));
#5687=DIRECTION('',(0.497211987764877,0.867629090811794,0.));
#5688=DIRECTION('',(0.,0.,1.));
#5689=DIRECTION('',(0.497211987764877,0.867629090811794,0.));
#5690=DIRECTION('',(0.497211987764877,0.867629090811794,0.));
#5691=DIRECTION('',(0.,0.,1.));
#5692=DIRECTION('',(1.,0.,0.));
#5693=DIRECTION('',(0.,0.,1.));
#5694=DIRECTION('',(0.,0.,1.));
#5695=DIRECTION('',(1.,0.,0.));
#5696=DIRECTION('',(0.,0.,1.));
#5697=DIRECTION('',(1.,0.,0.));
#5698=DIRECTION('',(0.965974109751063,0.258638781490018,0.));
#5699=DIRECTION('',(-0.258638781490018,0.965974109751063,0.));
#5700=DIRECTION('',(0.,0.,1.));
#5701=DIRECTION('',(-0.258638781490018,0.965974109751063,0.));
#5702=DIRECTION('',(-0.258638781490018,0.965974109751063,0.));
#5703=DIRECTION('',(0.,0.,1.));
#5704=DIRECTION('',(1.,0.,0.));
#5705=DIRECTION('',(0.,0.,1.));
#5706=DIRECTION('',(0.,0.,1.));
#5707=DIRECTION('',(1.,0.,0.));
#5708=DIRECTION('',(0.,0.,1.));
#5709=DIRECTION('',(1.,0.,0.));
#5710=DIRECTION('',(0.698005676682958,0.716092225427958,0.));
#5711=DIRECTION('',(-0.716092225427958,0.698005676682958,0.));
#5712=DIRECTION('',(0.,0.,1.));
#5713=DIRECTION('',(-0.716092225427958,0.698005676682958,0.));
#5714=DIRECTION('',(-0.716092225427958,0.698005676682958,0.));
#5715=DIRECTION('',(0.,0.,1.));
#5716=DIRECTION('',(1.,0.,0.));
#5717=DIRECTION('',(0.,0.,1.));
#5718=DIRECTION('',(0.,0.,1.));
#5719=DIRECTION('',(1.,0.,0.));
#5720=DIRECTION('',(0.,0.,1.));
#5721=DIRECTION('',(1.,0.,0.));
#5722=DIRECTION('',(-0.258323364380098,0.966058507242365,0.));
#5723=DIRECTION('',(-0.966058507242365,-0.258323364380098,0.));
#5724=DIRECTION('',(0.,0.,1.));
#5725=DIRECTION('',(-0.966058507242365,-0.258323364380098,0.));
#5726=DIRECTION('',(-0.966058507242365,-0.258323364380098,0.));
#5727=DIRECTION('',(0.,0.,1.));
#5728=DIRECTION('',(1.,0.,0.));
#5729=DIRECTION('',(0.,0.,1.));
#5730=DIRECTION('',(0.,0.,1.));
#5731=DIRECTION('',(1.,0.,0.));
#5732=DIRECTION('',(0.,0.,1.));
#5733=DIRECTION('',(1.,0.,0.));
#5734=DIRECTION('',(0.503192352391199,0.864174436381343,0.));
#5735=DIRECTION('',(-0.864174436381343,0.503192352391199,0.));
#5736=DIRECTION('',(0.,0.,1.));
#5737=DIRECTION('',(-0.864174436381343,0.503192352391199,0.));
#5738=DIRECTION('',(-0.864174436381343,0.503192352391199,0.));
#5739=DIRECTION('',(0.,0.,1.));
#5740=DIRECTION('',(1.,0.,0.));
#5741=DIRECTION('',(0.,0.,1.));
#5742=DIRECTION('',(0.,0.,1.));
#5743=DIRECTION('',(1.,0.,0.));
#5744=DIRECTION('',(0.,0.,1.));
#5745=DIRECTION('',(1.,0.,0.));
#5746=DIRECTION('',(-0.258647902982897,0.965971667432617,0.));
#5747=DIRECTION('',(-0.965971667432617,-0.258647902982897,0.));
#5748=DIRECTION('',(0.,0.,1.));
#5749=DIRECTION('',(-0.965971667432617,-0.258647902982897,0.));
#5750=DIRECTION('',(-0.965971667432617,-0.258647902982897,0.));
#5751=DIRECTION('',(0.,0.,1.));
#5752=DIRECTION('',(1.,0.,0.));
#5753=DIRECTION('',(0.,0.,1.));
#5754=DIRECTION('',(0.,0.,1.));
#5755=DIRECTION('',(1.,0.,0.));
#5756=DIRECTION('',(0.,0.,1.));
#5757=DIRECTION('',(1.,0.,0.));
#5758=DIRECTION('',(0.498692134877104,0.866779184459178,0.));
#5759=DIRECTION('',(-0.866779184459178,0.498692134877104,0.));
#5760=DIRECTION('',(0.,0.,1.));
#5761=DIRECTION('',(-0.866779184459178,0.498692134877104,0.));
#5762=DIRECTION('',(-0.866779184459178,0.498692134877104,0.));
#5763=DIRECTION('',(0.,0.,1.));
#5764=DIRECTION('',(1.,0.,0.));
#5765=DIRECTION('',(0.,0.,1.));
#5766=DIRECTION('',(0.,0.,1.));
#5767=DIRECTION('',(1.,0.,0.));
#5768=DIRECTION('',(0.,0.,1.));
#5769=DIRECTION('',(1.,0.,0.));
#5770=DIRECTION('',(-0.258216870495938,0.966086977342767,0.));
#5771=DIRECTION('',(-0.966086977342767,-0.258216870495938,0.));
#5772=DIRECTION('',(0.,0.,1.));
#5773=DIRECTION('',(-0.966086977342767,-0.258216870495938,0.));
#5774=DIRECTION('',(-0.966086977342767,-0.258216870495938,0.));
#5775=DIRECTION('',(0.,0.,1.));
#5776=DIRECTION('',(1.,0.,0.));
#5777=DIRECTION('',(0.,0.,1.));
#5778=DIRECTION('',(0.,0.,1.));
#5779=DIRECTION('',(1.,0.,0.));
#5780=DIRECTION('',(0.,0.,1.));
#5781=DIRECTION('',(1.,0.,0.));
#5782=DIRECTION('',(-0.866905535476731,0.498472459178842,0.));
#5783=DIRECTION('',(-0.498472459178842,-0.866905535476731,0.));
#5784=DIRECTION('',(0.,0.,1.));
#5785=DIRECTION('',(-0.498472459178842,-0.866905535476731,0.));
#5786=DIRECTION('',(-0.498472459178842,-0.866905535476731,0.));
#5787=DIRECTION('',(0.,0.,1.));
#5788=DIRECTION('',(1.,0.,0.));
#5789=DIRECTION('',(0.,0.,1.));
#5790=DIRECTION('',(0.,0.,1.));
#5791=DIRECTION('',(1.,0.,0.));
#5792=DIRECTION('',(0.,0.,1.));
#5793=DIRECTION('',(1.,0.,0.));
#5794=DIRECTION('',(-0.259543651394989,0.96573137725796,0.));
#5795=DIRECTION('',(-0.96573137725796,-0.25954365139499,0.));
#5796=DIRECTION('',(0.,0.,1.));
#5797=DIRECTION('',(-0.96573137725796,-0.25954365139499,0.));
#5798=DIRECTION('',(-0.96573137725796,-0.25954365139499,0.));
#5799=DIRECTION('',(-0.28338366523409,0.959006620560303,0.));
#5800=DIRECTION('',(-0.959006620560303,-0.28338366523409,0.));
#5801=DIRECTION('',(0.,0.,1.));
#5802=DIRECTION('',(-0.959006620560303,-0.28338366523409,0.));
#5803=DIRECTION('',(-0.959006620560303,-0.28338366523409,0.));
#5804=DIRECTION('',(0.500060175984088,0.865990658376153,0.));
#5805=DIRECTION('',(-0.865990658376153,0.500060175984088,0.));
#5806=DIRECTION('',(0.,0.,1.));
#5807=DIRECTION('',(-0.865990658376153,0.500060175984088,0.));
#5808=DIRECTION('',(-0.865990658376153,0.500060175984088,0.));
#5809=DIRECTION('',(0.,0.,1.));
#5810=DIRECTION('',(1.,0.,0.));
#5811=DIRECTION('',(0.,0.,1.));
#5812=DIRECTION('',(0.,0.,1.));
#5813=DIRECTION('',(1.,0.,0.));
#5814=DIRECTION('',(0.,0.,1.));
#5815=DIRECTION('',(1.,0.,0.));
#5816=DIRECTION('',(3.53503213577595E-7,0.999999999999937,0.));
#5817=DIRECTION('',(-0.999999999999938,3.53503213577595E-7,0.));
#5818=DIRECTION('',(0.,0.,1.));
#5819=DIRECTION('',(-1.,-1.41511720462106E-7,0.));
#5820=DIRECTION('',(0.,0.,-1.));
#5821=DIRECTION('',(-0.999999999999938,3.53503213577595E-7,0.));
#5822=DIRECTION('',(-0.999999999999938,3.53503213577595E-7,0.));
#5823=DIRECTION('',(0.,0.,1.));
#5824=DIRECTION('',(-1.41511720462106E-7,1.,0.));
#5825=DIRECTION('',(-1.,-1.41511720462106E-7,0.));
#5826=DIRECTION('',(-1.,-1.41511720462106E-7,0.));
#5827=DIRECTION('',(0.,0.,1.));
#5828=DIRECTION('',(-1.,-1.41511720462106E-7,0.));
#5829=DIRECTION('',(-1.,-1.41511720462106E-7,0.));
#5830=DIRECTION('',(0.,0.,1.));
#5831=DIRECTION('',(0.,0.,1.));
#5832=DIRECTION('',(1.,0.,0.));
#5833=DIRECTION('',(0.,0.,1.));
#5834=DIRECTION('',(0.,0.,1.));
#5835=DIRECTION('',(1.,0.,0.));
#5836=DIRECTION('',(0.,0.,1.));
#5837=DIRECTION('',(1.,0.,0.));
#5838=DIRECTION('',(-0.517749868085677,0.855532041537466,0.));
#5839=DIRECTION('',(-0.855532041537466,-0.517749868085677,0.));
#5840=DIRECTION('',(0.,0.,1.));
#5841=DIRECTION('',(-0.855532041537466,-0.517749868085677,0.));
#5842=DIRECTION('',(-0.855532041537466,-0.517749868085677,0.));
#5843=DIRECTION('',(0.269719149991133,0.962939032404472,0.));
#5844=DIRECTION('',(-0.962939032404472,0.269719149991133,0.));
#5845=DIRECTION('',(0.,0.,1.));
#5846=DIRECTION('',(-0.962939032404472,0.269719149991133,0.));
#5847=DIRECTION('',(-0.962939032404472,0.269719149991133,0.));
#5848=DIRECTION('',(0.259544486503102,0.965731152819376,0.));
#5849=DIRECTION('',(-0.965731152819376,0.259544486503102,0.));
#5850=DIRECTION('',(0.,0.,1.));
#5851=DIRECTION('',(-0.965731152819376,0.259544486503102,0.));
#5852=DIRECTION('',(-0.965731152819376,0.259544486503102,0.));
#5853=DIRECTION('',(0.,0.,1.));
#5854=DIRECTION('',(1.,0.,0.));
#5855=DIRECTION('',(0.,0.,1.));
#5856=DIRECTION('',(0.,0.,1.));
#5857=DIRECTION('',(1.,0.,0.));
#5858=DIRECTION('',(0.,0.,1.));
#5859=DIRECTION('',(1.,0.,0.));
#5860=DIRECTION('',(0.866906523821865,0.498470740319922,0.));
#5861=DIRECTION('',(-0.498470740319922,0.866906523821865,0.));
#5862=DIRECTION('',(0.,0.,1.));
#5863=DIRECTION('',(-0.498470740319922,0.866906523821865,0.));
#5864=DIRECTION('',(-0.498470740319922,0.866906523821865,0.));
#5865=DIRECTION('',(0.,0.,1.));
#5866=DIRECTION('',(1.,0.,0.));
#5867=DIRECTION('',(0.,0.,1.));
#5868=DIRECTION('',(0.,0.,1.));
#5869=DIRECTION('',(1.,0.,0.));
#5870=DIRECTION('',(0.,0.,1.));
#5871=DIRECTION('',(1.,0.,0.));
#5872=DIRECTION('',(0.258217220051986,0.966086883912945,0.));
#5873=DIRECTION('',(-0.966086883912945,0.258217220051986,0.));
#5874=DIRECTION('',(0.,0.,1.));
#5875=DIRECTION('',(-0.966086883912945,0.258217220051986,0.));
#5876=DIRECTION('',(-0.966086883912945,0.258217220051986,0.));
#5877=DIRECTION('',(0.,0.,1.));
#5878=DIRECTION('',(1.,0.,0.));
#5879=DIRECTION('',(0.,0.,1.));
#5880=DIRECTION('',(0.,0.,1.));
#5881=DIRECTION('',(1.,0.,0.));
#5882=DIRECTION('',(0.,0.,1.));
#5883=DIRECTION('',(1.,0.,0.));
#5884=DIRECTION('',(-0.498692640121132,0.866778893772232,0.));
#5885=DIRECTION('',(-0.866778893772233,-0.498692640121132,0.));
#5886=DIRECTION('',(0.,0.,1.));
#5887=DIRECTION('',(-0.866778893772233,-0.498692640121132,0.));
#5888=DIRECTION('',(-0.866778893772233,-0.498692640121132,0.));
#5889=DIRECTION('',(0.,0.,1.));
#5890=DIRECTION('',(1.,0.,0.));
#5891=DIRECTION('',(0.,0.,1.));
#5892=DIRECTION('',(0.,0.,1.));
#5893=DIRECTION('',(1.,0.,0.));
#5894=DIRECTION('',(0.,0.,1.));
#5895=DIRECTION('',(1.,0.,0.));
#5896=DIRECTION('',(0.258647807759857,0.965971692929467,0.));
#5897=DIRECTION('',(-0.965971692929467,0.258647807759857,0.));
#5898=DIRECTION('',(0.,0.,1.));
#5899=DIRECTION('',(-0.965971692929467,0.258647807759857,0.));
#5900=DIRECTION('',(-0.965971692929467,0.258647807759857,0.));
#5901=DIRECTION('',(0.,0.,1.));
#5902=DIRECTION('',(1.,0.,0.));
#5903=DIRECTION('',(0.,0.,1.));
#5904=DIRECTION('',(0.,0.,1.));
#5905=DIRECTION('',(1.,0.,0.));
#5906=DIRECTION('',(0.,0.,1.));
#5907=DIRECTION('',(1.,0.,0.));
#5908=DIRECTION('',(-0.503191976529282,0.864174655238485,0.));
#5909=DIRECTION('',(-0.864174655238485,-0.503191976529282,0.));
#5910=DIRECTION('',(0.,0.,1.));
#5911=DIRECTION('',(-0.864174655238485,-0.503191976529282,0.));
#5912=DIRECTION('',(-0.864174655238485,-0.503191976529282,0.));
#5913=DIRECTION('',(0.,0.,1.));
#5914=DIRECTION('',(1.,0.,0.));
#5915=DIRECTION('',(0.,0.,1.));
#5916=DIRECTION('',(0.,0.,1.));
#5917=DIRECTION('',(1.,0.,0.));
#5918=DIRECTION('',(0.,0.,1.));
#5919=DIRECTION('',(1.,0.,0.));
#5920=DIRECTION('',(0.258323331232969,0.966058516105883,0.));
#5921=DIRECTION('',(-0.966058516105884,0.258323331232969,0.));
#5922=DIRECTION('',(-0.966058516105884,0.258323331232969,0.));
#5923=DIRECTION('',(-0.966058516105884,0.258323331232969,0.));
#5924=DIRECTION('',(0.,0.,1.));
#5925=DIRECTION('',(1.,0.,0.));
#5926=DIRECTION('',(0.,0.,-1.));
#5927=DIRECTION('',(-1.,0.,0.));
#5928=DIRECTION('',(0.,0.,1.));
#5929=DIRECTION('',(1.,0.,0.));
#5930=DIRECTION('',(0.,0.,1.));
#5931=DIRECTION('',(1.,0.,0.));
#5932=DIRECTION('',(0.,0.,-1.));
#5933=DIRECTION('',(-1.,0.,0.));
#5934=DIRECTION('',(0.,0.,1.));
#5935=DIRECTION('',(1.,0.,0.));
#5936=DIRECTION('',(0.,0.,1.));
#5937=DIRECTION('',(1.,0.,0.));
#5938=DIRECTION('',(0.,0.,1.));
#5939=DIRECTION('',(1.,0.,0.));
#5940=DIRECTION('',(0.,0.,-1.));
#5941=DIRECTION('',(-1.,0.,0.));
#5942=DIRECTION('',(0.,0.,1.));
#5943=DIRECTION('',(1.,0.,0.));
#5944=DIRECTION('',(0.,0.,1.));
#5945=DIRECTION('',(1.,0.,0.));
#5946=DIRECTION('',(0.,0.,-1.));
#5947=DIRECTION('',(-1.,0.,0.));
#5948=DIRECTION('',(0.,0.,1.));
#5949=DIRECTION('',(1.,0.,0.));
#5950=DIRECTION('',(0.,0.,1.));
#5951=DIRECTION('',(1.,0.,0.));
#5952=DIRECTION('',(0.,0.,1.));
#5953=DIRECTION('',(1.,0.,0.));
#5954=DIRECTION('',(0.,0.,-1.));
#5955=DIRECTION('',(-1.,0.,0.));
#5956=DIRECTION('',(0.,0.,1.));
#5957=DIRECTION('',(1.,0.,0.));
#5958=DIRECTION('',(0.,0.,1.));
#5959=DIRECTION('',(1.,0.,0.));
#5960=DIRECTION('',(0.,0.,-1.));
#5961=DIRECTION('',(-1.,0.,0.));
#5962=DIRECTION('',(0.,0.,1.));
#5963=DIRECTION('',(1.,0.,0.));
#5964=DIRECTION('',(0.,0.,1.));
#5965=DIRECTION('',(1.,0.,0.));
#5966=DIRECTION('',(0.,0.,1.));
#5967=DIRECTION('',(1.,0.,0.));
#5968=DIRECTION('',(0.,0.,-1.));
#5969=DIRECTION('',(-1.,0.,0.));
#5970=DIRECTION('',(0.,0.,1.));
#5971=DIRECTION('',(1.,0.,0.));
#5972=DIRECTION('',(0.,0.,1.));
#5973=DIRECTION('',(1.,0.,0.));
#5974=DIRECTION('',(0.,0.,-1.));
#5975=DIRECTION('',(-1.,0.,0.));
#5976=DIRECTION('',(0.,0.,1.));
#5977=DIRECTION('',(1.,0.,0.));
#5978=DIRECTION('',(0.,0.,1.));
#5979=DIRECTION('',(1.,0.,0.));
#5980=DIRECTION('',(0.,0.,1.));
#5981=DIRECTION('',(1.,0.,0.));
#5982=DIRECTION('',(0.,0.,-1.));
#5983=DIRECTION('',(-1.,0.,0.));
#5984=DIRECTION('',(0.,0.,1.));
#5985=DIRECTION('',(1.,0.,0.));
#5986=DIRECTION('',(0.,0.,1.));
#5987=DIRECTION('',(1.,0.,0.));
#5988=DIRECTION('',(0.,0.,-1.));
#5989=DIRECTION('',(-1.,0.,0.));
#5990=DIRECTION('',(0.,0.,1.));
#5991=DIRECTION('',(1.,0.,0.));
#5992=DIRECTION('',(0.,0.,1.));
#5993=DIRECTION('',(1.,0.,0.));
#5994=DIRECTION('',(0.,0.,1.));
#5995=DIRECTION('',(1.,0.,0.));
#5996=DIRECTION('',(0.,0.,-1.));
#5997=DIRECTION('',(-1.,0.,0.));
#5998=DIRECTION('',(0.,0.,1.));
#5999=DIRECTION('',(1.,0.,0.));
#6000=DIRECTION('',(0.,0.,1.));
#6001=DIRECTION('',(1.,0.,0.));
#6002=DIRECTION('',(0.,0.,-1.));
#6003=DIRECTION('',(-1.,0.,0.));
#6004=DIRECTION('',(0.,0.,1.));
#6005=DIRECTION('',(1.,0.,0.));
#6006=DIRECTION('',(0.,0.,1.));
#6007=DIRECTION('',(1.,0.,0.));
#6008=DIRECTION('',(0.,0.,1.));
#6009=DIRECTION('',(1.,0.,0.));
#6010=DIRECTION('',(0.,0.,-1.));
#6011=DIRECTION('',(-1.,0.,0.));
#6012=DIRECTION('',(0.,0.,1.));
#6013=DIRECTION('',(1.,0.,0.));
#6014=DIRECTION('',(0.,0.,1.));
#6015=DIRECTION('',(1.,0.,0.));
#6016=DIRECTION('',(0.,0.,-1.));
#6017=DIRECTION('',(-1.,0.,0.));
#6018=DIRECTION('',(0.,0.,1.));
#6019=DIRECTION('',(1.,0.,0.));
#6020=DIRECTION('',(0.,0.,1.));
#6021=DIRECTION('',(1.,0.,0.));
#6022=DIRECTION('',(0.,0.,1.));
#6023=DIRECTION('',(1.,0.,0.));
#6024=DIRECTION('',(0.,0.,-1.));
#6025=DIRECTION('',(-1.,0.,0.));
#6026=DIRECTION('',(0.,0.,1.));
#6027=DIRECTION('',(1.,0.,0.));
#6028=DIRECTION('',(0.,0.,1.));
#6029=DIRECTION('',(1.,0.,0.));
#6030=DIRECTION('',(0.,0.,-1.));
#6031=DIRECTION('',(-1.,0.,0.));
#6032=DIRECTION('',(0.,0.,1.));
#6033=DIRECTION('',(1.,0.,0.));
#6034=DIRECTION('',(0.,0.,1.));
#6035=DIRECTION('',(1.,0.,0.));
#6036=DIRECTION('',(0.,0.,1.));
#6037=DIRECTION('',(1.,0.,0.));
#6038=DIRECTION('',(-3.53503213149843E-7,-0.999999999999937,0.));
#6039=DIRECTION('',(0.999999999999937,-3.53503213149843E-7,0.));
#6040=DIRECTION('',(0.999999999999938,-3.53503213149843E-7,0.));
#6041=DIRECTION('',(0.,0.,-1.));
#6042=DIRECTION('',(0.,0.,-1.));
#6043=DIRECTION('',(-0.999999999999938,3.53503213149843E-7,0.));
#6044=DIRECTION('',(0.,0.,-1.));
#6045=DIRECTION('',(0.,0.,1.));
#6046=DIRECTION('',(1.,0.,0.));
#6047=DIRECTION('',(0.,0.,1.));
#6048=DIRECTION('',(1.,0.,0.));
#6049=DIRECTION('',(0.706986962930749,-0.70722657914275,0.));
#6050=DIRECTION('',(0.999999999999962,-2.75047347201432E-7,0.));
#6051=DIRECTION('',(1.,8.81724096910226E-8,0.));
#6052=DIRECTION('',(0.706986721160251,0.707226820831251,0.));
#6053=DIRECTION('',(0.,0.,1.));
#6054=DIRECTION('',(1.,0.,0.));
#6055=DIRECTION('',(0.999999999999953,3.04990006969131E-7,0.));
#6056=DIRECTION('',(0.,0.,1.));
#6057=DIRECTION('',(1.,0.,0.));
#6058=DIRECTION('',(0.706692465484924,-0.707520854269922,0.));
#6059=DIRECTION('',(0.96577767176916,-0.259371333636043,0.));
#6060=DIRECTION('',(0.,0.,1.));
#6061=DIRECTION('',(1.,0.,0.));
#6062=DIRECTION('',(0.499605715978018,-0.866252924129028,0.));
#6063=DIRECTION('',(0.,0.,1.));
#6064=DIRECTION('',(1.,0.,0.));
#6065=DIRECTION('',(-0.208884639990131,-0.977940288144523,0.));
#6066=DIRECTION('',(0.966048193951375,-0.258361930174101,0.));
#6067=DIRECTION('',(0.,0.,1.));
#6068=DIRECTION('',(1.,0.,0.));
#6069=DIRECTION('',(0.499244170074907,-0.866461342845841,0.));
#6070=DIRECTION('',(0.,0.,1.));
#6071=DIRECTION('',(1.,0.,0.));
#6072=DIRECTION('',(-0.259279799600881,-0.965802249696555,0.));
#6073=DIRECTION('',(0.514497355573831,-0.857491965622731,0.));
#6074=DIRECTION('',(0.499176749095748,-0.866500186475572,0.));
#6075=DIRECTION('',(0.964806889614447,-0.262959437466117,0.));
#6076=DIRECTION('',(0.258576088423127,0.965990893588441,0.));
#6077=DIRECTION('',(0.,0.,1.));
#6078=DIRECTION('',(1.,0.,0.));
#6079=DIRECTION('',(0.859853481900138,0.510540879523088,0.));
#6080=DIRECTION('',(0.,0.,1.));
#6081=DIRECTION('',(1.,0.,0.));
#6082=DIRECTION('',(0.966052136956655,-0.258347186323908,0.));
#6083=DIRECTION('',(0.259126991848052,0.965843259590178,0.));
#6084=DIRECTION('',(0.,0.,1.));
#6085=DIRECTION('',(1.,0.,0.));
#6086=DIRECTION('',(0.866274455136347,0.499568382084201,0.));
#6087=DIRECTION('',(0.,0.,1.));
#6088=DIRECTION('',(1.,0.,0.));
#6089=DIRECTION('',(0.966056356602527,-0.258331407048874,0.));
#6090=DIRECTION('',(0.,0.,1.));
#6091=DIRECTION('',(1.,0.,0.));
#6092=DIRECTION('',(0.497211275541911,-0.867629498964844,0.));
#6093=DIRECTION('',(0.,0.,1.));
#6094=DIRECTION('',(1.,0.,0.));
#6095=DIRECTION('',(-0.258638773748928,-0.965974111823733,0.));
#6096=DIRECTION('',(0.,0.,1.));
#6097=DIRECTION('',(1.,0.,0.));
#6098=DIRECTION('',(-0.715814729317102,-0.698290250034099,0.));
#6099=DIRECTION('',(0.,0.,1.));
#6100=DIRECTION('',(1.,0.,0.));
#6101=DIRECTION('',(-0.966058516105884,0.258323331232969,0.));
#6102=DIRECTION('',(0.,0.,1.));
#6103=DIRECTION('',(1.,0.,0.));
#6104=DIRECTION('',(-0.864174655238485,-0.503191976529283,0.));
#6105=DIRECTION('',(0.,0.,1.));
#6106=DIRECTION('',(1.,0.,0.));
#6107=DIRECTION('',(-0.965971692929467,0.258647807759857,0.));
#6108=DIRECTION('',(-0.813714316435957,-0.581265009463982,0.));
#6109=DIRECTION('',(0.,0.,1.));
#6110=DIRECTION('',(1.,0.,0.));
#6111=DIRECTION('',(-0.866778893772232,-0.498692640121132,0.));
#6112=DIRECTION('',(0.,0.,1.));
#6113=DIRECTION('',(1.,0.,0.));
#6114=DIRECTION('',(-0.966086883912945,0.258217220051986,0.));
#6115=DIRECTION('',(0.,0.,1.));
#6116=DIRECTION('',(1.,0.,0.));
#6117=DIRECTION('',(-0.498470740319919,0.866906523821866,0.));
#6118=DIRECTION('',(0.,0.,1.));
#6119=DIRECTION('',(1.,0.,0.));
#6120=DIRECTION('',(-0.965731152819376,0.259544486503102,0.));
#6121=DIRECTION('',(-0.962939032404472,0.269719149991133,0.));
#6122=DIRECTION('',(-0.855532041537466,-0.517749868085677,0.));
#6123=DIRECTION('',(0.,0.,1.));
#6124=DIRECTION('',(1.,0.,0.));
#6125=DIRECTION('',(-1.,-1.4151172003402E-7,0.));
#6126=DIRECTION('',(0.,0.,1.));
#6127=DIRECTION('',(1.,0.,0.));
#6128=DIRECTION('',(-0.865990658376153,0.500060175984088,0.));
#6129=DIRECTION('',(-0.959006620560303,-0.28338366523409,0.));
#6130=DIRECTION('',(-0.96573137725796,-0.259543651394989,0.));
#6131=DIRECTION('',(0.,0.,1.));
#6132=DIRECTION('',(1.,0.,0.));
#6133=DIRECTION('',(-0.498472459178847,-0.866905535476728,0.));
#6134=DIRECTION('',(0.,0.,1.));
#6135=DIRECTION('',(1.,0.,0.));
#6136=DIRECTION('',(-0.966086977342767,-0.258216870495938,0.));
#6137=DIRECTION('',(0.,0.,1.));
#6138=DIRECTION('',(1.,0.,0.));
#6139=DIRECTION('',(-0.866779184459178,0.498692134877103,0.));
#6140=DIRECTION('',(0.,0.,1.));
#6141=DIRECTION('',(1.,0.,0.));
#6142=DIRECTION('',(-0.965971667432617,-0.258647902982897,0.));
#6143=DIRECTION('',(0.,0.,1.));
#6144=DIRECTION('',(1.,0.,0.));
#6145=DIRECTION('',(-0.864174436381343,0.503192352391198,0.));
#6146=DIRECTION('',(0.,0.,1.));
#6147=DIRECTION('',(1.,0.,0.));
#6148=DIRECTION('',(-0.966058507242365,-0.258323364380098,0.));
#6149=DIRECTION('',(0.,0.,1.));
#6150=DIRECTION('',(1.,0.,0.));
#6151=DIRECTION('',(-0.716092225427958,0.698005676682958,0.));
#6152=DIRECTION('',(0.,0.,1.));
#6153=DIRECTION('',(1.,0.,0.));
#6154=DIRECTION('',(-0.258638781490017,0.965974109751063,0.));
#6155=DIRECTION('',(0.,0.,1.));
#6156=DIRECTION('',(1.,0.,0.));
#6157=DIRECTION('',(0.497211987764882,0.867629090811791,0.));
#6158=DIRECTION('',(0.,0.,1.));
#6159=DIRECTION('',(1.,0.,0.));
#6160=DIRECTION('',(0.966056343104809,0.258331457524949,0.));
#6161=DIRECTION('',(0.,0.,1.));
#6162=DIRECTION('',(1.,0.,0.));
#6163=DIRECTION('',(0.866273001776058,-0.499570902269036,0.));
#6164=DIRECTION('',(0.,0.,1.));
#6165=DIRECTION('',(1.,0.,0.));
#6166=DIRECTION('',(0.259129448602001,-0.965842600462013,0.));
#6167=DIRECTION('',(0.966052215501362,0.258346892617097,0.));
#6168=DIRECTION('',(0.,0.,1.));
#6169=DIRECTION('',(1.,0.,0.));
#6170=DIRECTION('',(0.859857258638279,-0.510534518683177,0.));
#6171=DIRECTION('',(0.,0.,1.));
#6172=DIRECTION('',(1.,0.,0.));
#6173=DIRECTION('',(0.25857498429301,-0.96599118914091,0.));
#6174=DIRECTION('',(0.964806381090266,0.262961303251075,0.));
#6175=DIRECTION('',(0.499176239227247,0.866500480202373,0.));
#6176=DIRECTION('',(0.506943874424624,0.861979064817325,0.));
#6177=DIRECTION('',(0.514495620999255,0.857493006369493,0.));
#6178=DIRECTION('',(-0.25927980256495,0.965802248900819,0.));
#6179=DIRECTION('',(0.,0.,1.));
#6180=DIRECTION('',(1.,0.,0.));
#6181=DIRECTION('',(0.499246085026088,0.866460239472143,0.));
#6182=DIRECTION('',(0.,0.,1.));
#6183=DIRECTION('',(1.,0.,0.));
#6184=DIRECTION('',(0.966048265154631,0.258361663935903,0.));
#6185=DIRECTION('',(-0.20888625498085,0.977939943186736,0.));
#6186=DIRECTION('',(0.,0.,1.));
#6187=DIRECTION('',(1.,0.,0.));
#6188=DIRECTION('',(0.499607192373079,0.866252072626143,0.));
#6189=DIRECTION('',(0.,0.,1.));
#6190=DIRECTION('',(1.,0.,0.));
#6191=DIRECTION('',(0.965777517283981,0.259371908865995,0.));
#6192=DIRECTION('',(0.706692702646222,0.70752061738622,0.));
#6193=DIRECTION('',(0.,0.,1.));
#6194=DIRECTION('',(1.,0.,0.));
#6195=DIRECTION('',(0.999999999999953,-3.0498935036486E-7,0.));
#6196=DIRECTION('',(0.70722657914275,0.706986962930749,0.));
#6197=DIRECTION('',(-0.706986962930749,0.70722657914275,0.));
#6198=DIRECTION('',(0.,0.,-1.));
#6199=DIRECTION('',(0.,0.,-1.));
#6200=DIRECTION('',(0.,0.,-1.));
#6201=DIRECTION('',(-1.,0.,0.));
#6202=DIRECTION('',(0.,0.,-1.));
#6203=DIRECTION('',(3.0498935036486E-7,0.999999999999954,0.));
#6204=DIRECTION('',(-0.999999999999954,3.0498935036486E-7,0.));
#6205=DIRECTION('',(0.,0.,-1.));
#6206=DIRECTION('',(0.,0.,-1.));
#6207=DIRECTION('',(-1.,0.,0.));
#6208=DIRECTION('',(0.,0.,-1.));
#6209=DIRECTION('',(-0.70752061738622,0.706692702646222,0.));
#6210=DIRECTION('',(-0.706692702646222,-0.70752061738622,0.));
#6211=DIRECTION('',(0.,0.,-1.));
#6212=DIRECTION('',(-0.259371908865995,0.965777517283981,0.));
#6213=DIRECTION('',(-0.965777517283981,-0.259371908865995,0.));
#6214=DIRECTION('',(0.,0.,-1.));
#6215=DIRECTION('',(0.,0.,-1.));
#6216=DIRECTION('',(-1.,0.,0.));
#6217=DIRECTION('',(0.,0.,-1.));
#6218=DIRECTION('',(-0.866252072626143,0.499607192373079,0.));
#6219=DIRECTION('',(-0.499607192373079,-0.866252072626144,0.));
#6220=DIRECTION('',(0.,0.,-1.));
#6221=DIRECTION('',(0.,0.,-1.));
#6222=DIRECTION('',(-1.,0.,0.));
#6223=DIRECTION('',(0.,0.,-1.));
#6224=DIRECTION('',(-0.977939943186735,-0.20888625498085,0.));
#6225=DIRECTION('',(0.20888625498085,-0.977939943186736,0.));
#6226=DIRECTION('',(0.,0.,-1.));
#6227=DIRECTION('',(-0.258361663935903,0.966048265154631,0.));
#6228=DIRECTION('',(-0.966048265154631,-0.258361663935903,0.));
#6229=DIRECTION('',(0.,0.,-1.));
#6230=DIRECTION('',(0.,0.,-1.));
#6231=DIRECTION('',(-1.,0.,0.));
#6232=DIRECTION('',(0.,0.,-1.));
#6233=DIRECTION('',(-0.866460239472143,0.499246085026088,0.));
#6234=DIRECTION('',(-0.499246085026089,-0.866460239472143,0.));
#6235=DIRECTION('',(0.,0.,-1.));
#6236=DIRECTION('',(0.,0.,-1.));
#6237=DIRECTION('',(-1.,0.,0.));
#6238=DIRECTION('',(0.,0.,-1.));
#6239=DIRECTION('',(-0.965802248900819,-0.25927980256495,0.));
#6240=DIRECTION('',(0.25927980256495,-0.965802248900819,0.));
#6241=DIRECTION('',(0.,0.,-1.));
#6242=DIRECTION('',(-0.857493006369493,0.514495620999255,0.));
#6243=DIRECTION('',(-0.514495620999255,-0.857493006369493,0.));
#6244=DIRECTION('',(0.,0.,-1.));
#6245=DIRECTION('',(-0.861979064817325,0.506943874424624,0.));
#6246=DIRECTION('',(-0.506943874424624,-0.861979064817325,0.));
#6247=DIRECTION('',(0.,0.,-1.));
#6248=DIRECTION('',(-0.866500480202373,0.499176239227247,0.));
#6249=DIRECTION('',(-0.499176239227247,-0.866500480202373,0.));
#6250=DIRECTION('',(0.,0.,-1.));
#6251=DIRECTION('',(-0.262961303251075,0.964806381090266,0.));
#6252=DIRECTION('',(-0.964806381090266,-0.262961303251075,0.));
#6253=DIRECTION('',(0.,0.,-1.));
#6254=DIRECTION('',(0.96599118914091,0.25857498429301,0.));
#6255=DIRECTION('',(-0.25857498429301,0.96599118914091,0.));
#6256=DIRECTION('',(0.,0.,-1.));
#6257=DIRECTION('',(0.,0.,-1.));
#6258=DIRECTION('',(-1.,0.,0.));
#6259=DIRECTION('',(0.,0.,-1.));
#6260=DIRECTION('',(0.510534518683177,0.859857258638279,0.));
#6261=DIRECTION('',(-0.859857258638279,0.510534518683177,0.));
#6262=DIRECTION('',(0.,0.,-1.));
#6263=DIRECTION('',(0.,0.,-1.));
#6264=DIRECTION('',(-1.,0.,0.));
#6265=DIRECTION('',(0.,0.,-1.));
#6266=DIRECTION('',(-0.258346892617097,0.966052215501362,0.));
#6267=DIRECTION('',(-0.966052215501362,-0.258346892617097,0.));
#6268=DIRECTION('',(0.,0.,-1.));
#6269=DIRECTION('',(0.965842600462013,0.259129448602001,0.));
#6270=DIRECTION('',(-0.259129448602001,0.965842600462013,0.));
#6271=DIRECTION('',(0.,0.,-1.));
#6272=DIRECTION('',(0.,0.,-1.));
#6273=DIRECTION('',(-1.,0.,0.));
#6274=DIRECTION('',(0.,0.,-1.));
#6275=DIRECTION('',(0.499570902269036,0.866273001776058,0.));
#6276=DIRECTION('',(-0.866273001776058,0.499570902269036,0.));
#6277=DIRECTION('',(0.,0.,-1.));
#6278=DIRECTION('',(0.,0.,-1.));
#6279=DIRECTION('',(-1.,0.,0.));
#6280=DIRECTION('',(0.,0.,-1.));
#6281=DIRECTION('',(-0.258331457524949,0.966056343104809,0.));
#6282=DIRECTION('',(-0.966056343104809,-0.258331457524949,0.));
#6283=DIRECTION('',(0.,0.,-1.));
#6284=DIRECTION('',(0.,0.,-1.));
#6285=DIRECTION('',(-1.,0.,0.));
#6286=DIRECTION('',(0.,0.,-1.));
#6287=DIRECTION('',(-0.867629090811791,0.497211987764882,0.));
#6288=DIRECTION('',(-0.497211987764882,-0.867629090811791,0.));
#6289=DIRECTION('',(0.,0.,-1.));
#6290=DIRECTION('',(0.,0.,-1.));
#6291=DIRECTION('',(-1.,0.,0.));
#6292=DIRECTION('',(0.,0.,-1.));
#6293=DIRECTION('',(-0.965974109751063,-0.258638781490017,0.));
#6294=DIRECTION('',(0.258638781490017,-0.965974109751063,0.));
#6295=DIRECTION('',(0.,0.,-1.));
#6296=DIRECTION('',(0.,0.,-1.));
#6297=DIRECTION('',(-1.,0.,0.));
#6298=DIRECTION('',(0.,0.,-1.));
#6299=DIRECTION('',(-0.698005676682958,-0.716092225427958,0.));
#6300=DIRECTION('',(0.716092225427959,-0.698005676682958,0.));
#6301=DIRECTION('',(0.,0.,-1.));
#6302=DIRECTION('',(0.,0.,-1.));
#6303=DIRECTION('',(-1.,0.,0.));
#6304=DIRECTION('',(0.,0.,-1.));
#6305=DIRECTION('',(0.258323364380098,-0.966058507242365,0.));
#6306=DIRECTION('',(0.966058507242365,0.258323364380098,0.));
#6307=DIRECTION('',(0.,0.,-1.));
#6308=DIRECTION('',(0.,0.,-1.));
#6309=DIRECTION('',(-1.,0.,0.));
#6310=DIRECTION('',(0.,0.,-1.));
#6311=DIRECTION('',(-0.503192352391198,-0.864174436381343,0.));
#6312=DIRECTION('',(0.864174436381343,-0.503192352391198,0.));
#6313=DIRECTION('',(0.,0.,-1.));
#6314=DIRECTION('',(0.,0.,-1.));
#6315=DIRECTION('',(-1.,0.,0.));
#6316=DIRECTION('',(0.,0.,-1.));
#6317=DIRECTION('',(0.258647902982897,-0.965971667432617,0.));
#6318=DIRECTION('',(0.965971667432617,0.258647902982897,0.));
#6319=DIRECTION('',(0.,0.,-1.));
#6320=DIRECTION('',(0.,0.,-1.));
#6321=DIRECTION('',(-1.,0.,0.));
#6322=DIRECTION('',(0.,0.,-1.));
#6323=DIRECTION('',(-0.498692134877103,-0.866779184459178,0.));
#6324=DIRECTION('',(0.866779184459178,-0.498692134877103,0.));
#6325=DIRECTION('',(0.,0.,-1.));
#6326=DIRECTION('',(0.,0.,-1.));
#6327=DIRECTION('',(-1.,0.,0.));
#6328=DIRECTION('',(0.,0.,-1.));
#6329=DIRECTION('',(0.258216870495938,-0.966086977342767,0.));
#6330=DIRECTION('',(0.966086977342767,0.258216870495938,0.));
#6331=DIRECTION('',(0.,0.,-1.));
#6332=DIRECTION('',(0.,0.,-1.));
#6333=DIRECTION('',(-1.,0.,0.));
#6334=DIRECTION('',(0.,0.,-1.));
#6335=DIRECTION('',(0.866905535476728,-0.498472459178847,0.));
#6336=DIRECTION('',(0.498472459178847,0.866905535476728,0.));
#6337=DIRECTION('',(0.,0.,-1.));
#6338=DIRECTION('',(0.,0.,-1.));
#6339=DIRECTION('',(-1.,0.,0.));
#6340=DIRECTION('',(0.,0.,-1.));
#6341=DIRECTION('',(0.259543651394989,-0.96573137725796,0.));
#6342=DIRECTION('',(0.96573137725796,0.259543651394989,0.));
#6343=DIRECTION('',(0.,0.,-1.));
#6344=DIRECTION('',(0.28338366523409,-0.959006620560303,0.));
#6345=DIRECTION('',(0.959006620560304,0.28338366523409,0.));
#6346=DIRECTION('',(0.,0.,-1.));
#6347=DIRECTION('',(-0.500060175984088,-0.865990658376153,0.));
#6348=DIRECTION('',(0.865990658376153,-0.500060175984088,0.));
#6349=DIRECTION('',(0.,0.,-1.));
#6350=DIRECTION('',(0.,0.,-1.));
#6351=DIRECTION('',(-1.,0.,0.));
#6352=DIRECTION('',(1.4151172003402E-7,-1.,0.));
#6353=DIRECTION('',(1.,1.4151172003402E-7,0.));
#6354=DIRECTION('',(0.,0.,-1.));
#6355=DIRECTION('',(1.,1.4151172003402E-7,0.));
#6356=DIRECTION('',(0.,0.,-1.));
#6357=DIRECTION('',(0.,0.,-1.));
#6358=DIRECTION('',(-1.,0.,0.));
#6359=DIRECTION('',(0.,0.,-1.));
#6360=DIRECTION('',(0.517749868085677,-0.855532041537466,0.));
#6361=DIRECTION('',(0.855532041537466,0.517749868085677,0.));
#6362=DIRECTION('',(0.,0.,-1.));
#6363=DIRECTION('',(-0.269719149991133,-0.962939032404472,0.));
#6364=DIRECTION('',(0.962939032404472,-0.269719149991133,0.));
#6365=DIRECTION('',(0.,0.,-1.));
#6366=DIRECTION('',(-0.259544486503102,-0.965731152819376,0.));
#6367=DIRECTION('',(0.965731152819376,-0.259544486503102,0.));
#6368=DIRECTION('',(0.,0.,-1.));
#6369=DIRECTION('',(0.,0.,-1.));
#6370=DIRECTION('',(-1.,0.,0.));
#6371=DIRECTION('',(0.,0.,-1.));
#6372=DIRECTION('',(-0.866906523821866,-0.498470740319919,0.));
#6373=DIRECTION('',(0.498470740319919,-0.866906523821866,0.));
#6374=DIRECTION('',(0.,0.,-1.));
#6375=DIRECTION('',(0.,0.,-1.));
#6376=DIRECTION('',(-1.,0.,0.));
#6377=DIRECTION('',(0.,0.,-1.));
#6378=DIRECTION('',(-0.258217220051986,-0.966086883912945,0.));
#6379=DIRECTION('',(0.966086883912945,-0.258217220051986,0.));
#6380=DIRECTION('',(0.,0.,-1.));
#6381=DIRECTION('',(0.,0.,-1.));
#6382=DIRECTION('',(-1.,0.,0.));
#6383=DIRECTION('',(0.,0.,-1.));
#6384=DIRECTION('',(0.498692640121132,-0.866778893772232,0.));
#6385=DIRECTION('',(0.866778893772232,0.498692640121132,0.));
#6386=DIRECTION('',(0.,0.,-1.));
#6387=DIRECTION('',(0.,0.,-1.));
#6388=DIRECTION('',(-1.,0.,0.));
#6389=DIRECTION('',(0.,0.,-1.));
#6390=DIRECTION('',(0.581265009463982,-0.813714316435957,0.));
#6391=DIRECTION('',(0.813714316435957,0.581265009463982,0.));
#6392=DIRECTION('',(0.,0.,-1.));
#6393=DIRECTION('',(-0.258647807759857,-0.965971692929467,0.));
#6394=DIRECTION('',(0.965971692929467,-0.258647807759857,0.));
#6395=DIRECTION('',(0.,0.,-1.));
#6396=DIRECTION('',(0.,0.,-1.));
#6397=DIRECTION('',(-1.,0.,0.));
#6398=DIRECTION('',(0.,0.,-1.));
#6399=DIRECTION('',(0.503191976529283,-0.864174655238485,0.));
#6400=DIRECTION('',(0.864174655238485,0.503191976529283,0.));
#6401=DIRECTION('',(0.,0.,-1.));
#6402=DIRECTION('',(0.,0.,-1.));
#6403=DIRECTION('',(-1.,0.,0.));
#6404=DIRECTION('',(0.,0.,-1.));
#6405=DIRECTION('',(-0.258323331232969,-0.966058516105884,0.));
#6406=DIRECTION('',(0.966058516105884,-0.258323331232969,0.));
#6407=DIRECTION('',(0.,0.,-1.));
#6408=DIRECTION('',(0.,0.,-1.));
#6409=DIRECTION('',(-1.,0.,0.));
#6410=DIRECTION('',(0.,0.,-1.));
#6411=DIRECTION('',(0.698290250034099,-0.715814729317102,0.));
#6412=DIRECTION('',(0.715814729317102,0.698290250034099,0.));
#6413=DIRECTION('',(0.,0.,-1.));
#6414=DIRECTION('',(0.,0.,-1.));
#6415=DIRECTION('',(-1.,0.,0.));
#6416=DIRECTION('',(0.,0.,-1.));
#6417=DIRECTION('',(0.965974111823733,-0.258638773748928,0.));
#6418=DIRECTION('',(0.258638773748928,0.965974111823733,0.));
#6419=DIRECTION('',(0.,0.,-1.));
#6420=DIRECTION('',(0.,0.,-1.));
#6421=DIRECTION('',(-1.,0.,0.));
#6422=DIRECTION('',(0.,0.,-1.));
#6423=DIRECTION('',(0.867629498964844,0.497211275541911,0.));
#6424=DIRECTION('',(-0.497211275541911,0.867629498964844,0.));
#6425=DIRECTION('',(0.,0.,-1.));
#6426=DIRECTION('',(0.,0.,-1.));
#6427=DIRECTION('',(-1.,0.,0.));
#6428=DIRECTION('',(0.,0.,-1.));
#6429=DIRECTION('',(0.258331407048874,0.966056356602527,0.));
#6430=DIRECTION('',(-0.966056356602527,0.258331407048874,0.));
#6431=DIRECTION('',(0.,0.,-1.));
#6432=DIRECTION('',(0.,0.,-1.));
#6433=DIRECTION('',(-1.,0.,0.));
#6434=DIRECTION('',(0.,0.,-1.));
#6435=DIRECTION('',(-0.499568382084201,0.866274455136346,0.));
#6436=DIRECTION('',(-0.866274455136346,-0.499568382084201,0.));
#6437=DIRECTION('',(0.,0.,-1.));
#6438=DIRECTION('',(0.,0.,-1.));
#6439=DIRECTION('',(-1.,0.,0.));
#6440=DIRECTION('',(0.,0.,-1.));
#6441=DIRECTION('',(-0.965843259590178,0.259126991848052,0.));
#6442=DIRECTION('',(-0.259126991848052,-0.965843259590178,0.));
#6443=DIRECTION('',(0.,0.,-1.));
#6444=DIRECTION('',(0.258347186323908,0.966052136956655,0.));
#6445=DIRECTION('',(-0.966052136956655,0.258347186323908,0.));
#6446=DIRECTION('',(0.,0.,-1.));
#6447=DIRECTION('',(0.,0.,-1.));
#6448=DIRECTION('',(-1.,0.,0.));
#6449=DIRECTION('',(0.,0.,-1.));
#6450=DIRECTION('',(-0.510540879523088,0.859853481900138,0.));
#6451=DIRECTION('',(-0.859853481900139,-0.510540879523088,0.));
#6452=DIRECTION('',(0.,0.,-1.));
#6453=DIRECTION('',(0.,0.,-1.));
#6454=DIRECTION('',(-1.,0.,0.));
#6455=DIRECTION('',(0.,0.,-1.));
#6456=DIRECTION('',(-0.965990893588441,0.258576088423127,0.));
#6457=DIRECTION('',(-0.258576088423127,-0.965990893588441,0.));
#6458=DIRECTION('',(0.,0.,-1.));
#6459=DIRECTION('',(0.262959437466117,0.964806889614447,0.));
#6460=DIRECTION('',(-0.964806889614447,0.262959437466117,0.));
#6461=DIRECTION('',(0.,0.,-1.));
#6462=DIRECTION('',(0.866500186475572,0.499176749095748,0.));
#6463=DIRECTION('',(-0.499176749095748,0.866500186475572,0.));
#6464=DIRECTION('',(0.,0.,-1.));
#6465=DIRECTION('',(0.857491965622731,0.514497355573831,0.));
#6466=DIRECTION('',(-0.514497355573831,0.857491965622731,0.));
#6467=DIRECTION('',(0.,0.,-1.));
#6468=DIRECTION('',(0.965802249696555,-0.259279799600881,0.));
#6469=DIRECTION('',(0.259279799600881,0.965802249696555,0.));
#6470=DIRECTION('',(0.,0.,-1.));
#6471=DIRECTION('',(0.,0.,-1.));
#6472=DIRECTION('',(-1.,0.,0.));
#6473=DIRECTION('',(0.,0.,-1.));
#6474=DIRECTION('',(0.866461342845841,0.499244170074907,0.));
#6475=DIRECTION('',(-0.499244170074907,0.866461342845841,0.));
#6476=DIRECTION('',(0.,0.,-1.));
#6477=DIRECTION('',(0.,0.,-1.));
#6478=DIRECTION('',(-1.,0.,0.));
#6479=DIRECTION('',(0.,0.,-1.));
#6480=DIRECTION('',(0.258361930174101,0.966048193951375,0.));
#6481=DIRECTION('',(-0.966048193951375,0.258361930174101,0.));
#6482=DIRECTION('',(0.,0.,-1.));
#6483=DIRECTION('',(0.977940288144523,-0.208884639990131,0.));
#6484=DIRECTION('',(0.208884639990131,0.977940288144523,0.));
#6485=DIRECTION('',(0.,0.,-1.));
#6486=DIRECTION('',(0.,0.,-1.));
#6487=DIRECTION('',(-1.,0.,0.));
#6488=DIRECTION('',(0.,0.,-1.));
#6489=DIRECTION('',(0.866252924129028,0.499605715978018,0.));
#6490=DIRECTION('',(-0.499605715978018,0.866252924129028,0.));
#6491=DIRECTION('',(0.,0.,-1.));
#6492=DIRECTION('',(0.,0.,-1.));
#6493=DIRECTION('',(-1.,0.,0.));
#6494=DIRECTION('',(0.,0.,-1.));
#6495=DIRECTION('',(0.259371333636043,0.96577767176916,0.));
#6496=DIRECTION('',(-0.96577767176916,0.259371333636043,0.));
#6497=DIRECTION('',(0.,0.,-1.));
#6498=DIRECTION('',(0.707520854269922,0.706692465484923,0.));
#6499=DIRECTION('',(-0.706692465484924,0.707520854269922,0.));
#6500=DIRECTION('',(0.,0.,-1.));
#6501=DIRECTION('',(0.,0.,-1.));
#6502=DIRECTION('',(-1.,0.,0.));
#6503=DIRECTION('',(0.,0.,-1.));
#6504=DIRECTION('',(-3.04990006969131E-7,0.999999999999954,0.));
#6505=DIRECTION('',(-0.999999999999954,-3.04990006969131E-7,0.));
#6506=DIRECTION('',(0.,0.,-1.));
#6507=DIRECTION('',(0.,0.,-1.));
#6508=DIRECTION('',(-1.,0.,0.));
#6509=DIRECTION('',(0.,0.,-1.));
#6510=DIRECTION('',(-0.707226820831251,0.70698672116025,0.));
#6511=DIRECTION('',(-0.706986721160251,-0.707226820831251,0.));
#6512=DIRECTION('',(0.,0.,-1.));
#6513=DIRECTION('',(-8.81724096910225E-8,1.,0.));
#6514=DIRECTION('',(-1.,-8.81724096910225E-8,0.));
#6515=DIRECTION('',(0.,0.,-1.));
#6516=DIRECTION('',(2.75047347201432E-7,0.999999999999962,0.));
#6517=DIRECTION('',(-0.999999999999962,2.75047347201432E-7,0.));
#6518=DIRECTION('',(-1.,-1.41511720462106E-7,0.));
#6519=DIRECTION('',(1.41511720462106E-7,-1.,0.));
#6520=DIRECTION('',(-1.41511720462106E-7,1.,0.));
#6521=DIRECTION('',(-1.,-1.41511720462106E-7,0.));
#6522=DIRECTION('',(1.41511720462106E-7,-1.,0.));
#6523=DIRECTION('',(-1.41511720462106E-7,1.,0.));
#6524=DIRECTION('',(0.,0.,-1.));
#6525=DIRECTION('',(-1.,0.,0.));
#6526=CARTESIAN_POINT('',(0.,0.,0.));
#6527=CARTESIAN_POINT('',(0.207313804369603,-0.108166381554651,-0.00509));
#6528=CARTESIAN_POINT('',(0.234154379,-0.129721483,-0.00509));
#6529=CARTESIAN_POINT('',(0.237354379,-0.129721483,-0.00509));
#6530=CARTESIAN_POINT('',(0.181766882,-0.127340237,-0.00509));
#6531=CARTESIAN_POINT('',(0.184966882,-0.127340237,-0.00509));
#6532=CARTESIAN_POINT('',(0.181766884,-0.082096489,-0.00509));
#6533=CARTESIAN_POINT('',(0.184966884,-0.082096489,-0.00509));
#6534=CARTESIAN_POINT('',(0.068520465,-0.052713039,-0.00509));
#6535=CARTESIAN_POINT('',(0.072770465,-0.052713039,-0.00509));
#6536=CARTESIAN_POINT('',(0.053112118,-0.110217751,-0.00509));
#6537=CARTESIAN_POINT('',(0.057362118,-0.110217751,-0.00509));
#6538=CARTESIAN_POINT('',(0.361412577,-0.10964361,-0.00509));
#6539=CARTESIAN_POINT('',(0.365662577,-0.10964361,-0.00509));
#6540=CARTESIAN_POINT('',(0.345998114,-0.052140546,-0.00509));
#6541=CARTESIAN_POINT('',(0.350248114,-0.052140546,-0.00509));
#6542=CARTESIAN_POINT('',(0.234154378,-0.082096481,-0.00509));
#6543=CARTESIAN_POINT('',(0.237354378,-0.082096481,-0.00509));
#6544=CARTESIAN_POINT('',(0.214437125194109,-0.0581648144999987,-0.00509));
#6545=CARTESIAN_POINT('',(0.221509193229059,-0.0581648169999975,-0.00509));
#6546=CARTESIAN_POINT('',(0.212095057655781,-0.0581648136720703,-0.00509));
#6547=CARTESIAN_POINT('',(0.212095057802953,-0.0592048113306494,-0.00509));
#6548=CARTESIAN_POINT('',(0.212095057378417,-0.0562048136720701,-0.00509));
#6549=CARTESIAN_POINT('',(0.214437125650171,-0.0562048144999988,-0.00509));
#6550=CARTESIAN_POINT('',(0.207365057378416,-0.0562048119999999,-0.00509));
#6551=CARTESIAN_POINT('',(0.200298504602141,-0.0562048129999999,-0.00509));
#6552=CARTESIAN_POINT('',(0.202095057378418,-0.0562048127457667,-0.00509));
#6553=CARTESIAN_POINT('',(0.202095057802953,-0.0592048127457666,-0.00509));
#6554=CARTESIAN_POINT('',(0.202095057517099,-0.0581648127457667,-0.00509));
#6555=CARTESIAN_POINT('',(0.200298504631194,-0.058164813,-0.00509));
#6556=CARTESIAN_POINT('',(0.193231952103229,-0.058164813999994,-0.00509));
#6557=CARTESIAN_POINT('',(0.19323195247682,-0.0608048159356501,-0.00509));
#6558=CARTESIAN_POINT('',(0.191865091822892,-0.0585462096899823,-0.00509));
#6559=CARTESIAN_POINT('',(0.187252602811797,-0.0613375903292738,-0.00509));
#6560=CARTESIAN_POINT('',(0.182640113800702,-0.0641289709685653,-0.00509));
#6561=CARTESIAN_POINT('',(0.168175432030379,-0.0600774147010391,-0.00509));
#6562=CARTESIAN_POINT('',(0.153710750260054,-0.0560258584335129,-0.00509));
#6563=CARTESIAN_POINT('',(0.14694866248377,-0.0542085176607098,-0.00509));
#6564=CARTESIAN_POINT('',(0.140186574707485,-0.0523911768879067,-0.00509));
#6565=CARTESIAN_POINT('',(0.13758231579446,-0.0519581132842301,-0.00509));
#6566=CARTESIAN_POINT('',(0.139870966843166,-0.0506421402799512,-0.00509));
#6567=CARTESIAN_POINT('',(0.139078187015927,-0.0492633913412529,-0.00509));
#6568=CARTESIAN_POINT('',(0.138285407190103,-0.0478846424017406,-0.00509));
#6569=CARTESIAN_POINT('',(0.13599690405586,-0.0492005303552901,-0.00509));
#6570=CARTESIAN_POINT('',(0.136678558768,-0.0466502059554551,-0.00509));
#6571=CARTESIAN_POINT('',(0.127650422004632,-0.0442371513781649,-0.00509));
#6572=CARTESIAN_POINT('',(0.118622285244253,-0.0418240967896892,-0.00509));
#6573=CARTESIAN_POINT('',(0.11794049204855,-0.04437493930816,-0.00509));
#6574=CARTESIAN_POINT('',(0.116623750867647,-0.0420863082509826,-0.00509));
#6575=CARTESIAN_POINT('',(0.115392495012041,-0.04279469909634,-0.00509));
#6576=CARTESIAN_POINT('',(0.114161239156434,-0.0435030899416973,-0.00509));
#6577=CARTESIAN_POINT('',(0.11554258460506,-0.0458509940350099,-0.00509));
#6578=CARTESIAN_POINT('',(0.113064410871641,-0.0447198778487474,-0.00509));
#6579=CARTESIAN_POINT('',(0.112962717007486,-0.0447925213843426,-0.00509));
#6580=CARTESIAN_POINT('',(0.112861023143331,-0.0448651649199378,-0.00509));
#6581=CARTESIAN_POINT('',(0.105967518359629,-0.0430193655935834,-0.00509));
#6582=CARTESIAN_POINT('',(0.0990740135764124,-0.0411735662654142,-0.00509));
#6583=CARTESIAN_POINT('',(0.098391138932331,-0.04372389747338,-0.00509));
#6584=CARTESIAN_POINT('',(0.0970626256757547,-0.0414423279352482,-0.00509));
#6585=CARTESIAN_POINT('',(0.0956999554883467,-0.0422357840969197,-0.00509));
#6586=CARTESIAN_POINT('',(0.0943372853009387,-0.0430292402585912,-0.00509));
#6587=CARTESIAN_POINT('',(0.0957323378529911,-0.04537144631624,-0.00509));
#6588=CARTESIAN_POINT('',(0.0931767524985446,-0.0444221916951748,-0.00509));
#6589=CARTESIAN_POINT('',(0.0707201020339676,-0.0384173000042164,-0.00509));
#6590=CARTESIAN_POINT('',(0.0482634515693936,-0.0324124083132461,-0.00509));
#6591=CARTESIAN_POINT('',(0.047581481731905,-0.03496278874574,-0.00509));
#6592=CARTESIAN_POINT('',(0.0457380056275192,-0.0330730482709174,-0.00509));
#6593=CARTESIAN_POINT('',(0.0434630917985228,-0.035292267967572,-0.00509));
#6594=CARTESIAN_POINT('',(0.0411881779678869,-0.0375114876625461,-0.00509));
#6595=CARTESIAN_POINT('',(0.0430315116049522,-0.0394010820946501,-0.00509));
#6596=CARTESIAN_POINT('',(0.0404815510806825,-0.0387183322620897,-0.00509));
#6597=CARTESIAN_POINT('',(0.0308032996778584,-0.0748650405353252,-0.00509));
#6598=CARTESIAN_POINT('',(0.021125048266078,-0.111011748806163,-0.00509));
#6599=CARTESIAN_POINT('',(0.023674926778432,-0.1116944766801,-0.00509));
#6600=CARTESIAN_POINT('',(0.0213846482054803,-0.113006963556079,-0.00509));
#6601=CARTESIAN_POINT('',(0.0222144154179684,-0.114454900371357,-0.00509));
#6602=CARTESIAN_POINT('',(0.0230441826232744,-0.115902837190751,-0.00509));
#6603=CARTESIAN_POINT('',(0.025334439851091,-0.114590362547,-0.00509));
#6604=CARTESIAN_POINT('',(0.0246525296916354,-0.117140434377984,-0.00509));
#6605=CARTESIAN_POINT('',(0.0496786099810797,-0.123832613866174,-0.00509));
#6606=CARTESIAN_POINT('',(0.0747046902705116,-0.130524793354409,-0.00509));
#6607=CARTESIAN_POINT('',(0.075386696251376,-0.1279743631896,-0.00509));
#6608=CARTESIAN_POINT('',(0.0767055781802562,-0.130261364860049,-0.00509));
#6609=CARTESIAN_POINT('',(0.078054637676144,-0.129483381086315,-0.00509));
#6610=CARTESIAN_POINT('',(0.0794036971725785,-0.12870539731353,-0.00509));
#6611=CARTESIAN_POINT('',(0.0780847905453421,-0.126418352815,-0.00509));
#6612=CARTESIAN_POINT('',(0.0806347058749628,-0.127102471984721,-0.00509));
#6613=CARTESIAN_POINT('',(0.0807176682945126,-0.126793246407139,-0.00509));
#6614=CARTESIAN_POINT('',(0.0808006307140625,-0.126484020829556,-0.00509));
#6615=CARTESIAN_POINT('',(0.08760756224022,-0.128304369380124,-0.00509));
#6616=CARTESIAN_POINT('',(0.0944144937648045,-0.130124717936574,-0.00509));
#6617=CARTESIAN_POINT('',(0.095096600123529,-0.1275740793372,-0.00509));
#6618=CARTESIAN_POINT('',(0.0964445659533945,-0.129844324794087,-0.00509));
#6619=CARTESIAN_POINT('',(0.0970941708517271,-0.129458619713956,-0.00509));
#6620=CARTESIAN_POINT('',(0.09774377575024,-0.129072914634128,-0.00509));
#6621=CARTESIAN_POINT('',(0.096395974619868,-0.1268029465643,-0.00509));
#6622=CARTESIAN_POINT('',(0.0989461398865304,-0.127485573868411,-0.00509));
#6623=CARTESIAN_POINT('',(0.0990660998865654,-0.127037426213555,-0.00509));
#6624=CARTESIAN_POINT('',(0.0991860598866004,-0.126589278558699,-0.00509));
#6625=CARTESIAN_POINT('',(0.101855682677832,-0.127316887902066,-0.00509));
#6626=CARTESIAN_POINT('',(0.104525305469064,-0.128044497245434,-0.00509));
#6627=CARTESIAN_POINT('',(0.104745796130796,-0.128427237827509,-0.00509));
#6628=CARTESIAN_POINT('',(0.104966286792529,-0.128809978409585,-0.00509));
#6629=CARTESIAN_POINT('',(0.105183870754611,-0.129172616812507,-0.00509));
#6630=CARTESIAN_POINT('',(0.105401454716692,-0.12953525521543,-0.00509));
#6631=CARTESIAN_POINT('',(0.102424171189873,-0.140625464065532,-0.00509));
#6632=CARTESIAN_POINT('',(0.0994468876628941,-0.151715672915591,-0.00509));
#6633=CARTESIAN_POINT('',(0.10199662608243,-0.1524001770847,-0.00509));
#6634=CARTESIAN_POINT('',(0.0997091497635411,-0.153718192280437,-0.00509));
#6635=CARTESIAN_POINT('',(0.10038253104736,-0.154886876636507,-0.00509));
#6636=CARTESIAN_POINT('',(0.101055912329749,-0.156055560993401,-0.00509));
#6637=CARTESIAN_POINT('',(0.1033434721372,-0.1547374976926,-0.00509));
#6638=CARTESIAN_POINT('',(0.102661366268402,-0.157287978493669,-0.00509));
#6639=CARTESIAN_POINT('',(0.109574904188918,-0.159136949396632,-0.00509));
#6640=CARTESIAN_POINT('',(0.116488442109434,-0.160985920299595,-0.00509));
#6641=CARTESIAN_POINT('',(0.116449206183367,-0.161169612086823,-0.00509));
#6642=CARTESIAN_POINT('',(0.116409970256682,-0.161353303873918,-0.00509));
#6643=CARTESIAN_POINT('',(0.11899181296798,-0.1619047764861,-0.00509));
#6644=CARTESIAN_POINT('',(0.116704834074729,-0.163223776625163,-0.00509));
#6645=CARTESIAN_POINT('',(0.117407584937948,-0.164442257460607,-0.00509));
#6646=CARTESIAN_POINT('',(0.118110335798618,-0.165660738297522,-0.00509));
#6647=CARTESIAN_POINT('',(0.12039708459938,-0.1643418708628,-0.00509));
#6648=CARTESIAN_POINT('',(0.119712391862425,-0.166891346736264,-0.00509));
#6649=CARTESIAN_POINT('',(0.128511000703806,-0.169254320095495,-0.00509));
#6650=CARTESIAN_POINT('',(0.137309609545186,-0.171617293454726,-0.00509));
#6651=CARTESIAN_POINT('',(0.143213834404538,-0.177528439278849,-0.00509));
#6652=CARTESIAN_POINT('',(0.149118059263897,-0.183439585102962,-0.00509));
#6653=CARTESIAN_POINT('',(0.15098592639439,-0.181573904933,-0.00509));
#6654=CARTESIAN_POINT('',(0.150985927199569,-0.184213922,-0.00509));
#6655=CARTESIAN_POINT('',(0.154264643110238,-0.184213921000024,-0.00509));
#6656=CARTESIAN_POINT('',(0.157543359020907,-0.184213920012682,-0.00509));
#6657=CARTESIAN_POINT('',(0.15754335821561,-0.1815735139195,-0.00509));
#6658=CARTESIAN_POINT('',(0.159410724211372,-0.183440245954632,-0.00509));
#6659=CARTESIAN_POINT('',(0.172479090054307,-0.170367441965627,-0.00509));
#6660=CARTESIAN_POINT('',(0.185547455897241,-0.15729463797662,-0.00509));
#6661=CARTESIAN_POINT('',(0.191085585424372,-0.15729463748831,-0.00509));
#6662=CARTESIAN_POINT('',(0.196623714951503,-0.157294637,-0.00509));
#6663=CARTESIAN_POINT('',(0.212851956565428,-0.157294641463535,-0.00509));
#6664=CARTESIAN_POINT('',(0.229080198179354,-0.15729464592707,-0.00509));
#6665=CARTESIAN_POINT('',(0.242148655585517,-0.170367532572277,-0.00509));
#6666=CARTESIAN_POINT('',(0.255217112991681,-0.183440419217486,-0.00509));
#6667=CARTESIAN_POINT('',(0.25708406653064,-0.1815740982231,-0.00509));
#6668=CARTESIAN_POINT('',(0.257084065725522,-0.18421392199998,-0.00509));
#6669=CARTESIAN_POINT('',(0.260362873056555,-0.184213922999982,-0.00509));
#6670=CARTESIAN_POINT('',(0.263641680387589,-0.184213923999983,-0.00509));
#6671=CARTESIAN_POINT('',(0.2636416811928,-0.1815737949758,-0.00509));
#6672=CARTESIAN_POINT('',(0.265509626910068,-0.183439554891332,-0.00509));
#6673=CARTESIAN_POINT('',(0.271413837517413,-0.177528427298752,-0.00509));
#6674=CARTESIAN_POINT('',(0.277318048124759,-0.171617299706171,-0.00509));
#6675=CARTESIAN_POINT('',(0.286116675813673,-0.169254315666645,-0.00509));
#6676=CARTESIAN_POINT('',(0.294915303504368,-0.166891331633749,-0.00509));
#6677=CARTESIAN_POINT('',(0.29423063541144,-0.1643419535849,-0.00509));
#6678=CARTESIAN_POINT('',(0.296517294584179,-0.16566077452087,-0.00509));
#6679=CARTESIAN_POINT('',(0.297220054367681,-0.164442283003032,-0.00509));
#6680=CARTESIAN_POINT('',(0.297922814157698,-0.163223791488953,-0.00509));
#6681=CARTESIAN_POINT('',(0.29563582194447,-0.1619047784733,-0.00509));
#6682=CARTESIAN_POINT('',(0.298217681319758,-0.161353297843483,-0.00509));
#6683=CARTESIAN_POINT('',(0.298178445697707,-0.161169608970249,-0.00509));
#6684=CARTESIAN_POINT('',(0.298139210076817,-0.160985920096766,-0.00509));
#6685=CARTESIAN_POINT('',(0.305052763415094,-0.159136947112066,-0.00509));
#6686=CARTESIAN_POINT('',(0.311966316753358,-0.15728797412737,-0.00509));
#6687=CARTESIAN_POINT('',(0.31128423375767,-0.1547375760356,-0.00509));
#6688=CARTESIAN_POINT('',(0.313571716299638,-0.15605560155093,-0.00509));
#6689=CARTESIAN_POINT('',(0.314245106296579,-0.154886908043845,-0.00509));
#6690=CARTESIAN_POINT('',(0.314918496293454,-0.153718214536873,-0.00509));
#6691=CARTESIAN_POINT('',(0.312630992993779,-0.152400177061,-0.00509));
#6692=CARTESIAN_POINT('',(0.315180764732365,-0.151715663938652,-0.00509));
#6693=CARTESIAN_POINT('',(0.312203482192721,-0.14062545890164,-0.00509));
#6694=CARTESIAN_POINT('',(0.309226199653077,-0.129535253864627,-0.00509));
#6695=CARTESIAN_POINT('',(0.309439600473992,-0.129179585703385,-0.00509));
#6696=CARTESIAN_POINT('',(0.309653001294907,-0.128823917542143,-0.00509));
#6697=CARTESIAN_POINT('',(0.309661198572817,-0.128809979348383,-0.00509));
#6698=CARTESIAN_POINT('',(0.309669395850727,-0.128796041154623,-0.00509));
#6699=CARTESIAN_POINT('',(0.309885868812327,-0.128420274220148,-0.00509));
#6700=CARTESIAN_POINT('',(0.310102341773927,-0.128044507285672,-0.00509));
#6701=CARTESIAN_POINT('',(0.312771971855276,-0.12731689040922,-0.00509));
#6702=CARTESIAN_POINT('',(0.315441601936625,-0.126589273532769,-0.00509));
#6703=CARTESIAN_POINT('',(0.315561546943806,-0.127037367227659,-0.00509));
#6704=CARTESIAN_POINT('',(0.315681491947353,-0.127485460923521,-0.00509));
#6705=CARTESIAN_POINT('',(0.31823194574984,-0.1268027595083,-0.00509));
#6706=CARTESIAN_POINT('',(0.316884009330633,-0.129072993688014,-0.00509));
#6707=CARTESIAN_POINT('',(0.317533602836198,-0.129458685497309,-0.00509));
#6708=CARTESIAN_POINT('',(0.31818319633875,-0.129844377311679,-0.00509));
#6709=CARTESIAN_POINT('',(0.31953102986471,-0.1275743164278,-0.00509));
#6710=CARTESIAN_POINT('',(0.320213076994638,-0.130124736656463,-0.00509));
#6711=CARTESIAN_POINT('',(0.327020050956753,-0.128304378974578,-0.00509));
#6712=CARTESIAN_POINT('',(0.333827024918959,-0.126484021293033,-0.00509));
#6713=CARTESIAN_POINT('',(0.333910012645848,-0.126793338054897,-0.00509));
#6714=CARTESIAN_POINT('',(0.333993000373494,-0.127102654819579,-0.00509));
#6715=CARTESIAN_POINT('',(0.33654247097888,-0.1264186480106,-0.00509));
#6716=CARTESIAN_POINT('',(0.335223786827085,-0.12870529135468,-0.00509));
#6717=CARTESIAN_POINT('',(0.336572966163478,-0.129483349469181,-0.00509));
#6718=CARTESIAN_POINT('',(0.337922145499009,-0.130261407583184,-0.00509));
#6719=CARTESIAN_POINT('',(0.3392409268817,-0.1279745956394,-0.00509));
#6720=CARTESIAN_POINT('',(0.339922877561408,-0.130524818466031,-0.00509));
#6721=CARTESIAN_POINT('',(0.364948964025322,-0.123832635925632,-0.00509));
#6722=CARTESIAN_POINT('',(0.389975050489707,-0.117140453385106,-0.00509));
#6723=CARTESIAN_POINT('',(0.38929309586151,-0.1145902157946,-0.00509));
#6724=CARTESIAN_POINT('',(0.391583500906252,-0.115902777645215,-0.00509));
#6725=CARTESIAN_POINT('',(0.392413188583319,-0.11445498237353,-0.00509));
#6726=CARTESIAN_POINT('',(0.393242876257689,-0.11300718710655,-0.00509));
#6727=CARTESIAN_POINT('',(0.3909520534715,-0.1116943858547,-0.00509));
#6728=CARTESIAN_POINT('',(0.393502539074689,-0.111011495410787,-0.00509));
#6729=CARTESIAN_POINT('',(0.383824337631742,-0.0748649748890624,-0.00509));
#6730=CARTESIAN_POINT('',(0.374146136188147,-0.0387184543649215,-0.00509));
#6731=CARTESIAN_POINT('',(0.37159643986181,-0.03940113348319,-0.00509));
#6732=CARTESIAN_POINT('',(0.373438831383686,-0.0375110023723953,-0.00509));
#6733=CARTESIAN_POINT('',(0.371057328281866,-0.0351896495841912,-0.00509));
#6734=CARTESIAN_POINT('',(0.368675825185095,-0.0328682968009084,-0.00509));
#6735=CARTESIAN_POINT('',(0.36683323486888,-0.0347586318470499,-0.00509));
#6736=CARTESIAN_POINT('',(0.36615131472928,-0.0322084376216799,-0.00509));
#6737=CARTESIAN_POINT('',(0.343694491907496,-0.038213376226455,-0.00509));
#6738=CARTESIAN_POINT('',(0.321237669085711,-0.0442183148312301,-0.00509));
#6739=CARTESIAN_POINT('',(0.31868222056389,-0.0451674865847,-0.00509));
#6740=CARTESIAN_POINT('',(0.320077074062871,-0.0428253448550764,-0.00509));
#6741=CARTESIAN_POINT('',(0.318714352935859,-0.0420318582386182,-0.00509));
#6742=CARTESIAN_POINT('',(0.317351631810631,-0.0412383716231975,-0.00509));
#6743=CARTESIAN_POINT('',(0.3160233213594,-0.04351959058055,-0.00509));
#6744=CARTESIAN_POINT('',(0.315340551221229,-0.0409696506767784,-0.00509));
#6745=CARTESIAN_POINT('',(0.308382483445391,-0.042832738073344,-0.00509));
#6746=CARTESIAN_POINT('',(0.301424415669558,-0.0446958254699087,-0.00509));
#6747=CARTESIAN_POINT('',(0.29887170952201,-0.0456471999398396,-0.00509));
#6748=CARTESIAN_POINT('',(0.300253204277566,-0.0432992445956873,-0.00509));
#6749=CARTESIAN_POINT('',(0.299021888354323,-0.0425908201463239,-0.00509));
#6750=CARTESIAN_POINT('',(0.297790572432212,-0.041882395697612,-0.00509));
#6751=CARTESIAN_POINT('',(0.29647394855118,-0.04417082595893,-0.00509));
#6752=CARTESIAN_POINT('',(0.295792216327688,-0.0416202078607194,-0.00509));
#6753=CARTESIAN_POINT('',(0.28676403337114,-0.044033271284591,-0.00509));
#6754=CARTESIAN_POINT('',(0.277735850414009,-0.0464463347086189,-0.00509));
#6755=CARTESIAN_POINT('',(0.27841750516083,-0.0489966629349601,-0.00509));
#6756=CARTESIAN_POINT('',(0.276129001424409,-0.0476807685973998,-0.00509));
#6757=CARTESIAN_POINT('',(0.275334147745503,-0.0490631178956409,-0.00509));
#6758=CARTESIAN_POINT('',(0.274539294066596,-0.050445467193882,-0.00509));
#6759=CARTESIAN_POINT('',(0.27690041554304,-0.05177735993265,-0.00509));
#6760=CARTESIAN_POINT('',(0.274221001415783,-0.0521891521481686,-0.00509));
#6761=CARTESIAN_POINT('',(0.267423355857379,-0.0540160429282179,-0.00509));
#6762=CARTESIAN_POINT('',(0.260625710298977,-0.0558429337082672,-0.00509));
#6763=CARTESIAN_POINT('',(0.246592155300769,-0.0599898083662676,-0.00509));
#6764=CARTESIAN_POINT('',(0.232558600302562,-0.0641366830242681,-0.00509));
#6765=CARTESIAN_POINT('',(0.227693983307257,-0.061327644373287,-0.00509));
#6766=CARTESIAN_POINT('',(0.222829366311973,-0.0585186057223177,-0.00509));
#6767=CARTESIAN_POINT('',(0.2215091922958,-0.0608048472994699,-0.00509));
#6768=CARTESIAN_POINT('',(0.047581481731905,-0.03496278874574,-0.00809));
#6769=CARTESIAN_POINT('',(0.0443693567374435,-0.0316700514014467,-0.00809));
#6770=CARTESIAN_POINT('',(0.0443693567374435,-0.0316700514014467,-0.00809));
#6771=CARTESIAN_POINT('',(0.0443693567374435,-0.0316700514014467,0.01151));
#6772=CARTESIAN_POINT('',(0.047581481731905,-0.03496278874574,0.01151));
#6773=CARTESIAN_POINT('',(0.0487697652986102,-0.0305189336216786,0.01151));
#6774=CARTESIAN_POINT('',(0.0487697652986102,-0.0305189336216786,-0.00809));
#6775=CARTESIAN_POINT('',(0.0487697652986102,-0.0305189336216786,-0.00809));
#6776=CARTESIAN_POINT('',(0.047581481731905,-0.03496278874574,-0.00809));
#6777=CARTESIAN_POINT('',(0.0420944429084559,-0.0338892710981104,-0.00809));
#6778=CARTESIAN_POINT('',(0.0398195290778201,-0.0361084907930846,-0.00809));
#6779=CARTESIAN_POINT('',(0.0398195290778201,-0.0361084907930846,-0.00809));
#6780=CARTESIAN_POINT('',(0.0398195290778201,-0.0361084907930846,0.01151));
#6781=CARTESIAN_POINT('',(0.0420944429084559,-0.0338892710981104,0.01151));
#6782=CARTESIAN_POINT('',(0.0420944429084559,-0.0338892710981104,-0.00809));
#6783=CARTESIAN_POINT('',(0.043031511604952,-0.03940108209465,-0.00809));
#6784=CARTESIAN_POINT('',(0.038588241821508,-0.0382114002655418,-0.00809));
#6785=CARTESIAN_POINT('',(0.038588241821508,-0.0382114002655418,-0.00809));
#6786=CARTESIAN_POINT('',(0.038588241821508,-0.0382114002655418,0.01151));
#6787=CARTESIAN_POINT('',(0.043031511604952,-0.03940108209465,0.01151));
#6788=CARTESIAN_POINT('',(0.043031511604952,-0.03940108209465,-0.00809));
#6789=CARTESIAN_POINT('',(0.0289099904186838,-0.0743581085387773,-0.00809));
#6790=CARTESIAN_POINT('',(0.0192317390069035,-0.110504816809615,-0.00809));
#6791=CARTESIAN_POINT('',(0.0192317390069035,-0.110504816809615,-0.00809));
#6792=CARTESIAN_POINT('',(0.0192317390069035,-0.110504816809615,0.01151));
#6793=CARTESIAN_POINT('',(0.0289099904186838,-0.0743581085387773,0.01151));
#6794=CARTESIAN_POINT('',(0.0289099904186838,-0.0743581085387773,-0.00809));
#6795=CARTESIAN_POINT('',(0.0236749267784319,-0.1116944766801,-0.00809));
#6796=CARTESIAN_POINT('',(0.0196840943875092,-0.113981497656141,-0.00809));
#6797=CARTESIAN_POINT('',(0.0196840943875092,-0.113981497656141,-0.00809));
#6798=CARTESIAN_POINT('',(0.0196840943875092,-0.113981497656141,0.01151));
#6799=CARTESIAN_POINT('',(0.0236749267784319,-0.1116944766801,0.01151));
#6800=CARTESIAN_POINT('',(0.0236749267784319,-0.1116944766801,-0.00809));
#6801=CARTESIAN_POINT('',(0.0205138615999973,-0.115429434471419,-0.00809));
#6802=CARTESIAN_POINT('',(0.0213436288053033,-0.116877371290813,-0.00809));
#6803=CARTESIAN_POINT('',(0.0213436288053033,-0.116877371290813,-0.00809));
#6804=CARTESIAN_POINT('',(0.0213436288053033,-0.116877371290813,0.01151));
#6805=CARTESIAN_POINT('',(0.0205138615999973,-0.115429434471419,0.01151));
#6806=CARTESIAN_POINT('',(0.0205138615999973,-0.115429434471419,-0.00809));
#6807=CARTESIAN_POINT('',(0.025334439851091,-0.114590362547,-0.00809));
#6808=CARTESIAN_POINT('',(0.0241462001338196,-0.119033904836925,-0.00809));
#6809=CARTESIAN_POINT('',(0.0241462001338196,-0.119033904836925,-0.00809));
#6810=CARTESIAN_POINT('',(0.0241462001338196,-0.119033904836925,0.01151));
#6811=CARTESIAN_POINT('',(0.025334439851091,-0.114590362547,0.01151));
#6812=CARTESIAN_POINT('',(0.025334439851091,-0.114590362547,-0.00809));
#6813=CARTESIAN_POINT('',(0.0491722804232639,-0.125726084325114,-0.00809));
#6814=CARTESIAN_POINT('',(0.0741983607126958,-0.13241826381335,-0.00809));
#6815=CARTESIAN_POINT('',(0.0741983607126958,-0.13241826381335,-0.00809));
#6816=CARTESIAN_POINT('',(0.0741983607126958,-0.13241826381335,0.01151));
#6817=CARTESIAN_POINT('',(0.0491722804232639,-0.125726084325114,0.01151));
#6818=CARTESIAN_POINT('',(0.0491722804232639,-0.125726084325114,-0.00809));
#6819=CARTESIAN_POINT('',(0.075386696251376,-0.1279743631896,-0.00809));
#6820=CARTESIAN_POINT('',(0.0776847322091413,-0.131959262792116,-0.00809));
#6821=CARTESIAN_POINT('',(0.0776847322091413,-0.131959262792116,-0.00809));
#6822=CARTESIAN_POINT('',(0.0776847322091413,-0.131959262792116,0.01151));
#6823=CARTESIAN_POINT('',(0.075386696251376,-0.1279743631896,0.01151));
#6824=CARTESIAN_POINT('',(0.075386696251376,-0.1279743631896,-0.00809));
#6825=CARTESIAN_POINT('',(0.079033791705029,-0.131181279018382,-0.00809));
#6826=CARTESIAN_POINT('',(0.0803828512014635,-0.130403295245597,-0.00809));
#6827=CARTESIAN_POINT('',(0.0803828512014635,-0.130403295245597,-0.00809));
#6828=CARTESIAN_POINT('',(0.0803828512014635,-0.130403295245597,0.01151));
#6829=CARTESIAN_POINT('',(0.079033791705029,-0.131181279018382,0.01151));
#6830=CARTESIAN_POINT('',(0.079033791705029,-0.131181279018382,-0.00809));
#6831=CARTESIAN_POINT('',(0.078084790545342,-0.126418352815,-0.00809));
#6832=CARTESIAN_POINT('',(0.0819998220132161,-0.128833591428458,-0.00809));
#6833=CARTESIAN_POINT('',(0.0819998220132161,-0.128833591428458,-0.00809));
#6834=CARTESIAN_POINT('',(0.0819998220132161,-0.128833591428458,0.01151));
#6835=CARTESIAN_POINT('',(0.078084790545342,-0.126418352815,0.01151));
#6836=CARTESIAN_POINT('',(0.078084790545342,-0.126418352815,-0.00809));
#6837=CARTESIAN_POINT('',(0.0879539776471994,-0.130425885773793,-0.00809));
#6838=CARTESIAN_POINT('',(0.0939081332796096,-0.13201818012501,-0.00809));
#6839=CARTESIAN_POINT('',(0.0939081332796096,-0.13201818012501,-0.00809));
#6840=CARTESIAN_POINT('',(0.0939081332796096,-0.13201818012501,0.01151));
#6841=CARTESIAN_POINT('',(0.0879539776471994,-0.130425885773793,0.01151));
#6842=CARTESIAN_POINT('',(0.0879539776471994,-0.130425885773793,-0.00809));
#6843=CARTESIAN_POINT('',(0.0950966001235289,-0.1275740793372,-0.00809));
#6844=CARTESIAN_POINT('',(0.0974452260772597,-0.131529637618611,-0.00809));
#6845=CARTESIAN_POINT('',(0.0974452260772597,-0.131529637618611,-0.00809));
#6846=CARTESIAN_POINT('',(0.0974452260772597,-0.131529637618611,0.01151));
#6847=CARTESIAN_POINT('',(0.0950966001235289,-0.1275740793372,0.01151));
#6848=CARTESIAN_POINT('',(0.0950966001235289,-0.1275740793372,-0.00809));
#6849=CARTESIAN_POINT('',(0.0980948309755924,-0.13114393253848,-0.00809));
#6850=CARTESIAN_POINT('',(0.0987444358741052,-0.130758227458652,-0.00809));
#6851=CARTESIAN_POINT('',(0.0987444358741052,-0.130758227458652,-0.00809));
#6852=CARTESIAN_POINT('',(0.0987444358741052,-0.130758227458652,0.01151));
#6853=CARTESIAN_POINT('',(0.0980948309755924,-0.13114393253848,0.01151));
#6854=CARTESIAN_POINT('',(0.0980948309755924,-0.13114393253848,-0.00809));
#6855=CARTESIAN_POINT('',(0.0963959746198679,-0.1268029465643,-0.00809));
#6856=CARTESIAN_POINT('',(0.100455250363016,-0.128966692773301,-0.00809));
#6857=CARTESIAN_POINT('',(0.100455250363016,-0.128966692773301,-0.00809));
#6858=CARTESIAN_POINT('',(0.100455250363016,-0.128966692773301,0.01151));
#6859=CARTESIAN_POINT('',(0.0963959746198679,-0.1268029465643,0.01151));
#6860=CARTESIAN_POINT('',(0.0963959746198679,-0.1268029465643,-0.00809));
#6861=CARTESIAN_POINT('',(0.101842782144845,-0.12934486645836,-0.00809));
#6862=CARTESIAN_POINT('',(0.103230313926673,-0.129723040143419,-0.00809));
#6863=CARTESIAN_POINT('',(0.103230313926673,-0.129723040143419,-0.00809));
#6864=CARTESIAN_POINT('',(0.103230313926673,-0.129723040143419,0.01151));
#6865=CARTESIAN_POINT('',(0.101842782144845,-0.12934486645836,0.01151));
#6866=CARTESIAN_POINT('',(0.101842782144845,-0.12934486645836,-0.00809));
#6867=CARTESIAN_POINT('',(0.103253477491729,-0.129763248813949,-0.00809));
#6868=CARTESIAN_POINT('',(0.103276641056785,-0.129803457484478,-0.00809));
#6869=CARTESIAN_POINT('',(0.103276641056785,-0.129803457484478,-0.00809));
#6870=CARTESIAN_POINT('',(0.103276641056785,-0.129803457484478,0.01151));
#6871=CARTESIAN_POINT('',(0.103253477491729,-0.129763248813949,0.01151));
#6872=CARTESIAN_POINT('',(0.103253477491729,-0.129763248813949,-0.00809));
#6873=CARTESIAN_POINT('',(0.103284728130894,-0.129816935884315,-0.00809));
#6874=CARTESIAN_POINT('',(0.103292815205002,-0.129830414284153,-0.00809));
#6875=CARTESIAN_POINT('',(0.103292815205002,-0.129830414284153,-0.00809));
#6876=CARTESIAN_POINT('',(0.103292815205002,-0.129830414284153,0.01151));
#6877=CARTESIAN_POINT('',(0.103284728130894,-0.129816935884315,0.01151));
#6878=CARTESIAN_POINT('',(0.103284728130894,-0.129816935884315,-0.00809));
#6879=CARTESIAN_POINT('',(0.100423365229326,-0.140518949396285,-0.00809));
#6880=CARTESIAN_POINT('',(0.0975539152534889,-0.151207484508373,-0.00809));
#6881=CARTESIAN_POINT('',(0.0975539152534889,-0.151207484508373,-0.00809));
#6882=CARTESIAN_POINT('',(0.0975539152534889,-0.151207484508373,0.01151));
#6883=CARTESIAN_POINT('',(0.100423365229326,-0.140518949396285,0.01151));
#6884=CARTESIAN_POINT('',(0.100423365229326,-0.140518949396285,-0.00809));
#6885=CARTESIAN_POINT('',(0.10199662608243,-0.1524001770847,-0.00809));
#6886=CARTESIAN_POINT('',(0.0980108855315632,-0.154696710853784,-0.00809));
#6887=CARTESIAN_POINT('',(0.0980108855315632,-0.154696710853784,-0.00809));
#6888=CARTESIAN_POINT('',(0.0980108855315632,-0.154696710853784,0.01151));
#6889=CARTESIAN_POINT('',(0.10199662608243,-0.1524001770847,0.01151));
#6890=CARTESIAN_POINT('',(0.10199662608243,-0.1524001770847,-0.00809));
#6891=CARTESIAN_POINT('',(0.0986842668153826,-0.155865395209854,-0.00809));
#6892=CARTESIAN_POINT('',(0.0993576480977717,-0.157034079566747,-0.00809));
#6893=CARTESIAN_POINT('',(0.0993576480977717,-0.157034079566747,-0.00809));
#6894=CARTESIAN_POINT('',(0.0993576480977717,-0.157034079566747,0.01151));
#6895=CARTESIAN_POINT('',(0.0986842668153826,-0.155865395209854,0.01151));
#6896=CARTESIAN_POINT('',(0.0986842668153826,-0.155865395209854,-0.00809));
#6897=CARTESIAN_POINT('',(0.1033434721372,-0.1547374976926,-0.00809));
#6898=CARTESIAN_POINT('',(0.102154976885261,-0.159181432953814,-0.00809));
#6899=CARTESIAN_POINT('',(0.102154976885261,-0.159181432953814,-0.00809));
#6900=CARTESIAN_POINT('',(0.102154976885261,-0.159181432953814,0.01151));
#6901=CARTESIAN_POINT('',(0.1033434721372,-0.1547374976926,0.01151));
#6902=CARTESIAN_POINT('',(0.1033434721372,-0.1547374976926,-0.00809));
#6903=CARTESIAN_POINT('',(0.10829036120656,-0.160822292846245,-0.00809));
#6904=CARTESIAN_POINT('',(0.114425745527858,-0.162463152738677,-0.00809));
#6905=CARTESIAN_POINT('',(0.114425745527858,-0.162463152738677,-0.00809));
#6906=CARTESIAN_POINT('',(0.114425745527858,-0.162463152738677,0.01151));
#6907=CARTESIAN_POINT('',(0.10829036120656,-0.160822292846245,0.01151));
#6908=CARTESIAN_POINT('',(0.10829036120656,-0.160822292846245,-0.00809));
#6909=CARTESIAN_POINT('',(0.11899181296798,-0.1619047764861,-0.00809));
#6910=CARTESIAN_POINT('',(0.115006978343436,-0.164203003828479,-0.00809));
#6911=CARTESIAN_POINT('',(0.115006978343436,-0.164203003828479,-0.00809));
#6912=CARTESIAN_POINT('',(0.115006978343436,-0.164203003828479,0.01151));
#6913=CARTESIAN_POINT('',(0.11899181296798,-0.1619047764861,0.01151));
#6914=CARTESIAN_POINT('',(0.11899181296798,-0.1619047764861,-0.00809));
#6915=CARTESIAN_POINT('',(0.115709729206655,-0.165421484663924,-0.00809));
#6916=CARTESIAN_POINT('',(0.116412480067325,-0.166639965500839,-0.00809));
#6917=CARTESIAN_POINT('',(0.116412480067325,-0.166639965500839,-0.00809));
#6918=CARTESIAN_POINT('',(0.116412480067325,-0.166639965500839,0.01151));
#6919=CARTESIAN_POINT('',(0.115709729206655,-0.165421484663924,0.01151));
#6920=CARTESIAN_POINT('',(0.115709729206655,-0.165421484663924,-0.00809));
#6921=CARTESIAN_POINT('',(0.12039708459938,-0.1643418708628,-0.00809));
#6922=CARTESIAN_POINT('',(0.119204024048499,-0.168784270972931,-0.00809));
#6923=CARTESIAN_POINT('',(0.119204024048499,-0.168784270972931,-0.00809));
#6924=CARTESIAN_POINT('',(0.119204024048499,-0.168784270972931,0.01151));
#6925=CARTESIAN_POINT('',(0.12039708459938,-0.1643418708628,0.01151));
#6926=CARTESIAN_POINT('',(0.12039708459938,-0.1643418708628,-0.00809));
#6927=CARTESIAN_POINT('',(0.127749022056907,-0.171079134060104,-0.00809));
#6928=CARTESIAN_POINT('',(0.136294020065316,-0.173373997147276,-0.00809));
#6929=CARTESIAN_POINT('',(0.136294020065316,-0.173373997147276,-0.00809));
#6930=CARTESIAN_POINT('',(0.136294020065316,-0.173373997147276,0.01151));
#6931=CARTESIAN_POINT('',(0.127749022056907,-0.171079134060104,0.01151));
#6932=CARTESIAN_POINT('',(0.127749022056907,-0.171079134060104,-0.00809));
#6933=CARTESIAN_POINT('',(0.142012669227418,-0.179099349741298,-0.00809));
#6934=CARTESIAN_POINT('',(0.147731318389528,-0.184824702335313,-0.00809));
#6935=CARTESIAN_POINT('',(0.147731318389528,-0.184824702335313,-0.00809));
#6936=CARTESIAN_POINT('',(0.147731318389528,-0.184824702335313,0.01151));
#6937=CARTESIAN_POINT('',(0.142012669227418,-0.179099349741298,0.01151));
#6938=CARTESIAN_POINT('',(0.142012669227418,-0.179099349741298,-0.00809));
#6939=CARTESIAN_POINT('',(0.15098592639439,-0.181573904933,-0.00809));
#6940=CARTESIAN_POINT('',(0.150985927797349,-0.186173922,-0.00809));
#6941=CARTESIAN_POINT('',(0.150985927797349,-0.186173922,-0.00809));
#6942=CARTESIAN_POINT('',(0.150985927797349,-0.186173922,0.01151));
#6943=CARTESIAN_POINT('',(0.15098592639439,-0.181573904933,0.01151));
#6944=CARTESIAN_POINT('',(0.15098592639439,-0.181573904933,-0.00809));
#6945=CARTESIAN_POINT('',(0.154264643708019,-0.186173921000024,-0.00809));
#6946=CARTESIAN_POINT('',(0.157543359618688,-0.186173920012682,-0.00809));
#6947=CARTESIAN_POINT('',(0.157543359618688,-0.186173920012682,-0.00809));
#6948=CARTESIAN_POINT('',(0.157543359618688,-0.186173920012682,0.01151));
#6949=CARTESIAN_POINT('',(0.154264643708019,-0.186173921000024,0.01151));
#6950=CARTESIAN_POINT('',(0.154264643708019,-0.186173921000024,-0.00809));
#6951=CARTESIAN_POINT('',(0.15754335821561,-0.181573513919501,-0.00809));
#6952=CARTESIAN_POINT('',(0.160796888780202,-0.184825939928107,-0.00809));
#6953=CARTESIAN_POINT('',(0.160796888780202,-0.184825939928107,-0.00809));
#6954=CARTESIAN_POINT('',(0.160796888780202,-0.184825939928107,0.01151));
#6955=CARTESIAN_POINT('',(0.15754335821561,-0.181573513919501,0.01151));
#6956=CARTESIAN_POINT('',(0.15754335821561,-0.181573513919501,-0.00809));
#6957=CARTESIAN_POINT('',(0.173578199132552,-0.172040288916563,-0.00809));
#6958=CARTESIAN_POINT('',(0.186359509484903,-0.15925463790502,-0.00809));
#6959=CARTESIAN_POINT('',(0.186359509484903,-0.15925463790502,-0.00809));
#6960=CARTESIAN_POINT('',(0.186359509484903,-0.15925463790502,0.01151));
#6961=CARTESIAN_POINT('',(0.173578199132552,-0.172040288916563,0.01151));
#6962=CARTESIAN_POINT('',(0.173578199132552,-0.172040288916563,-0.00809));
#6963=CARTESIAN_POINT('',(0.191491612111481,-0.15925463745251,-0.00809));
#6964=CARTESIAN_POINT('',(0.196623714738059,-0.159254637,-0.00809));
#6965=CARTESIAN_POINT('',(0.196623714738059,-0.159254637,-0.00809));
#6966=CARTESIAN_POINT('',(0.196623714738059,-0.159254637,0.01151));
#6967=CARTESIAN_POINT('',(0.191491612111481,-0.15925463745251,0.01151));
#6968=CARTESIAN_POINT('',(0.191491612111481,-0.15925463745251,-0.00809));
#6969=CARTESIAN_POINT('',(0.212445929785289,-0.159254641351858,-0.00809));
#6970=CARTESIAN_POINT('',(0.22826814483252,-0.159254645703717,-0.00809));
#6971=CARTESIAN_POINT('',(0.22826814483252,-0.159254645703717,-0.00809));
#6972=CARTESIAN_POINT('',(0.22826814483252,-0.159254645703717,0.01151));
#6973=CARTESIAN_POINT('',(0.212445929785289,-0.159254641351858,0.01151));
#6974=CARTESIAN_POINT('',(0.212445929785289,-0.159254641351858,-0.00809));
#6975=CARTESIAN_POINT('',(0.24104954686454,-0.172040379684273,-0.00809));
#6976=CARTESIAN_POINT('',(0.253830948894823,-0.184826113666567,-0.00809));
#6977=CARTESIAN_POINT('',(0.253830948894823,-0.184826113666567,-0.00809));
#6978=CARTESIAN_POINT('',(0.253830948894823,-0.184826113666567,0.01151));
#6979=CARTESIAN_POINT('',(0.24104954686454,-0.172040379684273,0.01151));
#6980=CARTESIAN_POINT('',(0.24104954686454,-0.172040379684273,-0.00809));
#6981=CARTESIAN_POINT('',(0.25708406653064,-0.1815740982231,-0.00809));
#6982=CARTESIAN_POINT('',(0.257084065127743,-0.186173921999981,-0.00809));
#6983=CARTESIAN_POINT('',(0.257084065127743,-0.186173921999981,-0.00809));
#6984=CARTESIAN_POINT('',(0.257084065127743,-0.186173921999981,0.01151));
#6985=CARTESIAN_POINT('',(0.25708406653064,-0.1815740982231,0.01151));
#6986=CARTESIAN_POINT('',(0.25708406653064,-0.1815740982231,-0.00809));
#6987=CARTESIAN_POINT('',(0.260362872458776,-0.186173922999982,-0.00809));
#6988=CARTESIAN_POINT('',(0.26364167978981,-0.186173924001454,-0.00809));
#6989=CARTESIAN_POINT('',(0.26364167978981,-0.186173924001454,-0.00809));
#6990=CARTESIAN_POINT('',(0.26364167978981,-0.186173924001454,0.01151));
#6991=CARTESIAN_POINT('',(0.260362872458776,-0.186173922999982,0.01151));
#6992=CARTESIAN_POINT('',(0.260362872458776,-0.186173922999982,-0.00809));
#6993=CARTESIAN_POINT('',(0.2636416811928,-0.181573794975801,-0.00809));
#6994=CARTESIAN_POINT('',(0.266896367320145,-0.184824672588519,-0.00809));
#6995=CARTESIAN_POINT('',(0.266896367320145,-0.184824672588519,-0.00809));
#6996=CARTESIAN_POINT('',(0.266896367320145,-0.184824672588519,0.01151));
#6997=CARTESIAN_POINT('',(0.2636416811928,-0.181573794975801,0.01151));
#6998=CARTESIAN_POINT('',(0.2636416811928,-0.181573794975801,-0.00809));
#6999=CARTESIAN_POINT('',(0.272615002513428,-0.179099337817964,-0.00809));
#7000=CARTESIAN_POINT('',(0.27833363770671,-0.173374003047408,-0.00809));
#7001=CARTESIAN_POINT('',(0.27833363770671,-0.173374003047408,-0.00809));
#7002=CARTESIAN_POINT('',(0.27833363770671,-0.173374003047408,0.01151));
#7003=CARTESIAN_POINT('',(0.272615002513428,-0.179099337817964,0.01151));
#7004=CARTESIAN_POINT('',(0.272615002513428,-0.179099337817964,-0.00809));
#7005=CARTESIAN_POINT('',(0.286878655075337,-0.171079129304202,-0.00809));
#7006=CARTESIAN_POINT('',(0.295423672445745,-0.168784255567625,-0.00809));
#7007=CARTESIAN_POINT('',(0.295423672445745,-0.168784255567625,-0.00809));
#7008=CARTESIAN_POINT('',(0.295423672445745,-0.168784255567625,0.01151));
#7009=CARTESIAN_POINT('',(0.286878655075337,-0.171079129304202,0.01151));
#7010=CARTESIAN_POINT('',(0.286878655075337,-0.171079129304202,-0.00809));
#7011=CARTESIAN_POINT('',(0.29423063541144,-0.1643419535849,-0.00809));
#7012=CARTESIAN_POINT('',(0.298215148640341,-0.166640004614353,-0.00809));
#7013=CARTESIAN_POINT('',(0.298215148640341,-0.166640004614353,-0.00809));
#7014=CARTESIAN_POINT('',(0.298215148640341,-0.166640004614353,0.01151));
#7015=CARTESIAN_POINT('',(0.29423063541144,-0.1643419535849,0.01151));
#7016=CARTESIAN_POINT('',(0.29423063541144,-0.1643419535849,-0.00809));
#7017=CARTESIAN_POINT('',(0.298917908430029,-0.165421513100083,-0.00809));
#7018=CARTESIAN_POINT('',(0.299620668220045,-0.164203021586004,-0.00809));
#7019=CARTESIAN_POINT('',(0.299620668220045,-0.164203021586004,-0.00809));
#7020=CARTESIAN_POINT('',(0.299620668220045,-0.164203021586004,0.01151));
#7021=CARTESIAN_POINT('',(0.298917908430029,-0.165421513100083,0.01151));
#7022=CARTESIAN_POINT('',(0.298917908430029,-0.165421513100083,-0.00809));
#7023=CARTESIAN_POINT('',(0.295635821944473,-0.161904778473301,-0.00809));
#7024=CARTESIAN_POINT('',(0.300201907736489,-0.162463152707107,-0.00809));
#7025=CARTESIAN_POINT('',(0.300201907736489,-0.162463152707107,-0.00809));
#7026=CARTESIAN_POINT('',(0.300201907736489,-0.162463152707107,0.01151));
#7027=CARTESIAN_POINT('',(0.295635821944473,-0.161904778473301,0.01151));
#7028=CARTESIAN_POINT('',(0.295635821944473,-0.161904778473301,-0.00809));
#7029=CARTESIAN_POINT('',(0.306337306675586,-0.160822290717089,-0.00809));
#7030=CARTESIAN_POINT('',(0.312472705614672,-0.159181428727023,-0.00809));
#7031=CARTESIAN_POINT('',(0.312472705614672,-0.159181428727023,-0.00809));
#7032=CARTESIAN_POINT('',(0.312472705614672,-0.159181428727023,0.01151));
#7033=CARTESIAN_POINT('',(0.306337306675586,-0.160822290717089,0.01151));
#7034=CARTESIAN_POINT('',(0.306337306675586,-0.160822290717089,-0.00809));
#7035=CARTESIAN_POINT('',(0.31128423375767,-0.1547375760356,-0.00809));
#7036=CARTESIAN_POINT('',(0.315269978369003,-0.157034123877581,-0.00809));
#7037=CARTESIAN_POINT('',(0.315269978369003,-0.157034123877581,-0.00809));
#7038=CARTESIAN_POINT('',(0.315269978369003,-0.157034123877581,0.01151));
#7039=CARTESIAN_POINT('',(0.31128423375767,-0.1547375760356,0.01151));
#7040=CARTESIAN_POINT('',(0.31128423375767,-0.1547375760356,-0.00809));
#7041=CARTESIAN_POINT('',(0.315943368365944,-0.155865430370495,-0.00809));
#7042=CARTESIAN_POINT('',(0.316616758363084,-0.154696736863524,-0.00809));
#7043=CARTESIAN_POINT('',(0.316616758363084,-0.154696736863524,-0.00809));
#7044=CARTESIAN_POINT('',(0.316616758363084,-0.154696736863524,0.01151));
#7045=CARTESIAN_POINT('',(0.315943368365944,-0.155865430370495,0.01151));
#7046=CARTESIAN_POINT('',(0.315943368365944,-0.155865430370495,-0.00809));
#7047=CARTESIAN_POINT('',(0.312630992993779,-0.152400177061,-0.00809));
#7048=CARTESIAN_POINT('',(0.317073737140211,-0.151207475525624,-0.00809));
#7049=CARTESIAN_POINT('',(0.317073737140211,-0.151207475525624,-0.00809));
#7050=CARTESIAN_POINT('',(0.317073737140211,-0.151207475525624,0.01151));
#7051=CARTESIAN_POINT('',(0.312630992993779,-0.152400177061,0.01151));
#7052=CARTESIAN_POINT('',(0.312630992993779,-0.152400177061,-0.00809));
#7053=CARTESIAN_POINT('',(0.31420428785012,-0.140518943098257,-0.00809));
#7054=CARTESIAN_POINT('',(0.311334838560029,-0.12983041067089,-0.00809));
#7055=CARTESIAN_POINT('',(0.311334838560029,-0.12983041067089,-0.00809));
#7056=CARTESIAN_POINT('',(0.311334838560029,-0.12983041067089,0.01151));
#7057=CARTESIAN_POINT('',(0.31420428785012,-0.140518943098257,0.01151));
#7058=CARTESIAN_POINT('',(0.31420428785012,-0.140518943098257,-0.00809));
#7059=CARTESIAN_POINT('',(0.311336477493937,-0.129827679113406,-0.00809));
#7060=CARTESIAN_POINT('',(0.311338116427844,-0.129824947555922,-0.00809));
#7061=CARTESIAN_POINT('',(0.311338116427844,-0.129824947555922,-0.00809));
#7062=CARTESIAN_POINT('',(0.311338116427844,-0.129824947555922,0.01151));
#7063=CARTESIAN_POINT('',(0.311336477493937,-0.129827679113406,0.01151));
#7064=CARTESIAN_POINT('',(0.311336477493937,-0.129827679113406,-0.00809));
#7065=CARTESIAN_POINT('',(0.31135072822081,-0.129803503167196,-0.00809));
#7066=CARTESIAN_POINT('',(0.311363340013774,-0.12978205877847,-0.00809));
#7067=CARTESIAN_POINT('',(0.311363340013774,-0.12978205877847,-0.00809));
#7068=CARTESIAN_POINT('',(0.311363340013774,-0.12978205877847,0.01151));
#7069=CARTESIAN_POINT('',(0.31135072822081,-0.129803503167196,0.01151));
#7070=CARTESIAN_POINT('',(0.31135072822081,-0.129803503167196,-0.00809));
#7071=CARTESIAN_POINT('',(0.311380337543908,-0.129752553431729,-0.00809));
#7072=CARTESIAN_POINT('',(0.311397335074042,-0.129723048084988,-0.00809));
#7073=CARTESIAN_POINT('',(0.311397335074042,-0.129723048084988,-0.00809));
#7074=CARTESIAN_POINT('',(0.311397335074042,-0.129723048084988,0.01151));
#7075=CARTESIAN_POINT('',(0.311380337543908,-0.129752553431729,0.01151));
#7076=CARTESIAN_POINT('',(0.311380337543908,-0.129752553431729,-0.00809));
#7077=CARTESIAN_POINT('',(0.312784881993841,-0.129344867391428,-0.00809));
#7078=CARTESIAN_POINT('',(0.314172428913639,-0.128966686697868,-0.00809));
#7079=CARTESIAN_POINT('',(0.314172428913639,-0.128966686697868,-0.00809));
#7080=CARTESIAN_POINT('',(0.314172428913639,-0.128966686697868,0.01151));
#7081=CARTESIAN_POINT('',(0.312784881993841,-0.129344867391428,0.01151));
#7082=CARTESIAN_POINT('',(0.312784881993841,-0.129344867391428,-0.00809));
#7083=CARTESIAN_POINT('',(0.318231945749841,-0.1268027595083,-0.00809));
#7084=CARTESIAN_POINT('',(0.315883361677017,-0.130758313909886,-0.00809));
#7085=CARTESIAN_POINT('',(0.315883361677017,-0.130758313909886,-0.00809));
#7086=CARTESIAN_POINT('',(0.315883361677017,-0.130758313909886,0.01151));
#7087=CARTESIAN_POINT('',(0.318231945749841,-0.1268027595083,0.01151));
#7088=CARTESIAN_POINT('',(0.318231945749841,-0.1268027595083,-0.00809));
#7089=CARTESIAN_POINT('',(0.316532955179579,-0.13114400572424,-0.00809));
#7090=CARTESIAN_POINT('',(0.317182548682132,-0.13152969753861,-0.00809));
#7091=CARTESIAN_POINT('',(0.317182548682132,-0.13152969753861,-0.00809));
#7092=CARTESIAN_POINT('',(0.317182548682132,-0.13152969753861,0.01151));
#7093=CARTESIAN_POINT('',(0.316532955179579,-0.13114400572424,0.01151));
#7094=CARTESIAN_POINT('',(0.316532955179579,-0.13114400572424,-0.00809));
#7095=CARTESIAN_POINT('',(0.31953102986471,-0.1275743164278,-0.00809));
#7096=CARTESIAN_POINT('',(0.320719436904077,-0.132018198998506,-0.00809));
#7097=CARTESIAN_POINT('',(0.320719436904077,-0.132018198998506,-0.00809));
#7098=CARTESIAN_POINT('',(0.320719436904077,-0.132018198998506,0.01151));
#7099=CARTESIAN_POINT('',(0.31953102986471,-0.1275743164278,0.01151));
#7100=CARTESIAN_POINT('',(0.31953102986471,-0.1275743164278,-0.00809));
#7101=CARTESIAN_POINT('',(0.326673619217596,-0.130425899458076,-0.00809));
#7102=CARTESIAN_POINT('',(0.332627801531116,-0.128833599917647,-0.00809));
#7103=CARTESIAN_POINT('',(0.332627801531116,-0.128833599917647,-0.00809));
#7104=CARTESIAN_POINT('',(0.332627801531116,-0.128833599917647,0.01151));
#7105=CARTESIAN_POINT('',(0.326673619217596,-0.130425899458076,0.01151));
#7106=CARTESIAN_POINT('',(0.326673619217596,-0.130425899458076,-0.00809));
#7107=CARTESIAN_POINT('',(0.336542470978879,-0.1264186480106,-0.00809));
#7108=CARTESIAN_POINT('',(0.334244627858638,-0.130403186438161,-0.00809));
#7109=CARTESIAN_POINT('',(0.334244627858638,-0.130403186438161,-0.00809));
#7110=CARTESIAN_POINT('',(0.334244627858638,-0.130403186438161,0.01151));
#7111=CARTESIAN_POINT('',(0.336542470978879,-0.1264186480106,0.01151));
#7112=CARTESIAN_POINT('',(0.336542470978879,-0.1264186480106,-0.00809));
#7113=CARTESIAN_POINT('',(0.335593807195031,-0.131181244552662,-0.00809));
#7114=CARTESIAN_POINT('',(0.336942986530561,-0.131959302668656,-0.00809));
#7115=CARTESIAN_POINT('',(0.336942986530561,-0.131959302668656,-0.00809));
#7116=CARTESIAN_POINT('',(0.336942986530561,-0.131959302668656,0.01151));
#7117=CARTESIAN_POINT('',(0.335593807195031,-0.131181244552662,0.01151));
#7118=CARTESIAN_POINT('',(0.335593807195031,-0.131181244552662,-0.00809));
#7119=CARTESIAN_POINT('',(0.3392409268817,-0.1279745956394,-0.00809));
#7120=CARTESIAN_POINT('',(0.340429207218158,-0.132418288898516,-0.00809));
#7121=CARTESIAN_POINT('',(0.340429207218158,-0.132418288898516,-0.00809));
#7122=CARTESIAN_POINT('',(0.340429207218158,-0.132418288898516,0.01151));
#7123=CARTESIAN_POINT('',(0.3392409268817,-0.1279745956394,0.01151));
#7124=CARTESIAN_POINT('',(0.3392409268817,-0.1279745956394,-0.00809));
#7125=CARTESIAN_POINT('',(0.365455293682071,-0.125726106358117,-0.00809));
#7126=CARTESIAN_POINT('',(0.390481380146457,-0.119033923819487,-0.00809));
#7127=CARTESIAN_POINT('',(0.390481380146457,-0.119033923819487,-0.00809));
#7128=CARTESIAN_POINT('',(0.390481380146457,-0.119033923819487,0.01151));
#7129=CARTESIAN_POINT('',(0.365455293682071,-0.125726106358117,0.01151));
#7130=CARTESIAN_POINT('',(0.365455293682071,-0.125726106358117,-0.00809));
#7131=CARTESIAN_POINT('',(0.38929309586151,-0.1145902157946,-0.00809));
#7132=CARTESIAN_POINT('',(0.393284053924244,-0.116877313141234,-0.00809));
#7133=CARTESIAN_POINT('',(0.393284053924244,-0.116877313141234,-0.00809));
#7134=CARTESIAN_POINT('',(0.393284053924244,-0.116877313141234,0.01151));
#7135=CARTESIAN_POINT('',(0.38929309586151,-0.1145902157946,0.01151));
#7136=CARTESIAN_POINT('',(0.38929309586151,-0.1145902157946,-0.00809));
#7137=CARTESIAN_POINT('',(0.39411374160131,-0.11542951786955,-0.00809));
#7138=CARTESIAN_POINT('',(0.394943429286582,-0.113981722602569,-0.00809));
#7139=CARTESIAN_POINT('',(0.394943429286582,-0.113981722602569,-0.00809));
#7140=CARTESIAN_POINT('',(0.394943429286582,-0.113981722602569,0.01151));
#7141=CARTESIAN_POINT('',(0.39411374160131,-0.11542951786955,0.01151));
#7142=CARTESIAN_POINT('',(0.39411374160131,-0.11542951786955,-0.00809));
#7143=CARTESIAN_POINT('',(0.390952053471501,-0.1116943858547,-0.00809));
#7144=CARTESIAN_POINT('',(0.395395848329802,-0.110504563399066,-0.00809));
#7145=CARTESIAN_POINT('',(0.395395848329802,-0.110504563399066,-0.00809));
#7146=CARTESIAN_POINT('',(0.395395848329802,-0.110504563399066,0.01151));
#7147=CARTESIAN_POINT('',(0.390952053471501,-0.1116943858547,0.01151));
#7148=CARTESIAN_POINT('',(0.390952053471501,-0.1116943858547,-0.00809));
#7149=CARTESIAN_POINT('',(0.385717646886854,-0.074358042877342,-0.00809));
#7150=CARTESIAN_POINT('',(0.376039445452932,-0.038211522353201,-0.00809));
#7151=CARTESIAN_POINT('',(0.376039445452932,-0.038211522353201,-0.00809));
#7152=CARTESIAN_POINT('',(0.376039445452932,-0.038211522353201,0.01151));
#7153=CARTESIAN_POINT('',(0.385717646886854,-0.074358042877342,0.01151));
#7154=CARTESIAN_POINT('',(0.385717646886854,-0.074358042877342,-0.00809));
#7155=CARTESIAN_POINT('',(0.37159643986181,-0.03940113348319,-0.00809));
#7156=CARTESIAN_POINT('',(0.374806922509984,-0.0361074616105565,-0.00809));
#7157=CARTESIAN_POINT('',(0.374806922509984,-0.0361074616105565,-0.00809));
#7158=CARTESIAN_POINT('',(0.374806922509984,-0.0361074616105565,0.01151));
#7159=CARTESIAN_POINT('',(0.37159643986181,-0.03940113348319,0.01151));
#7160=CARTESIAN_POINT('',(0.37159643986181,-0.03940113348319,-0.00809));
#7161=CARTESIAN_POINT('',(0.372425419408164,-0.0337861088223524,-0.00809));
#7162=CARTESIAN_POINT('',(0.370043916311393,-0.0314647560289687,-0.00809));
#7163=CARTESIAN_POINT('',(0.370043916311393,-0.0314647560289687,-0.00809));
#7164=CARTESIAN_POINT('',(0.370043916311393,-0.0314647560289687,0.01151));
#7165=CARTESIAN_POINT('',(0.372425419408164,-0.0337861088223524,0.01151));
#7166=CARTESIAN_POINT('',(0.372425419408164,-0.0337861088223524,-0.00809));
#7167=CARTESIAN_POINT('',(0.36683323486888,-0.0347586318470499,-0.00809));
#7168=CARTESIAN_POINT('',(0.365645000935095,-0.0303149629474848,-0.00809));
#7169=CARTESIAN_POINT('',(0.365645000935095,-0.0303149629474848,-0.00809));
#7170=CARTESIAN_POINT('',(0.365645000935095,-0.0303149629474848,0.01151));
#7171=CARTESIAN_POINT('',(0.36683323486888,-0.0347586318470499,0.01151));
#7172=CARTESIAN_POINT('',(0.36683323486888,-0.0347586318470499,-0.00809));
#7173=CARTESIAN_POINT('',(0.343871472298451,-0.036137189168441,-0.00809));
#7174=CARTESIAN_POINT('',(0.322097943661807,-0.0419594153893972,-0.00809));
#7175=CARTESIAN_POINT('',(0.322097943661807,-0.0419594153893972,-0.00809));
#7176=CARTESIAN_POINT('',(0.322097943661807,-0.0419594153893972,0.01151));
#7177=CARTESIAN_POINT('',(0.343871472298451,-0.036137189168441,0.01151));
#7178=CARTESIAN_POINT('',(0.343871472298451,-0.036137189168441,-0.00809));
#7179=CARTESIAN_POINT('',(0.31868222056389,-0.0451674865847003,-0.00809));
#7180=CARTESIAN_POINT('',(0.321070549515489,-0.0411357661213336,-0.00809));
#7181=CARTESIAN_POINT('',(0.321070549515489,-0.0411357661213336,-0.00809));
#7182=CARTESIAN_POINT('',(0.321070549515489,-0.0411357661213336,0.01151));
#7183=CARTESIAN_POINT('',(0.31868222056389,-0.0451674865847003,0.01151));
#7184=CARTESIAN_POINT('',(0.31868222056389,-0.0451674865847003,-0.00809));
#7185=CARTESIAN_POINT('',(0.319704219167513,-0.040340177924093,-0.00809));
#7186=CARTESIAN_POINT('',(0.318337888821317,-0.0395445897237924,-0.00809));
#7187=CARTESIAN_POINT('',(0.318337888821317,-0.0395445897237924,-0.00809));
#7188=CARTESIAN_POINT('',(0.318337888821317,-0.0395445897237924,0.01151));
#7189=CARTESIAN_POINT('',(0.319704219167513,-0.040340177924093,0.01151));
#7190=CARTESIAN_POINT('',(0.319704219167513,-0.040340177924093,-0.00809));
#7191=CARTESIAN_POINT('',(0.3160233213594,-0.0435195905805499,-0.00809));
#7192=CARTESIAN_POINT('',(0.314833601331382,-0.0390763462086105,-0.00809));
#7193=CARTESIAN_POINT('',(0.314833601331382,-0.0390763462086105,-0.00809));
#7194=CARTESIAN_POINT('',(0.314833601331382,-0.0390763462086105,0.01151));
#7195=CARTESIAN_POINT('',(0.3160233213594,-0.0435195905805499,0.01151));
#7196=CARTESIAN_POINT('',(0.3160233213594,-0.0435195905805499,-0.00809));
#7197=CARTESIAN_POINT('',(0.308558241165033,-0.0407566322896738,-0.00809));
#7198=CARTESIAN_POINT('',(0.302282880998684,-0.0424369183707371,-0.00809));
#7199=CARTESIAN_POINT('',(0.302282880998684,-0.0424369183707371,-0.00809));
#7200=CARTESIAN_POINT('',(0.302282880998684,-0.0424369183707371,0.01151));
#7201=CARTESIAN_POINT('',(0.308558241165033,-0.0407566322896738,0.01151));
#7202=CARTESIAN_POINT('',(0.308558241165033,-0.0407566322896738,-0.00809));
#7203=CARTESIAN_POINT('',(0.29887170952201,-0.0456471999398398,-0.00809));
#7204=CARTESIAN_POINT('',(0.301237803011684,-0.0416044780604227,-0.00809));
#7205=CARTESIAN_POINT('',(0.301237803011684,-0.0416044780604227,-0.00809));
#7206=CARTESIAN_POINT('',(0.301237803011684,-0.0416044780604227,0.01151));
#7207=CARTESIAN_POINT('',(0.29887170952201,-0.0456471999398398,0.01151));
#7208=CARTESIAN_POINT('',(0.29887170952201,-0.0456471999398398,-0.00809));
#7209=CARTESIAN_POINT('',(0.300002906013561,-0.0408939932779215,-0.00809));
#7210=CARTESIAN_POINT('',(0.298768009016572,-0.040183508493452,-0.00809));
#7211=CARTESIAN_POINT('',(0.298768009016572,-0.040183508493452,-0.00809));
#7212=CARTESIAN_POINT('',(0.298768009016572,-0.040183508493452,0.01151));
#7213=CARTESIAN_POINT('',(0.300002906013561,-0.0408939932779215,0.01151));
#7214=CARTESIAN_POINT('',(0.300002906013561,-0.0408939932779215,-0.00809));
#7215=CARTESIAN_POINT('',(0.29647394855118,-0.0441708259589299,-0.00809));
#7216=CARTESIAN_POINT('',(0.295286111261516,-0.0397266773851275,-0.00809));
#7217=CARTESIAN_POINT('',(0.295286111261516,-0.0397266773851275,-0.00809));
#7218=CARTESIAN_POINT('',(0.295286111261516,-0.0397266773851275,0.01151));
#7219=CARTESIAN_POINT('',(0.29647394855118,-0.0441708259589299,0.01151));
#7220=CARTESIAN_POINT('',(0.29647394855118,-0.0441708259589299,-0.00809));
#7221=CARTESIAN_POINT('',(0.286257928304968,-0.0421397408089992,-0.00809));
#7222=CARTESIAN_POINT('',(0.277229745347836,-0.0445528042306834,-0.00809));
#7223=CARTESIAN_POINT('',(0.277229745347836,-0.0445528042306834,-0.00809));
#7224=CARTESIAN_POINT('',(0.277229745347836,-0.0445528042306834,0.01151));
#7225=CARTESIAN_POINT('',(0.286257928304968,-0.0421397408089992,0.01151));
#7226=CARTESIAN_POINT('',(0.286257928304968,-0.0421397408089992,-0.00809));
#7227=CARTESIAN_POINT('',(0.27841750516083,-0.04899666293496,-0.00809));
#7228=CARTESIAN_POINT('',(0.274429866574876,-0.0467037625774093,-0.00809));
#7229=CARTESIAN_POINT('',(0.274429866574876,-0.0467037625774093,-0.00809));
#7230=CARTESIAN_POINT('',(0.274429866574876,-0.0467037625774093,0.01151));
#7231=CARTESIAN_POINT('',(0.27841750516083,-0.04899666293496,0.01151));
#7232=CARTESIAN_POINT('',(0.27841750516083,-0.04899666293496,-0.00809));
#7233=CARTESIAN_POINT('',(0.273633272999642,-0.0480891377715221,-0.00809));
#7234=CARTESIAN_POINT('',(0.272836679424409,-0.049474512965635,-0.00809));
#7235=CARTESIAN_POINT('',(0.272836679424409,-0.049474512965635,-0.00809));
#7236=CARTESIAN_POINT('',(0.272836679424409,-0.049474512965635,0.01151));
#7237=CARTESIAN_POINT('',(0.273633272999642,-0.0480891377715221,0.01151));
#7238=CARTESIAN_POINT('',(0.273633272999642,-0.0480891377715221,-0.00809));
#7239=CARTESIAN_POINT('',(0.276900415543037,-0.0517773599326484,-0.00809));
#7240=CARTESIAN_POINT('',(0.272365589197888,-0.0506582507267792,-0.00809));
#7241=CARTESIAN_POINT('',(0.272365589197888,-0.0506582507267792,-0.00809));
#7242=CARTESIAN_POINT('',(0.272365589197888,-0.0506582507267792,0.01151));
#7243=CARTESIAN_POINT('',(0.276900415543037,-0.0517773599326484,0.01151));
#7244=CARTESIAN_POINT('',(0.276900415543037,-0.0517773599326484,-0.00809));
#7245=CARTESIAN_POINT('',(0.266229574549435,-0.0523073259089426,-0.00809));
#7246=CARTESIAN_POINT('',(0.260093559900981,-0.053956401091106,-0.00809));
#7247=CARTESIAN_POINT('',(0.260093559900981,-0.053956401091106,-0.00809));
#7248=CARTESIAN_POINT('',(0.260093559900981,-0.053956401091106,0.01151));
#7249=CARTESIAN_POINT('',(0.266229574549435,-0.0523073259089426,0.01151));
#7250=CARTESIAN_POINT('',(0.266229574549435,-0.0523073259089426,-0.00809));
#7251=CARTESIAN_POINT('',(0.24645181746424,-0.0579874962775445,-0.00809));
#7252=CARTESIAN_POINT('',(0.232810075027499,-0.0620185914639829,-0.00809));
#7253=CARTESIAN_POINT('',(0.232810075027499,-0.0620185914639829,-0.00809));
#7254=CARTESIAN_POINT('',(0.232810075027499,-0.0620185914639829,0.01151));
#7255=CARTESIAN_POINT('',(0.24645181746424,-0.0579874962775445,0.01151));
#7256=CARTESIAN_POINT('',(0.24645181746424,-0.0579874962775445,-0.00809));
#7257=CARTESIAN_POINT('',(0.22830977964219,-0.0594199277479357,-0.00809));
#7258=CARTESIAN_POINT('',(0.223809484256902,-0.0568212640318531,-0.00809));
#7259=CARTESIAN_POINT('',(0.223809484256902,-0.0568212640318531,-0.00809));
#7260=CARTESIAN_POINT('',(0.223809484256902,-0.0568212640318531,0.01151));
#7261=CARTESIAN_POINT('',(0.22830977964219,-0.0594199277479357,0.01151));
#7262=CARTESIAN_POINT('',(0.22830977964219,-0.0594199277479357,-0.00809));
#7263=CARTESIAN_POINT('',(0.2215091922958,-0.0608048472994699,-0.00809));
#7264=CARTESIAN_POINT('',(0.221509193921926,-0.0562048169999976,-0.00809));
#7265=CARTESIAN_POINT('',(0.221509193921926,-0.0562048169999976,-0.00809));
#7266=CARTESIAN_POINT('',(0.221509193921926,-0.0562048169999976,0.01151));
#7267=CARTESIAN_POINT('',(0.2215091922958,-0.0608048472994699,0.01151));
#7268=CARTESIAN_POINT('',(0.2215091922958,-0.0608048472994699,-0.00809));
#7269=CARTESIAN_POINT('',(0.214437125650171,-0.0562048144999988,-0.00809));
#7270=CARTESIAN_POINT('',(0.212095057378418,-0.0562048113306495,-0.00259));
#7271=CARTESIAN_POINT('',(0.212095057378418,-0.0562048113306495,-8.99999999999981E-5));
#7272=CARTESIAN_POINT('',(0.207095057378418,-0.0562048120382081,-8.99999999999981E-5));
#7273=CARTESIAN_POINT('',(0.207365057378416,-0.0562048119999999,-8.99999999999981E-5));
#7274=CARTESIAN_POINT('',(0.207365057378416,-0.0562048119999999,0.01151));
#7275=CARTESIAN_POINT('',(0.207365057378416,-0.0562048119999999,0.01151));
#7276=CARTESIAN_POINT('',(0.214437125650171,-0.0562048144999988,0.01151));
#7277=CARTESIAN_POINT('',(0.214437125650171,-0.0562048144999988,-0.00809));
#7278=CARTESIAN_POINT('',(0.207365057378416,-0.0562048119999999,-0.00809));
#7279=CARTESIAN_POINT('',(0.207365057378416,-0.0562048119999999,-0.00809));
#7280=CARTESIAN_POINT('',(0.200298504602141,-0.0562048129999999,-0.00809));
#7281=CARTESIAN_POINT('',(0.200298504602141,-0.0562048129999999,-0.00809));
#7282=CARTESIAN_POINT('',(0.193231951825866,-0.056204813999994,-0.00809));
#7283=CARTESIAN_POINT('',(0.193231951825866,-0.056204813999994,-0.00809));
#7284=CARTESIAN_POINT('',(0.193231951825866,-0.056204813999994,0.01151));
#7285=CARTESIAN_POINT('',(0.200298504602141,-0.0562048129999999,0.01151));
#7286=CARTESIAN_POINT('',(0.207095057378418,-0.0562048120382081,-8.99999999999981E-5));
#7287=CARTESIAN_POINT('',(0.202095057378418,-0.0562048127457667,-8.99999999999981E-5));
#7288=CARTESIAN_POINT('',(0.202095057378418,-0.0562048127457667,-0.00259));
#7289=CARTESIAN_POINT('',(0.19323195247682,-0.0608048159356498,-0.00809));
#7290=CARTESIAN_POINT('',(0.190850302081444,-0.0568693668885689,-0.00809));
#7291=CARTESIAN_POINT('',(0.190850302081444,-0.0568693668885689,-0.00809));
#7292=CARTESIAN_POINT('',(0.190850302081444,-0.0568693668885689,0.01151));
#7293=CARTESIAN_POINT('',(0.19323195247682,-0.0608048159356498,0.01151));
#7294=CARTESIAN_POINT('',(0.19323195247682,-0.0608048159356498,-0.00809));
#7295=CARTESIAN_POINT('',(0.186600882291857,-0.0594410257262042,-0.00809));
#7296=CARTESIAN_POINT('',(0.182351462502268,-0.0620126845638394,-0.00809));
#7297=CARTESIAN_POINT('',(0.182351462502268,-0.0620126845638394,-0.00809));
#7298=CARTESIAN_POINT('',(0.182351462502268,-0.0620126845638394,0.01151));
#7299=CARTESIAN_POINT('',(0.186600882291857,-0.0594410257262042,0.01151));
#7300=CARTESIAN_POINT('',(0.186600882291857,-0.0594410257262042,-0.00809));
#7301=CARTESIAN_POINT('',(0.168290452780637,-0.058074196806556,-0.00809));
#7302=CARTESIAN_POINT('',(0.154229443059006,-0.0541357090492725,-0.00809));
#7303=CARTESIAN_POINT('',(0.154229443059006,-0.0541357090492725,-0.00809));
#7304=CARTESIAN_POINT('',(0.154229443059006,-0.0541357090492725,0.01151));
#7305=CARTESIAN_POINT('',(0.168290452780637,-0.058074196806556,0.01151));
#7306=CARTESIAN_POINT('',(0.168290452780637,-0.058074196806556,-0.00809));
#7307=CARTESIAN_POINT('',(0.148139689523658,-0.0524990610550062,-0.00809));
#7308=CARTESIAN_POINT('',(0.14204993598831,-0.0508624130607398,-0.00809));
#7309=CARTESIAN_POINT('',(0.14204993598831,-0.0508624130607398,-0.00809));
#7310=CARTESIAN_POINT('',(0.14204993598831,-0.0508624130607398,0.01151));
#7311=CARTESIAN_POINT('',(0.148139689523658,-0.0524990610550062,0.01151));
#7312=CARTESIAN_POINT('',(0.148139689523658,-0.0524990610550062,-0.00809));
#7313=CARTESIAN_POINT('',(0.137582315794458,-0.0519581132842306,-0.00809));
#7314=CARTESIAN_POINT('',(0.141570103629857,-0.0496651376289242,-0.00809));
#7315=CARTESIAN_POINT('',(0.141570103629857,-0.0496651376289242,-0.00809));
#7316=CARTESIAN_POINT('',(0.141570103629857,-0.0496651376289242,0.01151));
#7317=CARTESIAN_POINT('',(0.137582315794458,-0.0519581132842306,0.01151));
#7318=CARTESIAN_POINT('',(0.137582315794458,-0.0519581132842306,-0.00809));
#7319=CARTESIAN_POINT('',(0.140777323802618,-0.0482863886902258,-0.00809));
#7320=CARTESIAN_POINT('',(0.139984543976794,-0.0469076397507135,-0.00809));
#7321=CARTESIAN_POINT('',(0.139984543976794,-0.0469076397507135,-0.00809));
#7322=CARTESIAN_POINT('',(0.139984543976794,-0.0469076397507135,0.01151));
#7323=CARTESIAN_POINT('',(0.140777323802618,-0.0482863886902258,0.01151));
#7324=CARTESIAN_POINT('',(0.140777323802618,-0.0482863886902258,-0.00809));
#7325=CARTESIAN_POINT('',(0.13599690405586,-0.0492005303552901,-0.00809));
#7326=CARTESIAN_POINT('',(0.137184664519302,-0.0447566756629857,-0.00809));
#7327=CARTESIAN_POINT('',(0.137184664519302,-0.0447566756629857,-0.00809));
#7328=CARTESIAN_POINT('',(0.137184664519302,-0.0447566756629857,0.01151));
#7329=CARTESIAN_POINT('',(0.13599690405586,-0.0492005303552901,0.01151));
#7330=CARTESIAN_POINT('',(0.13599690405586,-0.0492005303552901,-0.00809));
#7331=CARTESIAN_POINT('',(0.128156527755934,-0.0423436210856956,-0.00809));
#7332=CARTESIAN_POINT('',(0.119128390995555,-0.0399305664972198,-0.00809));
#7333=CARTESIAN_POINT('',(0.119128390995555,-0.0399305664972198,-0.00809));
#7334=CARTESIAN_POINT('',(0.119128390995555,-0.0399305664972198,0.01151));
#7335=CARTESIAN_POINT('',(0.128156527755934,-0.0423436210856956,0.01151));
#7336=CARTESIAN_POINT('',(0.128156527755934,-0.0423436210856956,-0.00809));
#7337=CARTESIAN_POINT('',(0.11794049204855,-0.04437493930816,-0.00809));
#7338=CARTESIAN_POINT('',(0.11564631329301,-0.0403874216191891,-0.00809));
#7339=CARTESIAN_POINT('',(0.11564631329301,-0.0403874216191891,-0.00809));
#7340=CARTESIAN_POINT('',(0.11564631329301,-0.0403874216191891,0.01151));
#7341=CARTESIAN_POINT('',(0.11794049204855,-0.04437493930816,0.01151));
#7342=CARTESIAN_POINT('',(0.11794049204855,-0.04437493930816,-0.00809));
#7343=CARTESIAN_POINT('',(0.114411490451696,-0.0410978646943967,-0.00809));
#7344=CARTESIAN_POINT('',(0.113176667610382,-0.0418083077696043,-0.00809));
#7345=CARTESIAN_POINT('',(0.113176667610382,-0.0418083077696043,-0.00809));
#7346=CARTESIAN_POINT('',(0.113176667610382,-0.0418083077696043,0.01151));
#7347=CARTESIAN_POINT('',(0.114411490451696,-0.0410978646943967,0.01151));
#7348=CARTESIAN_POINT('',(0.114411490451696,-0.0410978646943967,-0.00809));
#7349=CARTESIAN_POINT('',(0.11554258460506,-0.0458509940350095,-0.00809));
#7350=CARTESIAN_POINT('',(0.112131508769117,-0.0426407857695472,-0.00809));
#7351=CARTESIAN_POINT('',(0.112131508769117,-0.0426407857695472,-0.00809));
#7352=CARTESIAN_POINT('',(0.112131508769117,-0.0426407857695472,0.01151));
#7353=CARTESIAN_POINT('',(0.11554258460506,-0.0458509940350095,0.01151));
#7354=CARTESIAN_POINT('',(0.11554258460506,-0.0458509940350095,-0.00809));
#7355=CARTESIAN_POINT('',(0.105856236024126,-0.0409605237593172,-0.00809));
#7356=CARTESIAN_POINT('',(0.0995809632796217,-0.0392802617472725,-0.00809));
#7357=CARTESIAN_POINT('',(0.0995809632796217,-0.0392802617472725,-0.00809));
#7358=CARTESIAN_POINT('',(0.0995809632796217,-0.0392802617472725,0.01151));
#7359=CARTESIAN_POINT('',(0.105856236024126,-0.0409605237593172,0.01151));
#7360=CARTESIAN_POINT('',(0.105856236024126,-0.0409605237593172,-0.00809));
#7361=CARTESIAN_POINT('',(0.098391138932331,-0.04372389747338,-0.00809));
#7362=CARTESIAN_POINT('',(0.0960763694017573,-0.0397485456109807,-0.00809));
#7363=CARTESIAN_POINT('',(0.0960763694017573,-0.0397485456109807,-0.00809));
#7364=CARTESIAN_POINT('',(0.0960763694017573,-0.0397485456109807,0.01151));
#7365=CARTESIAN_POINT('',(0.098391138932331,-0.04372389747338,0.01151));
#7366=CARTESIAN_POINT('',(0.098391138932331,-0.04372389747338,-0.00809));
#7367=CARTESIAN_POINT('',(0.0947100712442207,-0.0405441142686029,-0.00809));
#7368=CARTESIAN_POINT('',(0.0933437730866842,-0.041339682926225,-0.00809));
#7369=CARTESIAN_POINT('',(0.0933437730866842,-0.041339682926225,-0.00809));
#7370=CARTESIAN_POINT('',(0.0933437730866842,-0.041339682926225,0.01151));
#7371=CARTESIAN_POINT('',(0.0947100712442207,-0.0405441142686029,0.01151));
#7372=CARTESIAN_POINT('',(0.0947100712442207,-0.0405441142686029,-0.00809));
#7373=CARTESIAN_POINT('',(0.0957323378529907,-0.0453714463162396,-0.00809));
#7374=CARTESIAN_POINT('',(0.0923164771687834,-0.042163292102055,-0.00809));
#7375=CARTESIAN_POINT('',(0.0923164771687834,-0.042163292102055,-0.00809));
#7376=CARTESIAN_POINT('',(0.0923164771687834,-0.042163292102055,0.01151));
#7377=CARTESIAN_POINT('',(0.0957323378529907,-0.0453714463162396,0.01151));
#7378=CARTESIAN_POINT('',(0.0957323378529907,-0.0453714463162396,-0.00809));
#7379=CARTESIAN_POINT('',(0.0705431212336952,-0.0363411128618727,-0.00809));
#7380=CARTESIAN_POINT('',(0.0705431212336952,-0.0363411128618727,0.01151));
#7381=CARTESIAN_POINT('',(0.0705431212336952,-0.0363411128618727,-0.00809));
#7382=CARTESIAN_POINT('',(0.207313804369603,-0.108166381554651,-0.00809));
#7383=CARTESIAN_POINT('',(0.234154378,-0.082096481,-9.E-5));
#7384=CARTESIAN_POINT('',(0.234154378,-0.082096481,-9.E-5));
#7385=CARTESIAN_POINT('',(0.235754378,-0.082096481,-9.E-5));
#7386=CARTESIAN_POINT('',(0.234154378,-0.082096481,-0.00509));
#7387=CARTESIAN_POINT('',(0.235754378,-0.082096481,-0.00509));
#7388=CARTESIAN_POINT('',(0.234154378,-0.082096481,-9.E-5));
#7389=CARTESIAN_POINT('',(0.234154378,-0.082096481,-9.E-5));
#7390=CARTESIAN_POINT('',(0.237354378,-0.082096481,-9.E-5));
#7391=CARTESIAN_POINT('',(0.207313804369603,-0.108166381555378,-9.E-5));
#7392=CARTESIAN_POINT('',(0.207313804369603,-0.108166381554651,-0.00509));
#7393=CARTESIAN_POINT('',(0.345998114,-0.052140546,-9.E-5));
#7394=CARTESIAN_POINT('',(0.345998114,-0.052140546,-9.E-5));
#7395=CARTESIAN_POINT('',(0.348248114,-0.052140546,-9.E-5));
#7396=CARTESIAN_POINT('',(0.345998114,-0.052140546,-0.00509));
#7397=CARTESIAN_POINT('',(0.348248114,-0.052140546,-0.00509));
#7398=CARTESIAN_POINT('',(0.345998114,-0.052140546,-9.E-5));
#7399=CARTESIAN_POINT('',(0.345998114,-0.052140546,-9.E-5));
#7400=CARTESIAN_POINT('',(0.350248114,-0.052140546,-9.E-5));
#7401=CARTESIAN_POINT('',(0.207313804369603,-0.108166381555378,-9.E-5));
#7402=CARTESIAN_POINT('',(0.207313804369603,-0.108166381554651,-0.00509));
#7403=CARTESIAN_POINT('',(0.361412577,-0.10964361,-9.E-5));
#7404=CARTESIAN_POINT('',(0.361412577,-0.10964361,-9.E-5));
#7405=CARTESIAN_POINT('',(0.363662577,-0.10964361,-9.E-5));
#7406=CARTESIAN_POINT('',(0.361412577,-0.10964361,-0.00509));
#7407=CARTESIAN_POINT('',(0.363662577,-0.10964361,-0.00509));
#7408=CARTESIAN_POINT('',(0.361412577,-0.10964361,-9.E-5));
#7409=CARTESIAN_POINT('',(0.361412577,-0.10964361,-9.E-5));
#7410=CARTESIAN_POINT('',(0.365662577,-0.10964361,-9.E-5));
#7411=CARTESIAN_POINT('',(0.207313804369603,-0.108166381555378,-9.E-5));
#7412=CARTESIAN_POINT('',(0.207313804369603,-0.108166381554651,-0.00509));
#7413=CARTESIAN_POINT('',(0.053112118,-0.110217751,-9.E-5));
#7414=CARTESIAN_POINT('',(0.053112118,-0.110217751,-9.E-5));
#7415=CARTESIAN_POINT('',(0.055362118,-0.110217751,-9.E-5));
#7416=CARTESIAN_POINT('',(0.053112118,-0.110217751,-0.00509));
#7417=CARTESIAN_POINT('',(0.055362118,-0.110217751,-0.00509));
#7418=CARTESIAN_POINT('',(0.053112118,-0.110217751,-9.E-5));
#7419=CARTESIAN_POINT('',(0.053112118,-0.110217751,-9.E-5));
#7420=CARTESIAN_POINT('',(0.057362118,-0.110217751,-9.E-5));
#7421=CARTESIAN_POINT('',(0.207313804369603,-0.108166381555378,-9.E-5));
#7422=CARTESIAN_POINT('',(0.207313804369603,-0.108166381554651,-0.00509));
#7423=CARTESIAN_POINT('',(0.068520465,-0.052713039,-9.E-5));
#7424=CARTESIAN_POINT('',(0.068520465,-0.052713039,-9.E-5));
#7425=CARTESIAN_POINT('',(0.070770465,-0.052713039,-9.E-5));
#7426=CARTESIAN_POINT('',(0.068520465,-0.052713039,-0.00509));
#7427=CARTESIAN_POINT('',(0.070770465,-0.052713039,-0.00509));
#7428=CARTESIAN_POINT('',(0.068520465,-0.052713039,-9.E-5));
#7429=CARTESIAN_POINT('',(0.068520465,-0.052713039,-9.E-5));
#7430=CARTESIAN_POINT('',(0.072770465,-0.052713039,-9.E-5));
#7431=CARTESIAN_POINT('',(0.207313804369603,-0.108166381555378,-9.E-5));
#7432=CARTESIAN_POINT('',(0.207313804369603,-0.108166381554651,-0.00509));
#7433=CARTESIAN_POINT('',(0.181766884,-0.082096489,-9.E-5));
#7434=CARTESIAN_POINT('',(0.181766884,-0.082096489,-9.E-5));
#7435=CARTESIAN_POINT('',(0.183366884,-0.082096489,-9.E-5));
#7436=CARTESIAN_POINT('',(0.181766884,-0.082096489,-0.00509));
#7437=CARTESIAN_POINT('',(0.183366884,-0.082096489,-0.00509));
#7438=CARTESIAN_POINT('',(0.181766884,-0.082096489,-9.E-5));
#7439=CARTESIAN_POINT('',(0.181766884,-0.082096489,-9.E-5));
#7440=CARTESIAN_POINT('',(0.184966884,-0.082096489,-9.E-5));
#7441=CARTESIAN_POINT('',(0.207313804369603,-0.108166381555378,-9.E-5));
#7442=CARTESIAN_POINT('',(0.207313804369603,-0.108166381554651,-0.00509));
#7443=CARTESIAN_POINT('',(0.181766882,-0.127340237,-9.E-5));
#7444=CARTESIAN_POINT('',(0.181766882,-0.127340237,-9.E-5));
#7445=CARTESIAN_POINT('',(0.183366882,-0.127340237,-9.E-5));
#7446=CARTESIAN_POINT('',(0.181766882,-0.127340237,-0.00509));
#7447=CARTESIAN_POINT('',(0.183366882,-0.127340237,-0.00509));
#7448=CARTESIAN_POINT('',(0.181766882,-0.127340237,-9.E-5));
#7449=CARTESIAN_POINT('',(0.181766882,-0.127340237,-9.E-5));
#7450=CARTESIAN_POINT('',(0.184966882,-0.127340237,-9.E-5));
#7451=CARTESIAN_POINT('',(0.207313804369603,-0.108166381555378,-9.E-5));
#7452=CARTESIAN_POINT('',(0.207313804369603,-0.108166381554651,-0.00509));
#7453=CARTESIAN_POINT('',(0.234154379,-0.129721483,-9.E-5));
#7454=CARTESIAN_POINT('',(0.234154379,-0.129721483,-9.E-5));
#7455=CARTESIAN_POINT('',(0.235754379,-0.129721483,-9.E-5));
#7456=CARTESIAN_POINT('',(0.234154379,-0.129721483,-0.00509));
#7457=CARTESIAN_POINT('',(0.235754379,-0.129721483,-0.00509));
#7458=CARTESIAN_POINT('',(0.234154379,-0.129721483,-9.E-5));
#7459=CARTESIAN_POINT('',(0.234154379,-0.129721483,-9.E-5));
#7460=CARTESIAN_POINT('',(0.237354379,-0.129721483,-9.E-5));
#7461=CARTESIAN_POINT('',(0.207313804369603,-0.108166381555378,-9.E-5));
#7462=CARTESIAN_POINT('',(0.207313804369603,-0.108166381554651,-0.00509));
#7463=CARTESIAN_POINT('',(0.214437125194109,-0.0581648144999987,0.01151));
#7464=CARTESIAN_POINT('',(0.214437125194109,-0.0581648144999987,-8.99999999999981E-5));
#7465=CARTESIAN_POINT('',(0.207365057159159,-0.058164812,-8.99999999999929E-5));
#7466=CARTESIAN_POINT('',(0.212095057655781,-0.0581648128360352,-8.99999999999981E-5));
#7467=CARTESIAN_POINT('',(0.212095057655781,-0.0581648136720703,0.01151));
#7468=CARTESIAN_POINT('',(0.221509193229059,-0.0581648169999975,0.01151));
#7469=CARTESIAN_POINT('',(0.221509193229059,-0.0581648169999975,0.01151));
#7470=CARTESIAN_POINT('',(0.214437125194109,-0.0581648144999987,0.01151));
#7471=CARTESIAN_POINT('',(0.207365057159159,-0.058164812,0.01151));
#7472=CARTESIAN_POINT('',(0.207365057159159,-0.058164812,0.01151));
#7473=CARTESIAN_POINT('',(0.207313804369603,-0.108166381555378,0.01151));
#7474=CARTESIAN_POINT('',(0.25708406653064,-0.1815740982231,0.01151));
#7475=CARTESIAN_POINT('',(0.255217112991681,-0.183440419217486,0.01151));
#7476=CARTESIAN_POINT('',(0.257084065725522,-0.18421392199998,0.01151));
#7477=CARTESIAN_POINT('',(0.242148655585517,-0.170367532572277,0.01151));
#7478=CARTESIAN_POINT('',(0.229080198179354,-0.15729464592707,0.01151));
#7479=CARTESIAN_POINT('',(0.212851956565428,-0.157294641463535,0.01151));
#7480=CARTESIAN_POINT('',(0.196623714951503,-0.157294637,0.01151));
#7481=CARTESIAN_POINT('',(0.191085585424372,-0.15729463748831,0.01151));
#7482=CARTESIAN_POINT('',(0.185547455897241,-0.15729463797662,0.01151));
#7483=CARTESIAN_POINT('',(0.172479090054307,-0.170367441965627,0.01151));
#7484=CARTESIAN_POINT('',(0.159410724211372,-0.183440245954632,0.01151));
#7485=CARTESIAN_POINT('',(0.15754335821561,-0.1815735139195,0.01151));
#7486=CARTESIAN_POINT('',(0.157543359020907,-0.184213920012682,0.01151));
#7487=CARTESIAN_POINT('',(0.154264643110238,-0.184213921000024,0.01151));
#7488=CARTESIAN_POINT('',(0.150985927199569,-0.184213922,0.01151));
#7489=CARTESIAN_POINT('',(0.15098592639439,-0.181573904933,0.01151));
#7490=CARTESIAN_POINT('',(0.149118059263897,-0.183439585102962,0.01151));
#7491=CARTESIAN_POINT('',(0.143213834404538,-0.177528439278849,0.01151));
#7492=CARTESIAN_POINT('',(0.137309609545186,-0.171617293454726,0.01151));
#7493=CARTESIAN_POINT('',(0.128511000703806,-0.169254320095495,0.01151));
#7494=CARTESIAN_POINT('',(0.119712391862425,-0.166891346736264,0.01151));
#7495=CARTESIAN_POINT('',(0.12039708459938,-0.1643418708628,0.01151));
#7496=CARTESIAN_POINT('',(0.118110335798618,-0.165660738297522,0.01151));
#7497=CARTESIAN_POINT('',(0.117407584937948,-0.164442257460607,0.01151));
#7498=CARTESIAN_POINT('',(0.116704834074729,-0.163223776625163,0.01151));
#7499=CARTESIAN_POINT('',(0.11899181296798,-0.1619047764861,0.01151));
#7500=CARTESIAN_POINT('',(0.116409970256682,-0.161353303873918,0.01151));
#7501=CARTESIAN_POINT('',(0.116449206183367,-0.161169612086823,0.01151));
#7502=CARTESIAN_POINT('',(0.116488442109434,-0.160985920299595,0.01151));
#7503=CARTESIAN_POINT('',(0.109574904188918,-0.159136949396632,0.01151));
#7504=CARTESIAN_POINT('',(0.102661366268402,-0.157287978493669,0.01151));
#7505=CARTESIAN_POINT('',(0.1033434721372,-0.1547374976926,0.01151));
#7506=CARTESIAN_POINT('',(0.101055912329749,-0.156055560993401,0.01151));
#7507=CARTESIAN_POINT('',(0.10038253104736,-0.154886876636507,0.01151));
#7508=CARTESIAN_POINT('',(0.0997091497635411,-0.153718192280437,0.01151));
#7509=CARTESIAN_POINT('',(0.10199662608243,-0.1524001770847,0.01151));
#7510=CARTESIAN_POINT('',(0.0994468876628941,-0.151715672915591,0.01151));
#7511=CARTESIAN_POINT('',(0.102424171189873,-0.140625464065532,0.01151));
#7512=CARTESIAN_POINT('',(0.105401454716692,-0.12953525521543,0.01151));
#7513=CARTESIAN_POINT('',(0.105183870754611,-0.129172616812507,0.01151));
#7514=CARTESIAN_POINT('',(0.104966286792529,-0.128809978409585,0.01151));
#7515=CARTESIAN_POINT('',(0.104745796130796,-0.128427237827509,0.01151));
#7516=CARTESIAN_POINT('',(0.104525305469064,-0.128044497245434,0.01151));
#7517=CARTESIAN_POINT('',(0.101855682677832,-0.127316887902066,0.01151));
#7518=CARTESIAN_POINT('',(0.0991860598866004,-0.126589278558699,0.01151));
#7519=CARTESIAN_POINT('',(0.0990660998865654,-0.127037426213555,0.01151));
#7520=CARTESIAN_POINT('',(0.0989461398865304,-0.127485573868411,0.01151));
#7521=CARTESIAN_POINT('',(0.096395974619868,-0.1268029465643,0.01151));
#7522=CARTESIAN_POINT('',(0.09774377575024,-0.129072914634128,0.01151));
#7523=CARTESIAN_POINT('',(0.0970941708517271,-0.129458619713956,0.01151));
#7524=CARTESIAN_POINT('',(0.0964445659533945,-0.129844324794087,0.01151));
#7525=CARTESIAN_POINT('',(0.095096600123529,-0.1275740793372,0.01151));
#7526=CARTESIAN_POINT('',(0.0944144937648045,-0.130124717936574,0.01151));
#7527=CARTESIAN_POINT('',(0.08760756224022,-0.128304369380124,0.01151));
#7528=CARTESIAN_POINT('',(0.0808006307140625,-0.126484020829556,0.01151));
#7529=CARTESIAN_POINT('',(0.0807176682945126,-0.126793246407139,0.01151));
#7530=CARTESIAN_POINT('',(0.0806347058749628,-0.127102471984721,0.01151));
#7531=CARTESIAN_POINT('',(0.0780847905453421,-0.126418352815,0.01151));
#7532=CARTESIAN_POINT('',(0.0794036971725785,-0.12870539731353,0.01151));
#7533=CARTESIAN_POINT('',(0.078054637676144,-0.129483381086315,0.01151));
#7534=CARTESIAN_POINT('',(0.0767055781802562,-0.130261364860049,0.01151));
#7535=CARTESIAN_POINT('',(0.075386696251376,-0.1279743631896,0.01151));
#7536=CARTESIAN_POINT('',(0.0747046902705116,-0.130524793354409,0.01151));
#7537=CARTESIAN_POINT('',(0.0496786099810797,-0.123832613866174,0.01151));
#7538=CARTESIAN_POINT('',(0.0246525296916354,-0.117140434377984,0.01151));
#7539=CARTESIAN_POINT('',(0.025334439851091,-0.114590362547,0.01151));
#7540=CARTESIAN_POINT('',(0.0230441826232744,-0.115902837190751,0.01151));
#7541=CARTESIAN_POINT('',(0.0222144154179684,-0.114454900371357,0.01151));
#7542=CARTESIAN_POINT('',(0.0213846482054803,-0.113006963556079,0.01151));
#7543=CARTESIAN_POINT('',(0.023674926778432,-0.1116944766801,0.01151));
#7544=CARTESIAN_POINT('',(0.021125048266078,-0.111011748806163,0.01151));
#7545=CARTESIAN_POINT('',(0.0308032996778584,-0.0748650405353252,0.01151));
#7546=CARTESIAN_POINT('',(0.0404815510806825,-0.0387183322620897,0.01151));
#7547=CARTESIAN_POINT('',(0.0430315116049522,-0.0394010820946501,0.01151));
#7548=CARTESIAN_POINT('',(0.0411881779678869,-0.0375114876625461,0.01151));
#7549=CARTESIAN_POINT('',(0.0434630917985228,-0.035292267967572,0.01151));
#7550=CARTESIAN_POINT('',(0.0457380056275192,-0.0330730482709174,0.01151));
#7551=CARTESIAN_POINT('',(0.047581481731905,-0.03496278874574,0.01151));
#7552=CARTESIAN_POINT('',(0.0482634515693936,-0.0324124083132461,0.01151));
#7553=CARTESIAN_POINT('',(0.0707201020339676,-0.0384173000042164,0.01151));
#7554=CARTESIAN_POINT('',(0.0931767524985446,-0.0444221916951748,0.01151));
#7555=CARTESIAN_POINT('',(0.0957323378529911,-0.04537144631624,0.01151));
#7556=CARTESIAN_POINT('',(0.0943372853009387,-0.0430292402585912,0.01151));
#7557=CARTESIAN_POINT('',(0.0956999554883467,-0.0422357840969197,0.01151));
#7558=CARTESIAN_POINT('',(0.0970626256757547,-0.0414423279352482,0.01151));
#7559=CARTESIAN_POINT('',(0.098391138932331,-0.04372389747338,0.01151));
#7560=CARTESIAN_POINT('',(0.0990740135764124,-0.0411735662654142,0.01151));
#7561=CARTESIAN_POINT('',(0.105967518359629,-0.0430193655935834,0.01151));
#7562=CARTESIAN_POINT('',(0.112861023143331,-0.0448651649199378,0.01151));
#7563=CARTESIAN_POINT('',(0.112962717007486,-0.0447925213843426,0.01151));
#7564=CARTESIAN_POINT('',(0.113064410871641,-0.0447198778487474,0.01151));
#7565=CARTESIAN_POINT('',(0.11554258460506,-0.0458509940350099,0.01151));
#7566=CARTESIAN_POINT('',(0.114161239156434,-0.0435030899416973,0.01151));
#7567=CARTESIAN_POINT('',(0.115392495012041,-0.04279469909634,0.01151));
#7568=CARTESIAN_POINT('',(0.116623750867647,-0.0420863082509826,0.01151));
#7569=CARTESIAN_POINT('',(0.11794049204855,-0.04437493930816,0.01151));
#7570=CARTESIAN_POINT('',(0.118622285244253,-0.0418240967896892,0.01151));
#7571=CARTESIAN_POINT('',(0.127650422004632,-0.0442371513781649,0.01151));
#7572=CARTESIAN_POINT('',(0.136678558768,-0.0466502059554551,0.01151));
#7573=CARTESIAN_POINT('',(0.13599690405586,-0.0492005303552901,0.01151));
#7574=CARTESIAN_POINT('',(0.138285407190103,-0.0478846424017406,0.01151));
#7575=CARTESIAN_POINT('',(0.139078187015927,-0.0492633913412529,0.01151));
#7576=CARTESIAN_POINT('',(0.139870966843167,-0.0506421402799512,0.01151));
#7577=CARTESIAN_POINT('',(0.13758231579446,-0.0519581132842301,0.01151));
#7578=CARTESIAN_POINT('',(0.140186574707485,-0.0523911768879067,0.01151));
#7579=CARTESIAN_POINT('',(0.14694866248377,-0.0542085176607098,0.01151));
#7580=CARTESIAN_POINT('',(0.153710750260054,-0.0560258584335129,0.01151));
#7581=CARTESIAN_POINT('',(0.168175432030379,-0.0600774147010391,0.01151));
#7582=CARTESIAN_POINT('',(0.182640113800702,-0.0641289709685653,0.01151));
#7583=CARTESIAN_POINT('',(0.187252602811797,-0.0613375903292738,0.01151));
#7584=CARTESIAN_POINT('',(0.191865091822892,-0.0585462096899824,0.01151));
#7585=CARTESIAN_POINT('',(0.19323195247682,-0.0608048159356501,0.01151));
#7586=CARTESIAN_POINT('',(0.193231952103229,-0.058164813999994,0.01151));
#7587=CARTESIAN_POINT('',(0.200298504631194,-0.058164813,0.01151));
#7588=CARTESIAN_POINT('',(0.2215091922958,-0.0608048472994699,0.01151));
#7589=CARTESIAN_POINT('',(0.222829366311973,-0.0585186057222704,0.01151));
#7590=CARTESIAN_POINT('',(0.227693983307257,-0.061327644373287,0.01151));
#7591=CARTESIAN_POINT('',(0.232558600302562,-0.0641366830242681,0.01151));
#7592=CARTESIAN_POINT('',(0.246592155300769,-0.0599898083662676,0.01151));
#7593=CARTESIAN_POINT('',(0.260625710298977,-0.0558429337082671,0.01151));
#7594=CARTESIAN_POINT('',(0.267423355857379,-0.0540160429282179,0.01151));
#7595=CARTESIAN_POINT('',(0.274221001415783,-0.0521891521481686,0.01151));
#7596=CARTESIAN_POINT('',(0.27690041554304,-0.05177735993265,0.01151));
#7597=CARTESIAN_POINT('',(0.274539294066596,-0.050445467193882,0.01151));
#7598=CARTESIAN_POINT('',(0.275334147745503,-0.0490631178956409,0.01151));
#7599=CARTESIAN_POINT('',(0.276129001424409,-0.0476807685973998,0.01151));
#7600=CARTESIAN_POINT('',(0.27841750516083,-0.0489966629349601,0.01151));
#7601=CARTESIAN_POINT('',(0.277735850414008,-0.0464463347062753,0.01151));
#7602=CARTESIAN_POINT('',(0.28676403337114,-0.044033271284591,0.01151));
#7603=CARTESIAN_POINT('',(0.295792216327688,-0.0416202078607194,0.01151));
#7604=CARTESIAN_POINT('',(0.29647394855118,-0.04417082595893,0.01151));
#7605=CARTESIAN_POINT('',(0.297790572432212,-0.041882395694992,0.01151));
#7606=CARTESIAN_POINT('',(0.299021888354323,-0.0425908201463239,0.01151));
#7607=CARTESIAN_POINT('',(0.300253204277566,-0.0432992445956873,0.01151));
#7608=CARTESIAN_POINT('',(0.29887170952201,-0.0456471999398396,0.01151));
#7609=CARTESIAN_POINT('',(0.301424415669557,-0.0446958254699084,0.01151));
#7610=CARTESIAN_POINT('',(0.308382483445391,-0.042832738073344,0.01151));
#7611=CARTESIAN_POINT('',(0.315340551221229,-0.0409696506767784,0.01151));
#7612=CARTESIAN_POINT('',(0.3160233213594,-0.04351959058055,0.01151));
#7613=CARTESIAN_POINT('',(0.317351631810631,-0.0412383716190999,0.01151));
#7614=CARTESIAN_POINT('',(0.318714352935859,-0.0420318582386182,0.01151));
#7615=CARTESIAN_POINT('',(0.320077074062871,-0.0428253448550764,0.01151));
#7616=CARTESIAN_POINT('',(0.31868222056389,-0.0451674865847,0.01151));
#7617=CARTESIAN_POINT('',(0.321237669085711,-0.0442183148312301,0.01151));
#7618=CARTESIAN_POINT('',(0.343694491907496,-0.038213376226455,0.01151));
#7619=CARTESIAN_POINT('',(0.36615131472928,-0.0322084376216799,0.01151));
#7620=CARTESIAN_POINT('',(0.36683323486888,-0.0347586318470499,0.01151));
#7621=CARTESIAN_POINT('',(0.368675825185095,-0.0328682967908075,0.01151));
#7622=CARTESIAN_POINT('',(0.371057328281866,-0.0351896495841912,0.01151));
#7623=CARTESIAN_POINT('',(0.373438831383686,-0.0375110023723953,0.01151));
#7624=CARTESIAN_POINT('',(0.37159643986181,-0.03940113348319,0.01151));
#7625=CARTESIAN_POINT('',(0.37414613619782,-0.0387184543649215,0.01151));
#7626=CARTESIAN_POINT('',(0.383824337631742,-0.0748649748890624,0.01151));
#7627=CARTESIAN_POINT('',(0.393502539074689,-0.111011495410787,0.01151));
#7628=CARTESIAN_POINT('',(0.3909520534715,-0.1116943858547,0.01151));
#7629=CARTESIAN_POINT('',(0.393242876268592,-0.11300718710655,0.01151));
#7630=CARTESIAN_POINT('',(0.392413188583319,-0.11445498237353,0.01151));
#7631=CARTESIAN_POINT('',(0.391583500906252,-0.115902777645215,0.01151));
#7632=CARTESIAN_POINT('',(0.38929309586151,-0.1145902157946,0.01151));
#7633=CARTESIAN_POINT('',(0.389975050489707,-0.117140453387001,0.01151));
#7634=CARTESIAN_POINT('',(0.364948964025322,-0.123832635925632,0.01151));
#7635=CARTESIAN_POINT('',(0.339922877561408,-0.130524818466031,0.01151));
#7636=CARTESIAN_POINT('',(0.3392409268817,-0.1279745956394,0.01151));
#7637=CARTESIAN_POINT('',(0.337922145499009,-0.130261407585174,0.01151));
#7638=CARTESIAN_POINT('',(0.336572966163478,-0.129483349469181,0.01151));
#7639=CARTESIAN_POINT('',(0.335223786827085,-0.12870529135468,0.01151));
#7640=CARTESIAN_POINT('',(0.33654247097888,-0.1264186480106,0.01151));
#7641=CARTESIAN_POINT('',(0.333993000362235,-0.127102654819579,0.01151));
#7642=CARTESIAN_POINT('',(0.333910012645848,-0.126793338054897,0.01151));
#7643=CARTESIAN_POINT('',(0.333827024918959,-0.126484021293033,0.01151));
#7644=CARTESIAN_POINT('',(0.327020050956753,-0.128304378974578,0.01151));
#7645=CARTESIAN_POINT('',(0.320213076994547,-0.130124736656123,0.01151));
#7646=CARTESIAN_POINT('',(0.31953102986471,-0.1275743164278,0.01151));
#7647=CARTESIAN_POINT('',(0.31818319633875,-0.129844377311679,0.01151));
#7648=CARTESIAN_POINT('',(0.317533602836198,-0.129458685497309,0.01151));
#7649=CARTESIAN_POINT('',(0.316884009333637,-0.129072993682955,0.01151));
#7650=CARTESIAN_POINT('',(0.31823194574984,-0.1268027595083,0.01151));
#7651=CARTESIAN_POINT('',(0.315681491947353,-0.127485460923521,0.01151));
#7652=CARTESIAN_POINT('',(0.315561546943806,-0.127037367227659,0.01151));
#7653=CARTESIAN_POINT('',(0.315441601936625,-0.126589273532769,0.01151));
#7654=CARTESIAN_POINT('',(0.312771971855276,-0.12731689040922,0.01151));
#7655=CARTESIAN_POINT('',(0.310102341773927,-0.128044507285672,0.01151));
#7656=CARTESIAN_POINT('',(0.309885868812327,-0.128420274220148,0.01151));
#7657=CARTESIAN_POINT('',(0.309669395850727,-0.128796041154623,0.01151));
#7658=CARTESIAN_POINT('',(0.309661198572817,-0.128809979348383,0.01151));
#7659=CARTESIAN_POINT('',(0.309653001294907,-0.128823917542143,0.01151));
#7660=CARTESIAN_POINT('',(0.309439600473992,-0.129179585703385,0.01151));
#7661=CARTESIAN_POINT('',(0.309226199653077,-0.129535253864627,0.01151));
#7662=CARTESIAN_POINT('',(0.312203482192721,-0.14062545890164,0.01151));
#7663=CARTESIAN_POINT('',(0.315180764732365,-0.151715663938652,0.01151));
#7664=CARTESIAN_POINT('',(0.312630992993779,-0.152400177061,0.01151));
#7665=CARTESIAN_POINT('',(0.314918496293718,-0.153718214536873,0.01151));
#7666=CARTESIAN_POINT('',(0.314245106296579,-0.154886908043845,0.01151));
#7667=CARTESIAN_POINT('',(0.313571716299638,-0.15605560155093,0.01151));
#7668=CARTESIAN_POINT('',(0.31128423375767,-0.1547375760356,0.01151));
#7669=CARTESIAN_POINT('',(0.311966316753358,-0.15728797412732,0.01151));
#7670=CARTESIAN_POINT('',(0.305052763415094,-0.159136947112066,0.01151));
#7671=CARTESIAN_POINT('',(0.298139210076817,-0.160985920096766,0.01151));
#7672=CARTESIAN_POINT('',(0.298178445697707,-0.161169608970249,0.01151));
#7673=CARTESIAN_POINT('',(0.298217681318596,-0.161353297843731,0.01151));
#7674=CARTESIAN_POINT('',(0.29563582194447,-0.1619047784733,0.01151));
#7675=CARTESIAN_POINT('',(0.297922814157698,-0.163223791488953,0.01151));
#7676=CARTESIAN_POINT('',(0.297220054367681,-0.164442283003032,0.01151));
#7677=CARTESIAN_POINT('',(0.296517294577994,-0.165660774517302,0.01151));
#7678=CARTESIAN_POINT('',(0.29423063541144,-0.1643419535849,0.01151));
#7679=CARTESIAN_POINT('',(0.294915303504368,-0.166891331633749,0.01151));
#7680=CARTESIAN_POINT('',(0.286116675813673,-0.169254315666645,0.01151));
#7681=CARTESIAN_POINT('',(0.277318048124759,-0.171617299706171,0.01151));
#7682=CARTESIAN_POINT('',(0.271413837517413,-0.177528427298752,0.01151));
#7683=CARTESIAN_POINT('',(0.265509626910068,-0.183439554891332,0.01151));
#7684=CARTESIAN_POINT('',(0.2636416811928,-0.1815737949758,0.01151));
#7685=CARTESIAN_POINT('',(0.263641680387589,-0.184213924001454,0.01151));
#7686=CARTESIAN_POINT('',(0.260362873056555,-0.184213922999982,0.01151));
#7687=CARTESIAN_POINT('',(0.242148655585517,-0.170367532572277,0.01151));
#7688=CARTESIAN_POINT('',(0.229080198179354,-0.15729464592707,0.01151));
#7689=CARTESIAN_POINT('',(0.255217112991681,-0.183440419217486,0.01151));
#7690=CARTESIAN_POINT('',(0.25708406653064,-0.1815740982231,0.01151));
#7691=CARTESIAN_POINT('',(0.257084065725522,-0.18421392199998,0.01151));
#7692=CARTESIAN_POINT('',(0.260362873056555,-0.184213922999982,0.01151));
#7693=CARTESIAN_POINT('',(0.263641680387589,-0.184213924001454,0.01151));
#7694=CARTESIAN_POINT('',(0.2636416811928,-0.1815737949758,0.01151));
#7695=CARTESIAN_POINT('',(0.265509626910068,-0.183439554891332,0.01151));
#7696=CARTESIAN_POINT('',(0.271413837517413,-0.177528427298752,0.01151));
#7697=CARTESIAN_POINT('',(0.277318048124759,-0.171617299706171,0.01151));
#7698=CARTESIAN_POINT('',(0.286116675813673,-0.169254315666645,0.01151));
#7699=CARTESIAN_POINT('',(0.294915303504368,-0.166891331633749,0.01151));
#7700=CARTESIAN_POINT('',(0.29423063541144,-0.1643419535849,0.01151));
#7701=CARTESIAN_POINT('',(0.296517294577994,-0.165660774517302,0.01151));
#7702=CARTESIAN_POINT('',(0.297220054367681,-0.164442283003032,0.01151));
#7703=CARTESIAN_POINT('',(0.297922814157698,-0.163223791488953,0.01151));
#7704=CARTESIAN_POINT('',(0.29563582194447,-0.1619047784733,0.01151));
#7705=CARTESIAN_POINT('',(0.298217681318596,-0.161353297843731,0.01151));
#7706=CARTESIAN_POINT('',(0.298178445697707,-0.161169608970249,0.01151));
#7707=CARTESIAN_POINT('',(0.298139210076817,-0.160985920096766,0.01151));
#7708=CARTESIAN_POINT('',(0.305052763415094,-0.159136947112066,0.01151));
#7709=CARTESIAN_POINT('',(0.311966316753358,-0.15728797412732,0.01151));
#7710=CARTESIAN_POINT('',(0.31128423375767,-0.1547375760356,0.01151));
#7711=CARTESIAN_POINT('',(0.313571716299638,-0.15605560155093,0.01151));
#7712=CARTESIAN_POINT('',(0.314245106296579,-0.154886908043845,0.01151));
#7713=CARTESIAN_POINT('',(0.314918496293718,-0.153718214536873,0.01151));
#7714=CARTESIAN_POINT('',(0.312630992993779,-0.152400177061,0.01151));
#7715=CARTESIAN_POINT('',(0.315180764732365,-0.151715663938652,0.01151));
#7716=CARTESIAN_POINT('',(0.312203482192721,-0.14062545890164,0.01151));
#7717=CARTESIAN_POINT('',(0.309226199653077,-0.129535253864627,0.01151));
#7718=CARTESIAN_POINT('',(0.309439600473992,-0.129179585703385,0.01151));
#7719=CARTESIAN_POINT('',(0.309653001294907,-0.128823917542143,0.01151));
#7720=CARTESIAN_POINT('',(0.309661198572817,-0.128809979348383,0.01151));
#7721=CARTESIAN_POINT('',(0.309669395850727,-0.128796041154623,0.01151));
#7722=CARTESIAN_POINT('',(0.309885868812327,-0.128420274220148,0.01151));
#7723=CARTESIAN_POINT('',(0.310102341773927,-0.128044507285672,0.01151));
#7724=CARTESIAN_POINT('',(0.312771971855276,-0.12731689040922,0.01151));
#7725=CARTESIAN_POINT('',(0.315441601936625,-0.126589273532769,0.01151));
#7726=CARTESIAN_POINT('',(0.315561546943806,-0.127037367227659,0.01151));
#7727=CARTESIAN_POINT('',(0.315681491947353,-0.127485460923521,0.01151));
#7728=CARTESIAN_POINT('',(0.31823194574984,-0.1268027595083,0.01151));
#7729=CARTESIAN_POINT('',(0.316884009333637,-0.129072993682955,0.01151));
#7730=CARTESIAN_POINT('',(0.317533602836198,-0.129458685497309,0.01151));
#7731=CARTESIAN_POINT('',(0.31818319633875,-0.129844377311679,0.01151));
#7732=CARTESIAN_POINT('',(0.31953102986471,-0.1275743164278,0.01151));
#7733=CARTESIAN_POINT('',(0.320213076994547,-0.130124736656123,0.01151));
#7734=CARTESIAN_POINT('',(0.327020050956753,-0.128304378974578,0.01151));
#7735=CARTESIAN_POINT('',(0.333827024918959,-0.126484021293033,0.01151));
#7736=CARTESIAN_POINT('',(0.333910012645848,-0.126793338054897,0.01151));
#7737=CARTESIAN_POINT('',(0.333993000362235,-0.127102654819579,0.01151));
#7738=CARTESIAN_POINT('',(0.33654247097888,-0.1264186480106,0.01151));
#7739=CARTESIAN_POINT('',(0.335223786827085,-0.12870529135468,0.01151));
#7740=CARTESIAN_POINT('',(0.336572966163478,-0.129483349469181,0.01151));
#7741=CARTESIAN_POINT('',(0.337922145499009,-0.130261407585174,0.01151));
#7742=CARTESIAN_POINT('',(0.3392409268817,-0.1279745956394,0.01151));
#7743=CARTESIAN_POINT('',(0.339922877561408,-0.130524818466031,0.01151));
#7744=CARTESIAN_POINT('',(0.364948964025322,-0.123832635925632,0.01151));
#7745=CARTESIAN_POINT('',(0.389975050489707,-0.117140453387001,0.01151));
#7746=CARTESIAN_POINT('',(0.38929309586151,-0.1145902157946,0.01151));
#7747=CARTESIAN_POINT('',(0.391583500906252,-0.115902777645215,0.01151));
#7748=CARTESIAN_POINT('',(0.392413188583319,-0.11445498237353,0.01151));
#7749=CARTESIAN_POINT('',(0.393242876268592,-0.11300718710655,0.01151));
#7750=CARTESIAN_POINT('',(0.3909520534715,-0.1116943858547,0.01151));
#7751=CARTESIAN_POINT('',(0.393502539074689,-0.111011495410787,0.01151));
#7752=CARTESIAN_POINT('',(0.383824337631742,-0.0748649748890624,0.01151));
#7753=CARTESIAN_POINT('',(0.37414613619782,-0.0387184543649215,0.01151));
#7754=CARTESIAN_POINT('',(0.37159643986181,-0.03940113348319,0.01151));
#7755=CARTESIAN_POINT('',(0.373438831383686,-0.0375110023723953,0.01151));
#7756=CARTESIAN_POINT('',(0.371057328281866,-0.0351896495841912,0.01151));
#7757=CARTESIAN_POINT('',(0.368675825185095,-0.0328682967908075,0.01151));
#7758=CARTESIAN_POINT('',(0.36683323486888,-0.0347586318470499,0.01151));
#7759=CARTESIAN_POINT('',(0.36615131472928,-0.0322084376216799,0.01151));
#7760=CARTESIAN_POINT('',(0.343694491907496,-0.038213376226455,0.01151));
#7761=CARTESIAN_POINT('',(0.321237669085711,-0.0442183148312301,0.01151));
#7762=CARTESIAN_POINT('',(0.31868222056389,-0.0451674865847,0.01151));
#7763=CARTESIAN_POINT('',(0.320077074062871,-0.0428253448550764,0.01151));
#7764=CARTESIAN_POINT('',(0.318714352935859,-0.0420318582386182,0.01151));
#7765=CARTESIAN_POINT('',(0.317351631810631,-0.0412383716190999,0.01151));
#7766=CARTESIAN_POINT('',(0.3160233213594,-0.04351959058055,0.01151));
#7767=CARTESIAN_POINT('',(0.315340551221229,-0.0409696506767784,0.01151));
#7768=CARTESIAN_POINT('',(0.308382483445391,-0.042832738073344,0.01151));
#7769=CARTESIAN_POINT('',(0.301424415669557,-0.0446958254699084,0.01151));
#7770=CARTESIAN_POINT('',(0.29887170952201,-0.0456471999398396,0.01151));
#7771=CARTESIAN_POINT('',(0.300253204277566,-0.0432992445956873,0.01151));
#7772=CARTESIAN_POINT('',(0.299021888354323,-0.0425908201463239,0.01151));
#7773=CARTESIAN_POINT('',(0.297790572432212,-0.041882395694992,0.01151));
#7774=CARTESIAN_POINT('',(0.29647394855118,-0.04417082595893,0.01151));
#7775=CARTESIAN_POINT('',(0.295792216327688,-0.0416202078607194,0.01151));
#7776=CARTESIAN_POINT('',(0.28676403337114,-0.044033271284591,0.01151));
#7777=CARTESIAN_POINT('',(0.277735850414008,-0.0464463347062753,0.01151));
#7778=CARTESIAN_POINT('',(0.27841750516083,-0.0489966629349601,0.01151));
#7779=CARTESIAN_POINT('',(0.276129001424409,-0.0476807685973998,0.01151));
#7780=CARTESIAN_POINT('',(0.275334147745503,-0.0490631178956409,0.01151));
#7781=CARTESIAN_POINT('',(0.274539294066596,-0.050445467193882,0.01151));
#7782=CARTESIAN_POINT('',(0.27690041554304,-0.05177735993265,0.01151));
#7783=CARTESIAN_POINT('',(0.274221001415783,-0.0521891521481686,0.01151));
#7784=CARTESIAN_POINT('',(0.267423355857379,-0.0540160429282179,0.01151));
#7785=CARTESIAN_POINT('',(0.260625710298977,-0.0558429337082671,0.01151));
#7786=CARTESIAN_POINT('',(0.246592155300769,-0.0599898083662676,0.01151));
#7787=CARTESIAN_POINT('',(0.232558600302562,-0.0641366830242681,0.01151));
#7788=CARTESIAN_POINT('',(0.227693983307257,-0.061327644373287,0.01151));
#7789=CARTESIAN_POINT('',(0.222829366311973,-0.0585186057222704,0.01151));
#7790=CARTESIAN_POINT('',(0.2215091922958,-0.0608048472994699,0.01151));
#7791=CARTESIAN_POINT('',(0.200298504631194,-0.058164813,0.01151));
#7792=CARTESIAN_POINT('',(0.202095057655781,-0.0581648127457667,0.01151));
#7793=CARTESIAN_POINT('',(0.202095057655781,-0.0581648123728833,-8.99999999999981E-5));
#7794=CARTESIAN_POINT('',(0.200298504631194,-0.058164813,-8.99999999999963E-5));
#7795=CARTESIAN_POINT('',(0.193231952103229,-0.058164813999994,0.01151));
#7796=CARTESIAN_POINT('',(0.19323195247682,-0.0608048159356501,0.01151));
#7797=CARTESIAN_POINT('',(0.191865091822892,-0.0585462096899824,0.01151));
#7798=CARTESIAN_POINT('',(0.187252602811797,-0.0613375903292738,0.01151));
#7799=CARTESIAN_POINT('',(0.182640113800702,-0.0641289709685653,0.01151));
#7800=CARTESIAN_POINT('',(0.168175432030379,-0.0600774147010391,0.01151));
#7801=CARTESIAN_POINT('',(0.153710750260054,-0.0560258584335129,0.01151));
#7802=CARTESIAN_POINT('',(0.14694866248377,-0.0542085176607098,0.01151));
#7803=CARTESIAN_POINT('',(0.140186574707485,-0.0523911768879067,0.01151));
#7804=CARTESIAN_POINT('',(0.13758231579446,-0.0519581132842301,0.01151));
#7805=CARTESIAN_POINT('',(0.139870966843167,-0.0506421402799512,0.01151));
#7806=CARTESIAN_POINT('',(0.139078187015927,-0.0492633913412529,0.01151));
#7807=CARTESIAN_POINT('',(0.138285407190103,-0.0478846424017406,0.01151));
#7808=CARTESIAN_POINT('',(0.13599690405586,-0.0492005303552901,0.01151));
#7809=CARTESIAN_POINT('',(0.136678558768,-0.0466502059554551,0.01151));
#7810=CARTESIAN_POINT('',(0.127650422004632,-0.0442371513781649,0.01151));
#7811=CARTESIAN_POINT('',(0.118622285244253,-0.0418240967896892,0.01151));
#7812=CARTESIAN_POINT('',(0.11794049204855,-0.04437493930816,0.01151));
#7813=CARTESIAN_POINT('',(0.116623750867647,-0.0420863082509826,0.01151));
#7814=CARTESIAN_POINT('',(0.115392495012041,-0.04279469909634,0.01151));
#7815=CARTESIAN_POINT('',(0.114161239156434,-0.0435030899416973,0.01151));
#7816=CARTESIAN_POINT('',(0.11554258460506,-0.0458509940350099,0.01151));
#7817=CARTESIAN_POINT('',(0.113064410871641,-0.0447198778487474,0.01151));
#7818=CARTESIAN_POINT('',(0.112962717007486,-0.0447925213843426,0.01151));
#7819=CARTESIAN_POINT('',(0.112861023143331,-0.0448651649199378,0.01151));
#7820=CARTESIAN_POINT('',(0.105967518359629,-0.0430193655935834,0.01151));
#7821=CARTESIAN_POINT('',(0.0990740135764124,-0.0411735662654142,0.01151));
#7822=CARTESIAN_POINT('',(0.098391138932331,-0.04372389747338,0.01151));
#7823=CARTESIAN_POINT('',(0.0970626256757547,-0.0414423279352482,0.01151));
#7824=CARTESIAN_POINT('',(0.0956999554883467,-0.0422357840969197,0.01151));
#7825=CARTESIAN_POINT('',(0.0943372853009387,-0.0430292402585912,0.01151));
#7826=CARTESIAN_POINT('',(0.0957323378529911,-0.04537144631624,0.01151));
#7827=CARTESIAN_POINT('',(0.0931767524985446,-0.0444221916951748,0.01151));
#7828=CARTESIAN_POINT('',(0.0707201020339676,-0.0384173000042164,0.01151));
#7829=CARTESIAN_POINT('',(0.0482634515693936,-0.0324124083132461,0.01151));
#7830=CARTESIAN_POINT('',(0.047581481731905,-0.03496278874574,0.01151));
#7831=CARTESIAN_POINT('',(0.0457380056275192,-0.0330730482709174,0.01151));
#7832=CARTESIAN_POINT('',(0.0434630917985228,-0.035292267967572,0.01151));
#7833=CARTESIAN_POINT('',(0.0411881779678869,-0.0375114876625461,0.01151));
#7834=CARTESIAN_POINT('',(0.0430315116049522,-0.0394010820946501,0.01151));
#7835=CARTESIAN_POINT('',(0.0404815510806825,-0.0387183322620897,0.01151));
#7836=CARTESIAN_POINT('',(0.0308032996778584,-0.0748650405353252,0.01151));
#7837=CARTESIAN_POINT('',(0.021125048266078,-0.111011748806163,0.01151));
#7838=CARTESIAN_POINT('',(0.023674926778432,-0.1116944766801,0.01151));
#7839=CARTESIAN_POINT('',(0.0213846482054803,-0.113006963556079,0.01151));
#7840=CARTESIAN_POINT('',(0.0222144154179684,-0.114454900371357,0.01151));
#7841=CARTESIAN_POINT('',(0.0230441826232744,-0.115902837190751,0.01151));
#7842=CARTESIAN_POINT('',(0.025334439851091,-0.114590362547,0.01151));
#7843=CARTESIAN_POINT('',(0.0246525296916354,-0.117140434377984,0.01151));
#7844=CARTESIAN_POINT('',(0.0496786099810797,-0.123832613866174,0.01151));
#7845=CARTESIAN_POINT('',(0.0747046902705116,-0.130524793354409,0.01151));
#7846=CARTESIAN_POINT('',(0.075386696251376,-0.1279743631896,0.01151));
#7847=CARTESIAN_POINT('',(0.0767055781802562,-0.130261364860049,0.01151));
#7848=CARTESIAN_POINT('',(0.078054637676144,-0.129483381086315,0.01151));
#7849=CARTESIAN_POINT('',(0.0794036971725785,-0.12870539731353,0.01151));
#7850=CARTESIAN_POINT('',(0.0780847905453421,-0.126418352815,0.01151));
#7851=CARTESIAN_POINT('',(0.0806347058749628,-0.127102471984721,0.01151));
#7852=CARTESIAN_POINT('',(0.0807176682945126,-0.126793246407139,0.01151));
#7853=CARTESIAN_POINT('',(0.0808006307140625,-0.126484020829556,0.01151));
#7854=CARTESIAN_POINT('',(0.08760756224022,-0.128304369380124,0.01151));
#7855=CARTESIAN_POINT('',(0.0944144937648045,-0.130124717936574,0.01151));
#7856=CARTESIAN_POINT('',(0.095096600123529,-0.1275740793372,0.01151));
#7857=CARTESIAN_POINT('',(0.0964445659533945,-0.129844324794087,0.01151));
#7858=CARTESIAN_POINT('',(0.0970941708517271,-0.129458619713956,0.01151));
#7859=CARTESIAN_POINT('',(0.09774377575024,-0.129072914634128,0.01151));
#7860=CARTESIAN_POINT('',(0.096395974619868,-0.1268029465643,0.01151));
#7861=CARTESIAN_POINT('',(0.0989461398865304,-0.127485573868411,0.01151));
#7862=CARTESIAN_POINT('',(0.0990660998865654,-0.127037426213555,0.01151));
#7863=CARTESIAN_POINT('',(0.0991860598866004,-0.126589278558699,0.01151));
#7864=CARTESIAN_POINT('',(0.101855682677832,-0.127316887902066,0.01151));
#7865=CARTESIAN_POINT('',(0.104525305469064,-0.128044497245434,0.01151));
#7866=CARTESIAN_POINT('',(0.104745796130796,-0.128427237827509,0.01151));
#7867=CARTESIAN_POINT('',(0.104966286792529,-0.128809978409585,0.01151));
#7868=CARTESIAN_POINT('',(0.105183870754611,-0.129172616812507,0.01151));
#7869=CARTESIAN_POINT('',(0.105401454716692,-0.12953525521543,0.01151));
#7870=CARTESIAN_POINT('',(0.102424171189873,-0.140625464065532,0.01151));
#7871=CARTESIAN_POINT('',(0.0994468876628941,-0.151715672915591,0.01151));
#7872=CARTESIAN_POINT('',(0.10199662608243,-0.1524001770847,0.01151));
#7873=CARTESIAN_POINT('',(0.0997091497635411,-0.153718192280437,0.01151));
#7874=CARTESIAN_POINT('',(0.10038253104736,-0.154886876636507,0.01151));
#7875=CARTESIAN_POINT('',(0.101055912329749,-0.156055560993401,0.01151));
#7876=CARTESIAN_POINT('',(0.1033434721372,-0.1547374976926,0.01151));
#7877=CARTESIAN_POINT('',(0.102661366268402,-0.157287978493669,0.01151));
#7878=CARTESIAN_POINT('',(0.109574904188918,-0.159136949396632,0.01151));
#7879=CARTESIAN_POINT('',(0.116488442109434,-0.160985920299595,0.01151));
#7880=CARTESIAN_POINT('',(0.116449206183367,-0.161169612086823,0.01151));
#7881=CARTESIAN_POINT('',(0.116409970256682,-0.161353303873918,0.01151));
#7882=CARTESIAN_POINT('',(0.11899181296798,-0.1619047764861,0.01151));
#7883=CARTESIAN_POINT('',(0.116704834074729,-0.163223776625163,0.01151));
#7884=CARTESIAN_POINT('',(0.117407584937948,-0.164442257460607,0.01151));
#7885=CARTESIAN_POINT('',(0.118110335798618,-0.165660738297522,0.01151));
#7886=CARTESIAN_POINT('',(0.12039708459938,-0.1643418708628,0.01151));
#7887=CARTESIAN_POINT('',(0.119712391862425,-0.166891346736264,0.01151));
#7888=CARTESIAN_POINT('',(0.128511000703806,-0.169254320095495,0.01151));
#7889=CARTESIAN_POINT('',(0.137309609545186,-0.171617293454726,0.01151));
#7890=CARTESIAN_POINT('',(0.143213834404538,-0.177528439278849,0.01151));
#7891=CARTESIAN_POINT('',(0.149118059263897,-0.183439585102962,0.01151));
#7892=CARTESIAN_POINT('',(0.15098592639439,-0.181573904933,0.01151));
#7893=CARTESIAN_POINT('',(0.150985927199569,-0.184213922,0.01151));
#7894=CARTESIAN_POINT('',(0.154264643110238,-0.184213921000024,0.01151));
#7895=CARTESIAN_POINT('',(0.157543359020907,-0.184213920012682,0.01151));
#7896=CARTESIAN_POINT('',(0.15754335821561,-0.1815735139195,0.01151));
#7897=CARTESIAN_POINT('',(0.159410724211372,-0.183440245954632,0.01151));
#7898=CARTESIAN_POINT('',(0.172479090054307,-0.170367441965627,0.01151));
#7899=CARTESIAN_POINT('',(0.185547455897241,-0.15729463797662,0.01151));
#7900=CARTESIAN_POINT('',(0.191085585424372,-0.15729463748831,0.01151));
#7901=CARTESIAN_POINT('',(0.196623714951503,-0.157294637,0.01151));
#7902=CARTESIAN_POINT('',(0.212851956565428,-0.157294641463535,0.01151));
#7903=CARTESIAN_POINT('',(0.212095057802953,-0.0592048113306494,-0.00259));
#7904=CARTESIAN_POINT('',(0.212095057802953,-0.0592048113306494,-8.99999999999981E-5));
#7905=CARTESIAN_POINT('',(0.202095057802953,-0.0592048127457666,-0.00259));
#7906=CARTESIAN_POINT('',(0.202095057802953,-0.0592048127457666,-8.99999999999981E-5));
#7907=CARTESIAN_POINT('',(0.207095057802953,-0.059204812038208,-8.99999999999981E-5));
#7908=MECHANICAL_DESIGN_GEOMETRIC_PRESENTATION_REPRESENTATION('',(#4697),
#7909);
#7909=(
GEOMETRIC_REPRESENTATION_CONTEXT(3)
GLOBAL_UNCERTAINTY_ASSIGNED_CONTEXT((#7910))
GLOBAL_UNIT_ASSIGNED_CONTEXT((#7913,#7912,#7911))
REPRESENTATION_CONTEXT('Part 2','TOP_LEVEL_ASSEMBLY_PART')
);
#7910=UNCERTAINTY_MEASURE_WITH_UNIT(LENGTH_MEASURE(1.E-8),#7913,
'DISTANCE_ACCURACY_VALUE','Maximum Tolerance applied to model');
#7911=(
NAMED_UNIT(*)
SI_UNIT($,.STERADIAN.)
SOLID_ANGLE_UNIT()
);
#7912=(
NAMED_UNIT(*)
PLANE_ANGLE_UNIT()
SI_UNIT($,.RADIAN.)
);
#7913=(
LENGTH_UNIT()
NAMED_UNIT(*)
SI_UNIT($,.METRE.)
);
#7914=PRODUCT_DEFINITION_SHAPE('','',#7915);
#7915=PRODUCT_DEFINITION('','',#7917,#7916);
#7916=PRODUCT_DEFINITION_CONTEXT('',#7923,'design');
#7917=PRODUCT_DEFINITION_FORMATION_WITH_SPECIFIED_SOURCE('','',#7919,
 .NOT_KNOWN.);
#7918=PRODUCT_RELATED_PRODUCT_CATEGORY('','',(#7919));
#7919=PRODUCT('Part 2','Part 2','Part 2',(#7921));
#7920=PRODUCT_CATEGORY('','');
#7921=PRODUCT_CONTEXT('',#7923,'mechanical');
#7922=APPLICATION_PROTOCOL_DEFINITION('international standard',
'ap242_managed_model_based_3d_engineering',2020,#7923);
#7923=APPLICATION_CONTEXT('managed model based 3d engineering');
ENDSEC;
END-ISO-10303-21;
