ISO-10303-21;
HEADER;
/* Generated by software containing ST-Developer
 * from STEP Tools, Inc. (www.steptools.com) 
 */
/* OPTION: using custom renumber hook */

FILE_DESCRIPTION(
/* description */ ('STEP AP242 Edition 2',
'CAx-IF Rec.Pracs.---Representation and Presentation of Product Manufa
cturing Information (PMI)---4.0---2014-10-13',
'CAx-IF Rec.Pracs.---3D Tessellated Geometry---0.4---2014-09-14','2;1',
'CAx-IF Rec.Pracs.---User Defined Attributes---1.5---2016-08-15'),
/* implementation_level */ '2;1');

FILE_NAME(
/* name */ 'Part Studio 2 - Part 2',
/* time_stamp */ '2026-08-06T14:09:20Z',
/* author */ (''),
/* organization */ (''),
/* preprocessor_version */ 'ST-DEVELOPER v20',
/* originating_system */ 'ONSHAPE BY PTC INC, 1.218',
/* authorisation */ '  ');

FILE_SCHEMA (('AP242_MANAGED_MODEL_BASED_3D_ENGINEERING_MIM_LF { 1 0 10303 442 3 1 4 }'));
ENDSEC;

DATA;
#10=SHAPE_REPRESENTATION_RELATIONSHIP('','',#8722,#11);
#11=ADVANCED_BREP_SHAPE_REPRESENTATION('',(#8720),#14168);
#12=B_SPLINE_CURVE_WITH_KNOTS('',3,(#13191,#13192,#13193,#13194),
 .UNSPECIFIED.,.F.,.F.,(4,4),(0.,1.),.UNSPECIFIED.);
#13=B_SPLINE_CURVE_WITH_KNOTS('',3,(#13198,#13199,#13200,#13201),
 .UNSPECIFIED.,.F.,.F.,(4,4),(0.,1.),.UNSPECIFIED.);
#14=CIRCLE('',#8731,0.00344988204071672);
#15=CIRCLE('',#8732,0.00344988204071672);
#16=CIRCLE('',#8734,0.00344988204071656);
#17=CIRCLE('',#8735,0.00344988204071656);
#18=CIRCLE('',#8737,0.00344993279968929);
#19=CIRCLE('',#8738,0.00344993279968929);
#20=CIRCLE('',#8740,0.00344993175850559);
#21=CIRCLE('',#8741,0.00344993175850559);
#22=CIRCLE('',#8743,0.00344993175842673);
#23=CIRCLE('',#8744,0.00344993175842673);
#24=CIRCLE('',#8746,0.00344988204071674);
#25=CIRCLE('',#8747,0.00344988204071674);
#26=CIRCLE('',#8749,0.00344988204071666);
#27=CIRCLE('',#8750,0.00344988204071666);
#28=CIRCLE('',#8752,0.00344993279968923);
#29=CIRCLE('',#8753,0.00344993279968923);
#30=CIRCLE('',#8755,0.00344993175850541);
#31=CIRCLE('',#8756,0.00344993175850541);
#32=CIRCLE('',#8758,0.00344993175850549);
#33=CIRCLE('',#8759,0.00344993175850549);
#34=CIRCLE('',#8761,0.0034498820407168);
#35=CIRCLE('',#8762,0.0034498820407168);
#36=CIRCLE('',#8764,0.00344988204071677);
#37=CIRCLE('',#8765,0.00344988204071677);
#38=CIRCLE('',#8767,0.003449932799628);
#39=CIRCLE('',#8768,0.003449932799628);
#40=CIRCLE('',#8770,0.00344993175850555);
#41=CIRCLE('',#8771,0.00344993175850555);
#42=CIRCLE('',#8773,0.00344993175850551);
#43=CIRCLE('',#8774,0.00344993175850551);
#44=CIRCLE('',#8776,0.00344988204071676);
#45=CIRCLE('',#8777,0.00344988204071676);
#46=CIRCLE('',#8779,0.00344988204071676);
#47=CIRCLE('',#8780,0.00344988204071676);
#48=CIRCLE('',#8782,0.00344993279968931);
#49=CIRCLE('',#8783,0.00344993279968931);
#50=CIRCLE('',#8785,0.00344993175850551);
#51=CIRCLE('',#8786,0.00344993175850551);
#52=CIRCLE('',#8788,0.00344993175850554);
#53=CIRCLE('',#8789,0.00344993175850554);
#54=CIRCLE('',#8791,0.00244992214034816);
#55=CIRCLE('',#8792,0.00244992214034816);
#56=CIRCLE('',#8794,0.00244992214034801);
#57=CIRCLE('',#8795,0.00244992214034801);
#58=CIRCLE('',#8797,0.00244995303677413);
#59=CIRCLE('',#8798,0.00244995303677413);
#60=CIRCLE('',#8800,0.00244995351353197);
#61=CIRCLE('',#8801,0.00244995351353197);
#62=CIRCLE('',#8803,0.00244995351347029);
#63=CIRCLE('',#8804,0.00244995351347029);
#64=CIRCLE('',#8806,0.00244992214034815);
#65=CIRCLE('',#8807,0.00244992214034815);
#66=CIRCLE('',#8809,0.00244992214034802);
#67=CIRCLE('',#8810,0.00244992214034802);
#68=CIRCLE('',#8812,0.00244995303683641);
#69=CIRCLE('',#8813,0.00244995303683641);
#70=CIRCLE('',#8815,0.00244995351353195);
#71=CIRCLE('',#8816,0.00244995351353195);
#72=CIRCLE('',#8818,0.00244995351353187);
#73=CIRCLE('',#8819,0.00244995351353187);
#74=CIRCLE('',#8821,0.00244992214034814);
#75=CIRCLE('',#8822,0.00244992214034814);
#76=CIRCLE('',#8824,0.0024499221403481);
#77=CIRCLE('',#8825,0.0024499221403481);
#78=CIRCLE('',#8827,0.0024499530368365);
#79=CIRCLE('',#8828,0.0024499530368365);
#80=CIRCLE('',#8830,0.00244995351346953);
#81=CIRCLE('',#8831,0.00244995351346953);
#82=CIRCLE('',#8833,0.00244995351353195);
#83=CIRCLE('',#8834,0.00244995351353195);
#84=CIRCLE('',#8836,0.00244992214034816);
#85=CIRCLE('',#8837,0.00244992214034816);
#86=CIRCLE('',#8839,0.00244992214034809);
#87=CIRCLE('',#8840,0.00244992214034809);
#88=CIRCLE('',#8842,0.0024499530368365);
#89=CIRCLE('',#8843,0.0024499530368365);
#90=CIRCLE('',#8845,0.00244995351347022);
#91=CIRCLE('',#8846,0.00244995351347022);
#92=CIRCLE('',#8848,0.00244995351353196);
#93=CIRCLE('',#8849,0.00244995351353196);
#94=CIRCLE('',#9014,0.000996578046249723);
#95=CIRCLE('',#9015,0.000996578046249723);
#96=CIRCLE('',#9017,0.000996765542053974);
#97=CIRCLE('',#9018,0.000996765542053974);
#98=CIRCLE('',#9021,0.00100002056259);
#99=CIRCLE('',#9022,0.00100002056259);
#100=CIRCLE('',#9025,0.000999849939246);
#101=CIRCLE('',#9026,0.000999849939246);
#102=CIRCLE('',#9029,0.001000386243667);
#103=CIRCLE('',#9030,0.001000386243667);
#104=CIRCLE('',#9033,0.001084108823053);
#105=CIRCLE('',#9034,0.001084108823053);
#106=CIRCLE('',#9038,0.001000171784156);
#107=CIRCLE('',#9039,0.001000171784156);
#108=CIRCLE('',#9042,0.001086187968478);
#109=CIRCLE('',#9043,0.001086187968478);
#110=CIRCLE('',#9045,0.001029351269095);
#111=CIRCLE('',#9046,0.001029351269095);
#112=CIRCLE('',#9049,0.000999985456341);
#113=CIRCLE('',#9050,0.000999985456341);
#114=CIRCLE('',#9053,0.000999781433258);
#115=CIRCLE('',#9054,0.000999781433258);
#116=CIRCLE('',#9057,0.000999696531349);
#117=CIRCLE('',#9058,0.000999696531349);
#118=CIRCLE('',#9061,0.000999671922807);
#119=CIRCLE('',#9062,0.000999671922807);
#120=CIRCLE('',#9065,0.001000042837437);
#121=CIRCLE('',#9066,0.001000042837437);
#122=CIRCLE('',#9069,0.001000092276725);
#123=CIRCLE('',#9070,0.001000092276725);
#124=CIRCLE('',#9073,0.001000104182452);
#125=CIRCLE('',#9074,0.001000104182452);
#126=CIRCLE('',#9077,0.000999856995178);
#127=CIRCLE('',#9078,0.000999856995178);
#128=CIRCLE('',#9081,0.00100027012808);
#129=CIRCLE('',#9082,0.00100027012808);
#130=CIRCLE('',#9085,0.000999947523166);
#131=CIRCLE('',#9086,0.000999947523166);
#132=CIRCLE('',#9089,0.000999939731026);
#133=CIRCLE('',#9090,0.000999939731026);
#134=CIRCLE('',#9093,0.001000164595661);
#135=CIRCLE('',#9094,0.001000164595661);
#136=CIRCLE('',#9098,0.00099979914389);
#137=CIRCLE('',#9099,0.00099979914389);
#138=CIRCLE('',#9102,0.001000021205518);
#139=CIRCLE('',#9103,0.001000021205518);
#140=CIRCLE('',#9106,0.001000117561318);
#141=CIRCLE('',#9107,0.001000117561318);
#142=CIRCLE('',#9110,0.001000164522626);
#143=CIRCLE('',#9111,0.001000164522626);
#144=CIRCLE('',#9114,0.001000515592789);
#145=CIRCLE('',#9115,0.001000515592789);
#146=CIRCLE('',#9118,0.00100008216309);
#147=CIRCLE('',#9119,0.00100008216309);
#148=CIRCLE('',#9122,0.000999816544413);
#149=CIRCLE('',#9123,0.000999816544413);
#150=CIRCLE('',#9126,0.001000382629091);
#151=CIRCLE('',#9127,0.001000382629091);
#152=CIRCLE('',#9130,0.001000017066946);
#153=CIRCLE('',#9131,0.001000017066946);
#154=CIRCLE('',#9134,0.001000406093182);
#155=CIRCLE('',#9135,0.001000406093182);
#156=CIRCLE('',#9138,0.000999831152617);
#157=CIRCLE('',#9139,0.000999831152617);
#158=CIRCLE('',#9143,0.000999998105466);
#159=CIRCLE('',#9144,0.000999998105466);
#160=CIRCLE('',#9147,0.000999823778908);
#161=CIRCLE('',#9148,0.000999823778908);
#162=CIRCLE('',#9151,0.001000129025654);
#163=CIRCLE('',#9152,0.001000129025654);
#164=CIRCLE('',#9155,0.001000374961784);
#165=CIRCLE('',#9156,0.001000374961784);
#166=CIRCLE('',#9159,0.000999715672838);
#167=CIRCLE('',#9160,0.000999715672838);
#168=CIRCLE('',#9163,0.001000100134242);
#169=CIRCLE('',#9164,0.001000100134242);
#170=CIRCLE('',#9167,0.001000052003396);
#171=CIRCLE('',#9168,0.001000052003396);
#172=CIRCLE('',#9171,0.001000192880249);
#173=CIRCLE('',#9172,0.001000192880249);
#174=CIRCLE('',#9175,0.001000031749668);
#175=CIRCLE('',#9176,0.001000031749668);
#176=CIRCLE('',#9179,0.001000055706805);
#177=CIRCLE('',#9180,0.001000055706805);
#178=CIRCLE('',#9183,0.001000019576318);
#179=CIRCLE('',#9184,0.001000019576318);
#180=CIRCLE('',#9188,0.00099998240259);
#181=CIRCLE('',#9189,0.00099998240259);
#182=CIRCLE('',#9192,0.00099994350649);
#183=CIRCLE('',#9193,0.00099994350649);
#184=CIRCLE('',#9195,0.000999917294389903);
#185=CIRCLE('',#9196,0.000999917294389903);
#186=CIRCLE('',#9199,0.001000245409231);
#187=CIRCLE('',#9200,0.001000245409231);
#188=CIRCLE('',#9203,0.001000043868995);
#189=CIRCLE('',#9204,0.001000043868995);
#190=CIRCLE('',#9207,0.000999582291001001);
#191=CIRCLE('',#9208,0.000999582291001001);
#192=CIRCLE('',#9211,0.000999842225771);
#193=CIRCLE('',#9212,0.000999842225771);
#194=CIRCLE('',#9215,0.000999633637433);
#195=CIRCLE('',#9216,0.000999633637433);
#196=CIRCLE('',#9219,0.00099982825401);
#197=CIRCLE('',#9220,0.00099982825401);
#198=CIRCLE('',#9223,0.000999843535632);
#199=CIRCLE('',#9224,0.000999843535632);
#200=CIRCLE('',#9227,0.001000325020624);
#201=CIRCLE('',#9228,0.001000325020624);
#202=CIRCLE('',#9231,0.00099950794361);
#203=CIRCLE('',#9232,0.00099950794361);
#204=CIRCLE('',#9235,0.000999792737748);
#205=CIRCLE('',#9236,0.000999792737748);
#206=CIRCLE('',#9239,0.00102966926350688);
#207=CIRCLE('',#9240,0.00102966926350688);
#208=CIRCLE('',#9242,0.0010295893947495);
#209=CIRCLE('',#9243,0.0010295893947495);
#210=CIRCLE('',#9245,0.001086030844518);
#211=CIRCLE('',#9246,0.001086030844518);
#212=CIRCLE('',#9249,0.000999766770934);
#213=CIRCLE('',#9250,0.000999766770934);
#214=CIRCLE('',#9253,0.001028909095728);
#215=CIRCLE('',#9254,0.001028909095728);
#216=CIRCLE('',#9256,0.001084228708784);
#217=CIRCLE('',#9257,0.001084228708784);
#218=CIRCLE('',#9260,0.00100015369193);
#219=CIRCLE('',#9261,0.00100015369193);
#220=CIRCLE('',#9264,0.000999853645165);
#221=CIRCLE('',#9265,0.000999853645165);
#222=CIRCLE('',#9268,0.001070873087053);
#223=CIRCLE('',#9269,0.001070873087053);
#224=CIRCLE('',#9271,0.001023764694967);
#225=CIRCLE('',#9272,0.001023764694967);
#226=CIRCLE('',#9276,0.000999972313821);
#227=CIRCLE('',#9277,0.000999972313821);
#228=CIRCLE('',#9280,0.001000030299503);
#229=CIRCLE('',#9281,0.001000030299503);
#230=CIRCLE('',#9285,0.001000001935656);
#231=CIRCLE('',#9286,0.001000001935656);
#232=CIRCLE('',#9289,0.000999809111602);
#233=CIRCLE('',#9290,0.000999809111602);
#234=CIRCLE('',#9294,0.00344993279968931);
#235=CIRCLE('',#9295,0.00344993279968931);
#236=CIRCLE('',#9297,0.0034499327996016);
#237=CIRCLE('',#9298,0.0034499327996016);
#238=CIRCLE('',#9300,0.0034499327996893);
#239=CIRCLE('',#9301,0.0034499327996893);
#240=CIRCLE('',#9303,0.00344993279968935);
#241=CIRCLE('',#9304,0.00344993279968935);
#242=CIRCLE('',#9306,0.00244995303683638);
#243=CIRCLE('',#9307,0.00244995303683638);
#244=CIRCLE('',#9309,0.00244995303679283);
#245=CIRCLE('',#9310,0.00244995303679283);
#246=CIRCLE('',#9312,0.00244995303679585);
#247=CIRCLE('',#9313,0.00244995303679585);
#248=CIRCLE('',#9315,0.0024499530368364);
#249=CIRCLE('',#9316,0.0024499530368364);
#250=CYLINDRICAL_SURFACE('',#8730,0.00344997354011065);
#251=CYLINDRICAL_SURFACE('',#8733,0.00344997354011013);
#252=CYLINDRICAL_SURFACE('',#8736,0.00344993279968929);
#253=CYLINDRICAL_SURFACE('',#8739,0.00344993175850559);
#254=CYLINDRICAL_SURFACE('',#8742,0.00344993175842673);
#255=CYLINDRICAL_SURFACE('',#8745,0.00344997354010877);
#256=CYLINDRICAL_SURFACE('',#8748,0.00344997354010897);
#257=CYLINDRICAL_SURFACE('',#8751,0.00344993279968923);
#258=CYLINDRICAL_SURFACE('',#8754,0.00344993175850541);
#259=CYLINDRICAL_SURFACE('',#8757,0.00344993175850549);
#260=CYLINDRICAL_SURFACE('',#8760,0.00344997354011075);
#261=CYLINDRICAL_SURFACE('',#8763,0.00344997354011061);
#262=CYLINDRICAL_SURFACE('',#8766,0.003449932799628);
#263=CYLINDRICAL_SURFACE('',#8769,0.00344993175850555);
#264=CYLINDRICAL_SURFACE('',#8772,0.00344993175850551);
#265=CYLINDRICAL_SURFACE('',#8775,0.00344997354011062);
#266=CYLINDRICAL_SURFACE('',#8778,0.00344997354011063);
#267=CYLINDRICAL_SURFACE('',#8781,0.00344993279968931);
#268=CYLINDRICAL_SURFACE('',#8784,0.00344993175850551);
#269=CYLINDRICAL_SURFACE('',#8787,0.00344993175850554);
#270=CYLINDRICAL_SURFACE('',#8790,0.00244998710056904);
#271=CYLINDRICAL_SURFACE('',#8793,0.00244998710056884);
#272=CYLINDRICAL_SURFACE('',#8796,0.00244995303677413);
#273=CYLINDRICAL_SURFACE('',#8799,0.00244995351353197);
#274=CYLINDRICAL_SURFACE('',#8802,0.00244995351347029);
#275=CYLINDRICAL_SURFACE('',#8805,0.00244998710056906);
#276=CYLINDRICAL_SURFACE('',#8808,0.00244998710056755);
#277=CYLINDRICAL_SURFACE('',#8811,0.00244995303683641);
#278=CYLINDRICAL_SURFACE('',#8814,0.00244995351353195);
#279=CYLINDRICAL_SURFACE('',#8817,0.00244995351353187);
#280=CYLINDRICAL_SURFACE('',#8820,0.00244998710056817);
#281=CYLINDRICAL_SURFACE('',#8823,0.00244998710056797);
#282=CYLINDRICAL_SURFACE('',#8826,0.0024499530368365);
#283=CYLINDRICAL_SURFACE('',#8829,0.00244995351346953);
#284=CYLINDRICAL_SURFACE('',#8832,0.00244995351353195);
#285=CYLINDRICAL_SURFACE('',#8835,0.00244998710056908);
#286=CYLINDRICAL_SURFACE('',#8838,0.00244998710056787);
#287=CYLINDRICAL_SURFACE('',#8841,0.0024499530368365);
#288=CYLINDRICAL_SURFACE('',#8844,0.00244995351347022);
#289=CYLINDRICAL_SURFACE('',#8847,0.00244995351353196);
#290=CYLINDRICAL_SURFACE('',#9013,0.000996578046249723);
#291=CYLINDRICAL_SURFACE('',#9016,0.000996765542053974);
#292=CYLINDRICAL_SURFACE('',#9020,0.00100002056259);
#293=CYLINDRICAL_SURFACE('',#9024,0.000999849939246);
#294=CYLINDRICAL_SURFACE('',#9028,0.001000386243667);
#295=CYLINDRICAL_SURFACE('',#9032,0.001084108823053);
#296=CYLINDRICAL_SURFACE('',#9037,0.001000171784156);
#297=CYLINDRICAL_SURFACE('',#9041,0.001086187968478);
#298=CYLINDRICAL_SURFACE('',#9044,0.001029351269095);
#299=CYLINDRICAL_SURFACE('',#9048,0.000999985456341);
#300=CYLINDRICAL_SURFACE('',#9052,0.000999781433258);
#301=CYLINDRICAL_SURFACE('',#9056,0.000999696531349);
#302=CYLINDRICAL_SURFACE('',#9060,0.000999671922807);
#303=CYLINDRICAL_SURFACE('',#9064,0.001000042837437);
#304=CYLINDRICAL_SURFACE('',#9068,0.001000092276725);
#305=CYLINDRICAL_SURFACE('',#9072,0.001000104182452);
#306=CYLINDRICAL_SURFACE('',#9076,0.000999856995178);
#307=CYLINDRICAL_SURFACE('',#9080,0.00100027012808);
#308=CYLINDRICAL_SURFACE('',#9084,0.000999947523166);
#309=CYLINDRICAL_SURFACE('',#9088,0.000999939731026);
#310=CYLINDRICAL_SURFACE('',#9092,0.001000164595661);
#311=CYLINDRICAL_SURFACE('',#9097,0.00099979914389);
#312=CYLINDRICAL_SURFACE('',#9101,0.001000021205518);
#313=CYLINDRICAL_SURFACE('',#9105,0.001000117561318);
#314=CYLINDRICAL_SURFACE('',#9109,0.001000164522626);
#315=CYLINDRICAL_SURFACE('',#9113,0.001000515592789);
#316=CYLINDRICAL_SURFACE('',#9117,0.00100008216309);
#317=CYLINDRICAL_SURFACE('',#9121,0.000999816544413);
#318=CYLINDRICAL_SURFACE('',#9125,0.001000382629091);
#319=CYLINDRICAL_SURFACE('',#9129,0.001000017066946);
#320=CYLINDRICAL_SURFACE('',#9133,0.001000406093182);
#321=CYLINDRICAL_SURFACE('',#9137,0.000999831152617);
#322=CYLINDRICAL_SURFACE('',#9142,0.000999998105466);
#323=CYLINDRICAL_SURFACE('',#9146,0.000999823778908);
#324=CYLINDRICAL_SURFACE('',#9150,0.001000129025654);
#325=CYLINDRICAL_SURFACE('',#9154,0.001000374961784);
#326=CYLINDRICAL_SURFACE('',#9158,0.000999715672838);
#327=CYLINDRICAL_SURFACE('',#9162,0.001000100134242);
#328=CYLINDRICAL_SURFACE('',#9166,0.001000052003396);
#329=CYLINDRICAL_SURFACE('',#9170,0.001000192880249);
#330=CYLINDRICAL_SURFACE('',#9174,0.001000031749668);
#331=CYLINDRICAL_SURFACE('',#9178,0.001000055706805);
#332=CYLINDRICAL_SURFACE('',#9182,0.001000019576318);
#333=CYLINDRICAL_SURFACE('',#9187,0.00099998240259);
#334=CYLINDRICAL_SURFACE('',#9191,0.00099994350649);
#335=CYLINDRICAL_SURFACE('',#9194,0.000999917294389903);
#336=CYLINDRICAL_SURFACE('',#9198,0.001000245409231);
#337=CYLINDRICAL_SURFACE('',#9202,0.001000043868995);
#338=CYLINDRICAL_SURFACE('',#9206,0.000999582291001001);
#339=CYLINDRICAL_SURFACE('',#9210,0.000999842225771);
#340=CYLINDRICAL_SURFACE('',#9214,0.000999633637433);
#341=CYLINDRICAL_SURFACE('',#9218,0.00099982825401);
#342=CYLINDRICAL_SURFACE('',#9222,0.000999843535632);
#343=CYLINDRICAL_SURFACE('',#9226,0.001000325020624);
#344=CYLINDRICAL_SURFACE('',#9230,0.00099950794361);
#345=CYLINDRICAL_SURFACE('',#9234,0.000999792737748);
#346=CYLINDRICAL_SURFACE('',#9238,0.00102966926350688);
#347=CYLINDRICAL_SURFACE('',#9241,0.0010295893947495);
#348=CYLINDRICAL_SURFACE('',#9244,0.001086030844518);
#349=CYLINDRICAL_SURFACE('',#9248,0.000999766770934);
#350=CYLINDRICAL_SURFACE('',#9252,0.001028909095728);
#351=CYLINDRICAL_SURFACE('',#9255,0.001084228708784);
#352=CYLINDRICAL_SURFACE('',#9259,0.00100015369193);
#353=CYLINDRICAL_SURFACE('',#9263,0.000999853645165);
#354=CYLINDRICAL_SURFACE('',#9267,0.001070873087053);
#355=CYLINDRICAL_SURFACE('',#9270,0.001023764694967);
#356=CYLINDRICAL_SURFACE('',#9275,0.000999972313821);
#357=CYLINDRICAL_SURFACE('',#9279,0.001000030299503);
#358=CYLINDRICAL_SURFACE('',#9284,0.001000001935656);
#359=CYLINDRICAL_SURFACE('',#9288,0.000999809111602);
#360=CYLINDRICAL_SURFACE('',#9293,0.00344993279968931);
#361=CYLINDRICAL_SURFACE('',#9296,0.0034499327996016);
#362=CYLINDRICAL_SURFACE('',#9299,0.0034499327996893);
#363=CYLINDRICAL_SURFACE('',#9302,0.00344993279968935);
#364=CYLINDRICAL_SURFACE('',#9305,0.00244995303683638);
#365=CYLINDRICAL_SURFACE('',#9308,0.00244995303679283);
#366=CYLINDRICAL_SURFACE('',#9311,0.00244995303679585);
#367=CYLINDRICAL_SURFACE('',#9314,0.0024499530368364);
#368=ORIENTED_EDGE('',*,*,#2846,.T.);
#369=ORIENTED_EDGE('',*,*,#2847,.F.);
#370=ORIENTED_EDGE('',*,*,#2848,.F.);
#371=ORIENTED_EDGE('',*,*,#2849,.T.);
#372=ORIENTED_EDGE('',*,*,#2850,.T.);
#373=ORIENTED_EDGE('',*,*,#2851,.F.);
#374=ORIENTED_EDGE('',*,*,#2852,.F.);
#375=ORIENTED_EDGE('',*,*,#2847,.T.);
#376=ORIENTED_EDGE('',*,*,#2853,.T.);
#377=ORIENTED_EDGE('',*,*,#2854,.F.);
#378=ORIENTED_EDGE('',*,*,#2855,.F.);
#379=ORIENTED_EDGE('',*,*,#2851,.T.);
#380=ORIENTED_EDGE('',*,*,#2856,.F.);
#381=ORIENTED_EDGE('',*,*,#2857,.F.);
#382=ORIENTED_EDGE('',*,*,#2858,.T.);
#383=ORIENTED_EDGE('',*,*,#2859,.T.);
#384=ORIENTED_EDGE('',*,*,#2860,.T.);
#385=ORIENTED_EDGE('',*,*,#2861,.F.);
#386=ORIENTED_EDGE('',*,*,#2862,.F.);
#387=ORIENTED_EDGE('',*,*,#2857,.T.);
#388=ORIENTED_EDGE('',*,*,#2863,.F.);
#389=ORIENTED_EDGE('',*,*,#2864,.F.);
#390=ORIENTED_EDGE('',*,*,#2865,.T.);
#391=ORIENTED_EDGE('',*,*,#2861,.T.);
#392=ORIENTED_EDGE('',*,*,#2866,.F.);
#393=ORIENTED_EDGE('',*,*,#2867,.F.);
#394=ORIENTED_EDGE('',*,*,#2868,.T.);
#395=ORIENTED_EDGE('',*,*,#2869,.T.);
#396=ORIENTED_EDGE('',*,*,#2870,.F.);
#397=ORIENTED_EDGE('',*,*,#2871,.F.);
#398=ORIENTED_EDGE('',*,*,#2872,.T.);
#399=ORIENTED_EDGE('',*,*,#2867,.T.);
#400=ORIENTED_EDGE('',*,*,#2873,.F.);
#401=ORIENTED_EDGE('',*,*,#2874,.F.);
#402=ORIENTED_EDGE('',*,*,#2875,.T.);
#403=ORIENTED_EDGE('',*,*,#2871,.T.);
#404=ORIENTED_EDGE('',*,*,#2876,.F.);
#405=ORIENTED_EDGE('',*,*,#2877,.F.);
#406=ORIENTED_EDGE('',*,*,#2878,.T.);
#407=ORIENTED_EDGE('',*,*,#2874,.T.);
#408=ORIENTED_EDGE('',*,*,#2879,.F.);
#409=ORIENTED_EDGE('',*,*,#2880,.F.);
#410=ORIENTED_EDGE('',*,*,#2881,.T.);
#411=ORIENTED_EDGE('',*,*,#2877,.T.);
#412=ORIENTED_EDGE('',*,*,#2882,.F.);
#413=ORIENTED_EDGE('',*,*,#2883,.F.);
#414=ORIENTED_EDGE('',*,*,#2884,.T.);
#415=ORIENTED_EDGE('',*,*,#2885,.T.);
#416=ORIENTED_EDGE('',*,*,#2886,.F.);
#417=ORIENTED_EDGE('',*,*,#2887,.F.);
#418=ORIENTED_EDGE('',*,*,#2888,.T.);
#419=ORIENTED_EDGE('',*,*,#2883,.T.);
#420=ORIENTED_EDGE('',*,*,#2889,.F.);
#421=ORIENTED_EDGE('',*,*,#2890,.F.);
#422=ORIENTED_EDGE('',*,*,#2891,.T.);
#423=ORIENTED_EDGE('',*,*,#2887,.T.);
#424=ORIENTED_EDGE('',*,*,#2892,.F.);
#425=ORIENTED_EDGE('',*,*,#2893,.F.);
#426=ORIENTED_EDGE('',*,*,#2894,.T.);
#427=ORIENTED_EDGE('',*,*,#2890,.T.);
#428=ORIENTED_EDGE('',*,*,#2895,.F.);
#429=ORIENTED_EDGE('',*,*,#2896,.F.);
#430=ORIENTED_EDGE('',*,*,#2897,.T.);
#431=ORIENTED_EDGE('',*,*,#2893,.T.);
#432=ORIENTED_EDGE('',*,*,#2898,.F.);
#433=ORIENTED_EDGE('',*,*,#2899,.F.);
#434=ORIENTED_EDGE('',*,*,#2900,.T.);
#435=ORIENTED_EDGE('',*,*,#2901,.T.);
#436=ORIENTED_EDGE('',*,*,#2902,.F.);
#437=ORIENTED_EDGE('',*,*,#2903,.F.);
#438=ORIENTED_EDGE('',*,*,#2904,.T.);
#439=ORIENTED_EDGE('',*,*,#2899,.T.);
#440=ORIENTED_EDGE('',*,*,#2905,.F.);
#441=ORIENTED_EDGE('',*,*,#2906,.F.);
#442=ORIENTED_EDGE('',*,*,#2907,.T.);
#443=ORIENTED_EDGE('',*,*,#2903,.T.);
#444=ORIENTED_EDGE('',*,*,#2908,.F.);
#445=ORIENTED_EDGE('',*,*,#2909,.F.);
#446=ORIENTED_EDGE('',*,*,#2910,.T.);
#447=ORIENTED_EDGE('',*,*,#2906,.T.);
#448=ORIENTED_EDGE('',*,*,#2911,.F.);
#449=ORIENTED_EDGE('',*,*,#2912,.F.);
#450=ORIENTED_EDGE('',*,*,#2913,.T.);
#451=ORIENTED_EDGE('',*,*,#2909,.T.);
#452=ORIENTED_EDGE('',*,*,#2914,.F.);
#453=ORIENTED_EDGE('',*,*,#2915,.F.);
#454=ORIENTED_EDGE('',*,*,#2916,.T.);
#455=ORIENTED_EDGE('',*,*,#2917,.T.);
#456=ORIENTED_EDGE('',*,*,#2918,.F.);
#457=ORIENTED_EDGE('',*,*,#2919,.F.);
#458=ORIENTED_EDGE('',*,*,#2920,.T.);
#459=ORIENTED_EDGE('',*,*,#2915,.T.);
#460=ORIENTED_EDGE('',*,*,#2921,.F.);
#461=ORIENTED_EDGE('',*,*,#2922,.F.);
#462=ORIENTED_EDGE('',*,*,#2923,.T.);
#463=ORIENTED_EDGE('',*,*,#2919,.T.);
#464=ORIENTED_EDGE('',*,*,#2924,.F.);
#465=ORIENTED_EDGE('',*,*,#2925,.F.);
#466=ORIENTED_EDGE('',*,*,#2926,.T.);
#467=ORIENTED_EDGE('',*,*,#2922,.T.);
#468=ORIENTED_EDGE('',*,*,#2927,.F.);
#469=ORIENTED_EDGE('',*,*,#2928,.F.);
#470=ORIENTED_EDGE('',*,*,#2929,.T.);
#471=ORIENTED_EDGE('',*,*,#2925,.T.);
#472=ORIENTED_EDGE('',*,*,#2930,.F.);
#473=ORIENTED_EDGE('',*,*,#2931,.F.);
#474=ORIENTED_EDGE('',*,*,#2932,.T.);
#475=ORIENTED_EDGE('',*,*,#2933,.T.);
#476=ORIENTED_EDGE('',*,*,#2934,.F.);
#477=ORIENTED_EDGE('',*,*,#2935,.F.);
#478=ORIENTED_EDGE('',*,*,#2936,.T.);
#479=ORIENTED_EDGE('',*,*,#2931,.T.);
#480=ORIENTED_EDGE('',*,*,#2937,.F.);
#481=ORIENTED_EDGE('',*,*,#2938,.F.);
#482=ORIENTED_EDGE('',*,*,#2939,.T.);
#483=ORIENTED_EDGE('',*,*,#2935,.T.);
#484=ORIENTED_EDGE('',*,*,#2940,.F.);
#485=ORIENTED_EDGE('',*,*,#2941,.F.);
#486=ORIENTED_EDGE('',*,*,#2942,.T.);
#487=ORIENTED_EDGE('',*,*,#2938,.T.);
#488=ORIENTED_EDGE('',*,*,#2943,.F.);
#489=ORIENTED_EDGE('',*,*,#2944,.F.);
#490=ORIENTED_EDGE('',*,*,#2945,.T.);
#491=ORIENTED_EDGE('',*,*,#2941,.T.);
#492=ORIENTED_EDGE('',*,*,#2946,.F.);
#493=ORIENTED_EDGE('',*,*,#2947,.F.);
#494=ORIENTED_EDGE('',*,*,#2948,.T.);
#495=ORIENTED_EDGE('',*,*,#2949,.T.);
#496=ORIENTED_EDGE('',*,*,#2950,.F.);
#497=ORIENTED_EDGE('',*,*,#2951,.F.);
#498=ORIENTED_EDGE('',*,*,#2952,.T.);
#499=ORIENTED_EDGE('',*,*,#2947,.T.);
#500=ORIENTED_EDGE('',*,*,#2953,.F.);
#501=ORIENTED_EDGE('',*,*,#2954,.F.);
#502=ORIENTED_EDGE('',*,*,#2955,.T.);
#503=ORIENTED_EDGE('',*,*,#2951,.T.);
#504=ORIENTED_EDGE('',*,*,#2956,.F.);
#505=ORIENTED_EDGE('',*,*,#2957,.F.);
#506=ORIENTED_EDGE('',*,*,#2958,.T.);
#507=ORIENTED_EDGE('',*,*,#2954,.T.);
#508=ORIENTED_EDGE('',*,*,#2959,.F.);
#509=ORIENTED_EDGE('',*,*,#2960,.F.);
#510=ORIENTED_EDGE('',*,*,#2961,.T.);
#511=ORIENTED_EDGE('',*,*,#2957,.T.);
#512=ORIENTED_EDGE('',*,*,#2962,.F.);
#513=ORIENTED_EDGE('',*,*,#2963,.F.);
#514=ORIENTED_EDGE('',*,*,#2964,.T.);
#515=ORIENTED_EDGE('',*,*,#2965,.T.);
#516=ORIENTED_EDGE('',*,*,#2966,.F.);
#517=ORIENTED_EDGE('',*,*,#2967,.F.);
#518=ORIENTED_EDGE('',*,*,#2968,.T.);
#519=ORIENTED_EDGE('',*,*,#2963,.T.);
#520=ORIENTED_EDGE('',*,*,#2969,.F.);
#521=ORIENTED_EDGE('',*,*,#2970,.F.);
#522=ORIENTED_EDGE('',*,*,#2971,.T.);
#523=ORIENTED_EDGE('',*,*,#2967,.T.);
#524=ORIENTED_EDGE('',*,*,#2972,.F.);
#525=ORIENTED_EDGE('',*,*,#2973,.F.);
#526=ORIENTED_EDGE('',*,*,#2974,.T.);
#527=ORIENTED_EDGE('',*,*,#2970,.T.);
#528=ORIENTED_EDGE('',*,*,#2975,.F.);
#529=ORIENTED_EDGE('',*,*,#2976,.F.);
#530=ORIENTED_EDGE('',*,*,#2977,.T.);
#531=ORIENTED_EDGE('',*,*,#2973,.T.);
#532=ORIENTED_EDGE('',*,*,#2978,.F.);
#533=ORIENTED_EDGE('',*,*,#2979,.F.);
#534=ORIENTED_EDGE('',*,*,#2980,.T.);
#535=ORIENTED_EDGE('',*,*,#2981,.T.);
#536=ORIENTED_EDGE('',*,*,#2982,.F.);
#537=ORIENTED_EDGE('',*,*,#2983,.F.);
#538=ORIENTED_EDGE('',*,*,#2984,.T.);
#539=ORIENTED_EDGE('',*,*,#2979,.T.);
#540=ORIENTED_EDGE('',*,*,#2985,.F.);
#541=ORIENTED_EDGE('',*,*,#2986,.F.);
#542=ORIENTED_EDGE('',*,*,#2987,.T.);
#543=ORIENTED_EDGE('',*,*,#2983,.T.);
#544=ORIENTED_EDGE('',*,*,#2988,.F.);
#545=ORIENTED_EDGE('',*,*,#2989,.F.);
#546=ORIENTED_EDGE('',*,*,#2990,.T.);
#547=ORIENTED_EDGE('',*,*,#2986,.T.);
#548=ORIENTED_EDGE('',*,*,#2991,.F.);
#549=ORIENTED_EDGE('',*,*,#2992,.F.);
#550=ORIENTED_EDGE('',*,*,#2993,.T.);
#551=ORIENTED_EDGE('',*,*,#2989,.T.);
#552=ORIENTED_EDGE('',*,*,#2994,.F.);
#553=ORIENTED_EDGE('',*,*,#2995,.F.);
#554=ORIENTED_EDGE('',*,*,#2996,.T.);
#555=ORIENTED_EDGE('',*,*,#2997,.T.);
#556=ORIENTED_EDGE('',*,*,#2998,.F.);
#557=ORIENTED_EDGE('',*,*,#2999,.F.);
#558=ORIENTED_EDGE('',*,*,#3000,.T.);
#559=ORIENTED_EDGE('',*,*,#2995,.T.);
#560=ORIENTED_EDGE('',*,*,#3001,.F.);
#561=ORIENTED_EDGE('',*,*,#3002,.F.);
#562=ORIENTED_EDGE('',*,*,#3003,.T.);
#563=ORIENTED_EDGE('',*,*,#2999,.T.);
#564=ORIENTED_EDGE('',*,*,#3004,.F.);
#565=ORIENTED_EDGE('',*,*,#3005,.F.);
#566=ORIENTED_EDGE('',*,*,#3006,.T.);
#567=ORIENTED_EDGE('',*,*,#3007,.T.);
#568=ORIENTED_EDGE('',*,*,#3008,.F.);
#569=ORIENTED_EDGE('',*,*,#3009,.F.);
#570=ORIENTED_EDGE('',*,*,#3010,.T.);
#571=ORIENTED_EDGE('',*,*,#3005,.T.);
#572=ORIENTED_EDGE('',*,*,#3011,.F.);
#573=ORIENTED_EDGE('',*,*,#3012,.F.);
#574=ORIENTED_EDGE('',*,*,#3013,.T.);
#575=ORIENTED_EDGE('',*,*,#3009,.T.);
#576=ORIENTED_EDGE('',*,*,#3014,.F.);
#577=ORIENTED_EDGE('',*,*,#3015,.F.);
#578=ORIENTED_EDGE('',*,*,#3016,.T.);
#579=ORIENTED_EDGE('',*,*,#3017,.T.);
#580=ORIENTED_EDGE('',*,*,#3018,.F.);
#581=ORIENTED_EDGE('',*,*,#3019,.F.);
#582=ORIENTED_EDGE('',*,*,#3020,.T.);
#583=ORIENTED_EDGE('',*,*,#3015,.T.);
#584=ORIENTED_EDGE('',*,*,#3021,.F.);
#585=ORIENTED_EDGE('',*,*,#3022,.F.);
#586=ORIENTED_EDGE('',*,*,#3023,.T.);
#587=ORIENTED_EDGE('',*,*,#3019,.T.);
#588=ORIENTED_EDGE('',*,*,#3024,.F.);
#589=ORIENTED_EDGE('',*,*,#3025,.F.);
#590=ORIENTED_EDGE('',*,*,#3026,.T.);
#591=ORIENTED_EDGE('',*,*,#3027,.T.);
#592=ORIENTED_EDGE('',*,*,#3028,.F.);
#593=ORIENTED_EDGE('',*,*,#3029,.F.);
#594=ORIENTED_EDGE('',*,*,#3030,.T.);
#595=ORIENTED_EDGE('',*,*,#3025,.T.);
#596=ORIENTED_EDGE('',*,*,#3031,.F.);
#597=ORIENTED_EDGE('',*,*,#3032,.F.);
#598=ORIENTED_EDGE('',*,*,#3033,.T.);
#599=ORIENTED_EDGE('',*,*,#3029,.T.);
#600=ORIENTED_EDGE('',*,*,#3034,.F.);
#601=ORIENTED_EDGE('',*,*,#3035,.F.);
#602=ORIENTED_EDGE('',*,*,#3036,.T.);
#603=ORIENTED_EDGE('',*,*,#3037,.T.);
#604=ORIENTED_EDGE('',*,*,#3038,.F.);
#605=ORIENTED_EDGE('',*,*,#3039,.F.);
#606=ORIENTED_EDGE('',*,*,#3040,.T.);
#607=ORIENTED_EDGE('',*,*,#3035,.T.);
#608=ORIENTED_EDGE('',*,*,#3041,.F.);
#609=ORIENTED_EDGE('',*,*,#3042,.F.);
#610=ORIENTED_EDGE('',*,*,#3043,.T.);
#611=ORIENTED_EDGE('',*,*,#3039,.T.);
#612=ORIENTED_EDGE('',*,*,#3044,.F.);
#613=ORIENTED_EDGE('',*,*,#3045,.F.);
#614=ORIENTED_EDGE('',*,*,#3046,.T.);
#615=ORIENTED_EDGE('',*,*,#3047,.T.);
#616=ORIENTED_EDGE('',*,*,#3048,.F.);
#617=ORIENTED_EDGE('',*,*,#3049,.F.);
#618=ORIENTED_EDGE('',*,*,#3050,.T.);
#619=ORIENTED_EDGE('',*,*,#3045,.T.);
#620=ORIENTED_EDGE('',*,*,#3051,.F.);
#621=ORIENTED_EDGE('',*,*,#3052,.F.);
#622=ORIENTED_EDGE('',*,*,#3053,.T.);
#623=ORIENTED_EDGE('',*,*,#3049,.T.);
#624=ORIENTED_EDGE('',*,*,#3054,.F.);
#625=ORIENTED_EDGE('',*,*,#3055,.F.);
#626=ORIENTED_EDGE('',*,*,#3056,.T.);
#627=ORIENTED_EDGE('',*,*,#3057,.T.);
#628=ORIENTED_EDGE('',*,*,#3058,.F.);
#629=ORIENTED_EDGE('',*,*,#3059,.F.);
#630=ORIENTED_EDGE('',*,*,#3060,.T.);
#631=ORIENTED_EDGE('',*,*,#3055,.T.);
#632=ORIENTED_EDGE('',*,*,#3061,.F.);
#633=ORIENTED_EDGE('',*,*,#3062,.F.);
#634=ORIENTED_EDGE('',*,*,#3063,.T.);
#635=ORIENTED_EDGE('',*,*,#3059,.T.);
#636=ORIENTED_EDGE('',*,*,#3064,.F.);
#637=ORIENTED_EDGE('',*,*,#3065,.F.);
#638=ORIENTED_EDGE('',*,*,#3066,.T.);
#639=ORIENTED_EDGE('',*,*,#3067,.T.);
#640=ORIENTED_EDGE('',*,*,#3068,.F.);
#641=ORIENTED_EDGE('',*,*,#3069,.F.);
#642=ORIENTED_EDGE('',*,*,#3070,.T.);
#643=ORIENTED_EDGE('',*,*,#3065,.T.);
#644=ORIENTED_EDGE('',*,*,#3071,.F.);
#645=ORIENTED_EDGE('',*,*,#3072,.F.);
#646=ORIENTED_EDGE('',*,*,#3073,.T.);
#647=ORIENTED_EDGE('',*,*,#3069,.T.);
#648=ORIENTED_EDGE('',*,*,#3074,.F.);
#649=ORIENTED_EDGE('',*,*,#3075,.F.);
#650=ORIENTED_EDGE('',*,*,#3076,.T.);
#651=ORIENTED_EDGE('',*,*,#3077,.T.);
#652=ORIENTED_EDGE('',*,*,#3078,.F.);
#653=ORIENTED_EDGE('',*,*,#3079,.F.);
#654=ORIENTED_EDGE('',*,*,#3080,.T.);
#655=ORIENTED_EDGE('',*,*,#3075,.T.);
#656=ORIENTED_EDGE('',*,*,#3081,.F.);
#657=ORIENTED_EDGE('',*,*,#3082,.F.);
#658=ORIENTED_EDGE('',*,*,#3083,.T.);
#659=ORIENTED_EDGE('',*,*,#3079,.T.);
#660=ORIENTED_EDGE('',*,*,#3084,.F.);
#661=ORIENTED_EDGE('',*,*,#3085,.F.);
#662=ORIENTED_EDGE('',*,*,#3086,.T.);
#663=ORIENTED_EDGE('',*,*,#3087,.T.);
#664=ORIENTED_EDGE('',*,*,#3088,.F.);
#665=ORIENTED_EDGE('',*,*,#3089,.F.);
#666=ORIENTED_EDGE('',*,*,#3090,.T.);
#667=ORIENTED_EDGE('',*,*,#3085,.T.);
#668=ORIENTED_EDGE('',*,*,#3091,.F.);
#669=ORIENTED_EDGE('',*,*,#3092,.F.);
#670=ORIENTED_EDGE('',*,*,#3093,.T.);
#671=ORIENTED_EDGE('',*,*,#3089,.T.);
#672=ORIENTED_EDGE('',*,*,#3094,.F.);
#673=ORIENTED_EDGE('',*,*,#3095,.F.);
#674=ORIENTED_EDGE('',*,*,#3096,.T.);
#675=ORIENTED_EDGE('',*,*,#3097,.T.);
#676=ORIENTED_EDGE('',*,*,#3098,.F.);
#677=ORIENTED_EDGE('',*,*,#3099,.F.);
#678=ORIENTED_EDGE('',*,*,#3100,.T.);
#679=ORIENTED_EDGE('',*,*,#3095,.T.);
#680=ORIENTED_EDGE('',*,*,#3101,.F.);
#681=ORIENTED_EDGE('',*,*,#3102,.F.);
#682=ORIENTED_EDGE('',*,*,#3103,.T.);
#683=ORIENTED_EDGE('',*,*,#3099,.T.);
#684=ORIENTED_EDGE('',*,*,#3104,.F.);
#685=ORIENTED_EDGE('',*,*,#3105,.F.);
#686=ORIENTED_EDGE('',*,*,#3106,.T.);
#687=ORIENTED_EDGE('',*,*,#3107,.T.);
#688=ORIENTED_EDGE('',*,*,#3108,.F.);
#689=ORIENTED_EDGE('',*,*,#3109,.F.);
#690=ORIENTED_EDGE('',*,*,#3110,.T.);
#691=ORIENTED_EDGE('',*,*,#3105,.T.);
#692=ORIENTED_EDGE('',*,*,#3111,.F.);
#693=ORIENTED_EDGE('',*,*,#3112,.F.);
#694=ORIENTED_EDGE('',*,*,#3113,.T.);
#695=ORIENTED_EDGE('',*,*,#3109,.T.);
#696=ORIENTED_EDGE('',*,*,#3114,.F.);
#697=ORIENTED_EDGE('',*,*,#3115,.F.);
#698=ORIENTED_EDGE('',*,*,#3116,.T.);
#699=ORIENTED_EDGE('',*,*,#3117,.T.);
#700=ORIENTED_EDGE('',*,*,#3118,.F.);
#701=ORIENTED_EDGE('',*,*,#3119,.F.);
#702=ORIENTED_EDGE('',*,*,#3120,.T.);
#703=ORIENTED_EDGE('',*,*,#3115,.T.);
#704=ORIENTED_EDGE('',*,*,#3121,.F.);
#705=ORIENTED_EDGE('',*,*,#3122,.F.);
#706=ORIENTED_EDGE('',*,*,#3123,.T.);
#707=ORIENTED_EDGE('',*,*,#3119,.T.);
#708=ORIENTED_EDGE('',*,*,#3124,.F.);
#709=ORIENTED_EDGE('',*,*,#3125,.F.);
#710=ORIENTED_EDGE('',*,*,#3126,.T.);
#711=ORIENTED_EDGE('',*,*,#3127,.T.);
#712=ORIENTED_EDGE('',*,*,#3128,.F.);
#713=ORIENTED_EDGE('',*,*,#3129,.F.);
#714=ORIENTED_EDGE('',*,*,#3130,.T.);
#715=ORIENTED_EDGE('',*,*,#3125,.T.);
#716=ORIENTED_EDGE('',*,*,#3131,.F.);
#717=ORIENTED_EDGE('',*,*,#3132,.F.);
#718=ORIENTED_EDGE('',*,*,#3133,.T.);
#719=ORIENTED_EDGE('',*,*,#3129,.T.);
#720=ORIENTED_EDGE('',*,*,#3134,.F.);
#721=ORIENTED_EDGE('',*,*,#3135,.F.);
#722=ORIENTED_EDGE('',*,*,#3136,.T.);
#723=ORIENTED_EDGE('',*,*,#3137,.T.);
#724=ORIENTED_EDGE('',*,*,#3138,.F.);
#725=ORIENTED_EDGE('',*,*,#3139,.F.);
#726=ORIENTED_EDGE('',*,*,#3140,.T.);
#727=ORIENTED_EDGE('',*,*,#3135,.T.);
#728=ORIENTED_EDGE('',*,*,#3141,.F.);
#729=ORIENTED_EDGE('',*,*,#3142,.F.);
#730=ORIENTED_EDGE('',*,*,#3143,.T.);
#731=ORIENTED_EDGE('',*,*,#3139,.T.);
#732=ORIENTED_EDGE('',*,*,#3144,.F.);
#733=ORIENTED_EDGE('',*,*,#3145,.F.);
#734=ORIENTED_EDGE('',*,*,#3146,.T.);
#735=ORIENTED_EDGE('',*,*,#3147,.T.);
#736=ORIENTED_EDGE('',*,*,#3148,.F.);
#737=ORIENTED_EDGE('',*,*,#3149,.F.);
#738=ORIENTED_EDGE('',*,*,#3150,.T.);
#739=ORIENTED_EDGE('',*,*,#3145,.T.);
#740=ORIENTED_EDGE('',*,*,#3151,.F.);
#741=ORIENTED_EDGE('',*,*,#3152,.F.);
#742=ORIENTED_EDGE('',*,*,#3153,.T.);
#743=ORIENTED_EDGE('',*,*,#3149,.T.);
#744=ORIENTED_EDGE('',*,*,#3154,.F.);
#745=ORIENTED_EDGE('',*,*,#3155,.F.);
#746=ORIENTED_EDGE('',*,*,#3156,.T.);
#747=ORIENTED_EDGE('',*,*,#3157,.T.);
#748=ORIENTED_EDGE('',*,*,#3158,.F.);
#749=ORIENTED_EDGE('',*,*,#3159,.F.);
#750=ORIENTED_EDGE('',*,*,#3160,.T.);
#751=ORIENTED_EDGE('',*,*,#3155,.T.);
#752=ORIENTED_EDGE('',*,*,#3161,.F.);
#753=ORIENTED_EDGE('',*,*,#3162,.F.);
#754=ORIENTED_EDGE('',*,*,#3163,.T.);
#755=ORIENTED_EDGE('',*,*,#3159,.T.);
#756=ORIENTED_EDGE('',*,*,#3164,.F.);
#757=ORIENTED_EDGE('',*,*,#3165,.F.);
#758=ORIENTED_EDGE('',*,*,#3166,.T.);
#759=ORIENTED_EDGE('',*,*,#3167,.T.);
#760=ORIENTED_EDGE('',*,*,#3168,.F.);
#761=ORIENTED_EDGE('',*,*,#3169,.F.);
#762=ORIENTED_EDGE('',*,*,#3170,.T.);
#763=ORIENTED_EDGE('',*,*,#3165,.T.);
#764=ORIENTED_EDGE('',*,*,#3171,.F.);
#765=ORIENTED_EDGE('',*,*,#3172,.F.);
#766=ORIENTED_EDGE('',*,*,#3173,.T.);
#767=ORIENTED_EDGE('',*,*,#3169,.T.);
#768=ORIENTED_EDGE('',*,*,#3174,.F.);
#769=ORIENTED_EDGE('',*,*,#3175,.F.);
#770=ORIENTED_EDGE('',*,*,#3176,.T.);
#771=ORIENTED_EDGE('',*,*,#3177,.T.);
#772=ORIENTED_EDGE('',*,*,#3178,.F.);
#773=ORIENTED_EDGE('',*,*,#3179,.F.);
#774=ORIENTED_EDGE('',*,*,#3180,.T.);
#775=ORIENTED_EDGE('',*,*,#3175,.T.);
#776=ORIENTED_EDGE('',*,*,#3181,.F.);
#777=ORIENTED_EDGE('',*,*,#3182,.F.);
#778=ORIENTED_EDGE('',*,*,#3183,.T.);
#779=ORIENTED_EDGE('',*,*,#3179,.T.);
#780=ORIENTED_EDGE('',*,*,#3184,.F.);
#781=ORIENTED_EDGE('',*,*,#3185,.F.);
#782=ORIENTED_EDGE('',*,*,#3186,.T.);
#783=ORIENTED_EDGE('',*,*,#3187,.T.);
#784=ORIENTED_EDGE('',*,*,#3188,.F.);
#785=ORIENTED_EDGE('',*,*,#3189,.F.);
#786=ORIENTED_EDGE('',*,*,#3190,.T.);
#787=ORIENTED_EDGE('',*,*,#3185,.T.);
#788=ORIENTED_EDGE('',*,*,#3191,.F.);
#789=ORIENTED_EDGE('',*,*,#3192,.F.);
#790=ORIENTED_EDGE('',*,*,#3193,.T.);
#791=ORIENTED_EDGE('',*,*,#3189,.T.);
#792=ORIENTED_EDGE('',*,*,#3194,.F.);
#793=ORIENTED_EDGE('',*,*,#3195,.F.);
#794=ORIENTED_EDGE('',*,*,#3196,.T.);
#795=ORIENTED_EDGE('',*,*,#3197,.T.);
#796=ORIENTED_EDGE('',*,*,#3198,.F.);
#797=ORIENTED_EDGE('',*,*,#3199,.F.);
#798=ORIENTED_EDGE('',*,*,#3200,.T.);
#799=ORIENTED_EDGE('',*,*,#3195,.T.);
#800=ORIENTED_EDGE('',*,*,#3201,.F.);
#801=ORIENTED_EDGE('',*,*,#3202,.F.);
#802=ORIENTED_EDGE('',*,*,#3203,.T.);
#803=ORIENTED_EDGE('',*,*,#3199,.T.);
#804=ORIENTED_EDGE('',*,*,#3204,.F.);
#805=ORIENTED_EDGE('',*,*,#3205,.F.);
#806=ORIENTED_EDGE('',*,*,#3206,.T.);
#807=ORIENTED_EDGE('',*,*,#3207,.T.);
#808=ORIENTED_EDGE('',*,*,#3208,.F.);
#809=ORIENTED_EDGE('',*,*,#3209,.F.);
#810=ORIENTED_EDGE('',*,*,#3210,.T.);
#811=ORIENTED_EDGE('',*,*,#3205,.T.);
#812=ORIENTED_EDGE('',*,*,#3211,.F.);
#813=ORIENTED_EDGE('',*,*,#3212,.F.);
#814=ORIENTED_EDGE('',*,*,#3213,.T.);
#815=ORIENTED_EDGE('',*,*,#3209,.T.);
#816=ORIENTED_EDGE('',*,*,#3214,.F.);
#817=ORIENTED_EDGE('',*,*,#3215,.F.);
#818=ORIENTED_EDGE('',*,*,#3216,.T.);
#819=ORIENTED_EDGE('',*,*,#3217,.T.);
#820=ORIENTED_EDGE('',*,*,#3218,.F.);
#821=ORIENTED_EDGE('',*,*,#3219,.F.);
#822=ORIENTED_EDGE('',*,*,#3220,.T.);
#823=ORIENTED_EDGE('',*,*,#3215,.T.);
#824=ORIENTED_EDGE('',*,*,#3221,.F.);
#825=ORIENTED_EDGE('',*,*,#3222,.F.);
#826=ORIENTED_EDGE('',*,*,#3223,.T.);
#827=ORIENTED_EDGE('',*,*,#3219,.T.);
#828=ORIENTED_EDGE('',*,*,#3224,.F.);
#829=ORIENTED_EDGE('',*,*,#3225,.F.);
#830=ORIENTED_EDGE('',*,*,#3226,.T.);
#831=ORIENTED_EDGE('',*,*,#3227,.T.);
#832=ORIENTED_EDGE('',*,*,#3228,.F.);
#833=ORIENTED_EDGE('',*,*,#3229,.F.);
#834=ORIENTED_EDGE('',*,*,#3230,.T.);
#835=ORIENTED_EDGE('',*,*,#3225,.T.);
#836=ORIENTED_EDGE('',*,*,#3231,.F.);
#837=ORIENTED_EDGE('',*,*,#3232,.F.);
#838=ORIENTED_EDGE('',*,*,#3233,.T.);
#839=ORIENTED_EDGE('',*,*,#3229,.T.);
#840=ORIENTED_EDGE('',*,*,#3234,.F.);
#841=ORIENTED_EDGE('',*,*,#3235,.F.);
#842=ORIENTED_EDGE('',*,*,#3236,.T.);
#843=ORIENTED_EDGE('',*,*,#3237,.T.);
#844=ORIENTED_EDGE('',*,*,#3238,.F.);
#845=ORIENTED_EDGE('',*,*,#3239,.F.);
#846=ORIENTED_EDGE('',*,*,#3240,.T.);
#847=ORIENTED_EDGE('',*,*,#3235,.T.);
#848=ORIENTED_EDGE('',*,*,#3241,.F.);
#849=ORIENTED_EDGE('',*,*,#3242,.F.);
#850=ORIENTED_EDGE('',*,*,#3243,.T.);
#851=ORIENTED_EDGE('',*,*,#3239,.T.);
#852=ORIENTED_EDGE('',*,*,#3244,.F.);
#853=ORIENTED_EDGE('',*,*,#3245,.F.);
#854=ORIENTED_EDGE('',*,*,#3246,.T.);
#855=ORIENTED_EDGE('',*,*,#3247,.T.);
#856=ORIENTED_EDGE('',*,*,#3248,.F.);
#857=ORIENTED_EDGE('',*,*,#3249,.F.);
#858=ORIENTED_EDGE('',*,*,#3250,.T.);
#859=ORIENTED_EDGE('',*,*,#3245,.T.);
#860=ORIENTED_EDGE('',*,*,#3251,.F.);
#861=ORIENTED_EDGE('',*,*,#3252,.F.);
#862=ORIENTED_EDGE('',*,*,#3253,.T.);
#863=ORIENTED_EDGE('',*,*,#3249,.T.);
#864=ORIENTED_EDGE('',*,*,#3254,.F.);
#865=ORIENTED_EDGE('',*,*,#3255,.F.);
#866=ORIENTED_EDGE('',*,*,#3256,.T.);
#867=ORIENTED_EDGE('',*,*,#3257,.T.);
#868=ORIENTED_EDGE('',*,*,#3258,.F.);
#869=ORIENTED_EDGE('',*,*,#3259,.F.);
#870=ORIENTED_EDGE('',*,*,#3260,.T.);
#871=ORIENTED_EDGE('',*,*,#3255,.T.);
#872=ORIENTED_EDGE('',*,*,#3261,.F.);
#873=ORIENTED_EDGE('',*,*,#3262,.F.);
#874=ORIENTED_EDGE('',*,*,#3263,.T.);
#875=ORIENTED_EDGE('',*,*,#3259,.T.);
#876=ORIENTED_EDGE('',*,*,#3264,.F.);
#877=ORIENTED_EDGE('',*,*,#3265,.F.);
#878=ORIENTED_EDGE('',*,*,#3266,.T.);
#879=ORIENTED_EDGE('',*,*,#3267,.T.);
#880=ORIENTED_EDGE('',*,*,#3268,.F.);
#881=ORIENTED_EDGE('',*,*,#3269,.F.);
#882=ORIENTED_EDGE('',*,*,#3270,.T.);
#883=ORIENTED_EDGE('',*,*,#3265,.T.);
#884=ORIENTED_EDGE('',*,*,#3271,.F.);
#885=ORIENTED_EDGE('',*,*,#3272,.F.);
#886=ORIENTED_EDGE('',*,*,#3273,.T.);
#887=ORIENTED_EDGE('',*,*,#3269,.T.);
#888=ORIENTED_EDGE('',*,*,#3274,.F.);
#889=ORIENTED_EDGE('',*,*,#3275,.F.);
#890=ORIENTED_EDGE('',*,*,#3276,.T.);
#891=ORIENTED_EDGE('',*,*,#3277,.T.);
#892=ORIENTED_EDGE('',*,*,#3278,.F.);
#893=ORIENTED_EDGE('',*,*,#3279,.F.);
#894=ORIENTED_EDGE('',*,*,#3280,.T.);
#895=ORIENTED_EDGE('',*,*,#3275,.T.);
#896=ORIENTED_EDGE('',*,*,#3281,.F.);
#897=ORIENTED_EDGE('',*,*,#3282,.F.);
#898=ORIENTED_EDGE('',*,*,#3283,.T.);
#899=ORIENTED_EDGE('',*,*,#3279,.T.);
#900=ORIENTED_EDGE('',*,*,#3284,.F.);
#901=ORIENTED_EDGE('',*,*,#3285,.F.);
#902=ORIENTED_EDGE('',*,*,#3286,.T.);
#903=ORIENTED_EDGE('',*,*,#3287,.T.);
#904=ORIENTED_EDGE('',*,*,#3288,.F.);
#905=ORIENTED_EDGE('',*,*,#3289,.F.);
#906=ORIENTED_EDGE('',*,*,#3290,.T.);
#907=ORIENTED_EDGE('',*,*,#3285,.T.);
#908=ORIENTED_EDGE('',*,*,#3291,.F.);
#909=ORIENTED_EDGE('',*,*,#3292,.F.);
#910=ORIENTED_EDGE('',*,*,#3293,.T.);
#911=ORIENTED_EDGE('',*,*,#3289,.T.);
#912=ORIENTED_EDGE('',*,*,#3294,.F.);
#913=ORIENTED_EDGE('',*,*,#3295,.F.);
#914=ORIENTED_EDGE('',*,*,#3296,.T.);
#915=ORIENTED_EDGE('',*,*,#3297,.T.);
#916=ORIENTED_EDGE('',*,*,#3298,.F.);
#917=ORIENTED_EDGE('',*,*,#3299,.F.);
#918=ORIENTED_EDGE('',*,*,#3300,.T.);
#919=ORIENTED_EDGE('',*,*,#3295,.T.);
#920=ORIENTED_EDGE('',*,*,#3301,.F.);
#921=ORIENTED_EDGE('',*,*,#3302,.F.);
#922=ORIENTED_EDGE('',*,*,#3303,.T.);
#923=ORIENTED_EDGE('',*,*,#3299,.T.);
#924=ORIENTED_EDGE('',*,*,#3304,.F.);
#925=ORIENTED_EDGE('',*,*,#3305,.F.);
#926=ORIENTED_EDGE('',*,*,#3306,.T.);
#927=ORIENTED_EDGE('',*,*,#3307,.T.);
#928=ORIENTED_EDGE('',*,*,#3308,.F.);
#929=ORIENTED_EDGE('',*,*,#3309,.F.);
#930=ORIENTED_EDGE('',*,*,#3310,.T.);
#931=ORIENTED_EDGE('',*,*,#3305,.T.);
#932=ORIENTED_EDGE('',*,*,#3311,.F.);
#933=ORIENTED_EDGE('',*,*,#3312,.F.);
#934=ORIENTED_EDGE('',*,*,#3313,.T.);
#935=ORIENTED_EDGE('',*,*,#3309,.T.);
#936=ORIENTED_EDGE('',*,*,#3314,.F.);
#937=ORIENTED_EDGE('',*,*,#3315,.F.);
#938=ORIENTED_EDGE('',*,*,#3316,.T.);
#939=ORIENTED_EDGE('',*,*,#3317,.T.);
#940=ORIENTED_EDGE('',*,*,#3318,.F.);
#941=ORIENTED_EDGE('',*,*,#3319,.F.);
#942=ORIENTED_EDGE('',*,*,#3320,.T.);
#943=ORIENTED_EDGE('',*,*,#3315,.T.);
#944=ORIENTED_EDGE('',*,*,#3321,.F.);
#945=ORIENTED_EDGE('',*,*,#3322,.F.);
#946=ORIENTED_EDGE('',*,*,#3323,.T.);
#947=ORIENTED_EDGE('',*,*,#3319,.T.);
#948=ORIENTED_EDGE('',*,*,#3324,.F.);
#949=ORIENTED_EDGE('',*,*,#3325,.F.);
#950=ORIENTED_EDGE('',*,*,#3326,.T.);
#951=ORIENTED_EDGE('',*,*,#3327,.T.);
#952=ORIENTED_EDGE('',*,*,#3328,.F.);
#953=ORIENTED_EDGE('',*,*,#3329,.F.);
#954=ORIENTED_EDGE('',*,*,#3330,.T.);
#955=ORIENTED_EDGE('',*,*,#3325,.T.);
#956=ORIENTED_EDGE('',*,*,#3331,.F.);
#957=ORIENTED_EDGE('',*,*,#3332,.F.);
#958=ORIENTED_EDGE('',*,*,#3333,.T.);
#959=ORIENTED_EDGE('',*,*,#3329,.T.);
#960=ORIENTED_EDGE('',*,*,#3334,.F.);
#961=ORIENTED_EDGE('',*,*,#3335,.F.);
#962=ORIENTED_EDGE('',*,*,#3336,.T.);
#963=ORIENTED_EDGE('',*,*,#3337,.T.);
#964=ORIENTED_EDGE('',*,*,#3338,.F.);
#965=ORIENTED_EDGE('',*,*,#3339,.F.);
#966=ORIENTED_EDGE('',*,*,#3340,.T.);
#967=ORIENTED_EDGE('',*,*,#3335,.T.);
#968=ORIENTED_EDGE('',*,*,#3341,.F.);
#969=ORIENTED_EDGE('',*,*,#3342,.F.);
#970=ORIENTED_EDGE('',*,*,#3343,.T.);
#971=ORIENTED_EDGE('',*,*,#3339,.T.);
#972=ORIENTED_EDGE('',*,*,#3344,.F.);
#973=ORIENTED_EDGE('',*,*,#3345,.F.);
#974=ORIENTED_EDGE('',*,*,#3346,.T.);
#975=ORIENTED_EDGE('',*,*,#3347,.T.);
#976=ORIENTED_EDGE('',*,*,#3348,.F.);
#977=ORIENTED_EDGE('',*,*,#3349,.F.);
#978=ORIENTED_EDGE('',*,*,#3350,.T.);
#979=ORIENTED_EDGE('',*,*,#3345,.T.);
#980=ORIENTED_EDGE('',*,*,#3351,.F.);
#981=ORIENTED_EDGE('',*,*,#3352,.F.);
#982=ORIENTED_EDGE('',*,*,#3353,.T.);
#983=ORIENTED_EDGE('',*,*,#3349,.T.);
#984=ORIENTED_EDGE('',*,*,#3354,.F.);
#985=ORIENTED_EDGE('',*,*,#3355,.F.);
#986=ORIENTED_EDGE('',*,*,#3356,.T.);
#987=ORIENTED_EDGE('',*,*,#3357,.T.);
#988=ORIENTED_EDGE('',*,*,#3358,.F.);
#989=ORIENTED_EDGE('',*,*,#3359,.F.);
#990=ORIENTED_EDGE('',*,*,#3360,.T.);
#991=ORIENTED_EDGE('',*,*,#3355,.T.);
#992=ORIENTED_EDGE('',*,*,#3361,.F.);
#993=ORIENTED_EDGE('',*,*,#3362,.F.);
#994=ORIENTED_EDGE('',*,*,#3363,.T.);
#995=ORIENTED_EDGE('',*,*,#3359,.T.);
#996=ORIENTED_EDGE('',*,*,#3364,.F.);
#997=ORIENTED_EDGE('',*,*,#3365,.F.);
#998=ORIENTED_EDGE('',*,*,#3366,.T.);
#999=ORIENTED_EDGE('',*,*,#3367,.T.);
#1000=ORIENTED_EDGE('',*,*,#3368,.F.);
#1001=ORIENTED_EDGE('',*,*,#3369,.F.);
#1002=ORIENTED_EDGE('',*,*,#3370,.T.);
#1003=ORIENTED_EDGE('',*,*,#3365,.T.);
#1004=ORIENTED_EDGE('',*,*,#3371,.F.);
#1005=ORIENTED_EDGE('',*,*,#3372,.F.);
#1006=ORIENTED_EDGE('',*,*,#3373,.T.);
#1007=ORIENTED_EDGE('',*,*,#3369,.T.);
#1008=ORIENTED_EDGE('',*,*,#3374,.F.);
#1009=ORIENTED_EDGE('',*,*,#3375,.F.);
#1010=ORIENTED_EDGE('',*,*,#3376,.T.);
#1011=ORIENTED_EDGE('',*,*,#3377,.T.);
#1012=ORIENTED_EDGE('',*,*,#3378,.F.);
#1013=ORIENTED_EDGE('',*,*,#3379,.F.);
#1014=ORIENTED_EDGE('',*,*,#3380,.T.);
#1015=ORIENTED_EDGE('',*,*,#3375,.T.);
#1016=ORIENTED_EDGE('',*,*,#3381,.F.);
#1017=ORIENTED_EDGE('',*,*,#3382,.F.);
#1018=ORIENTED_EDGE('',*,*,#3383,.T.);
#1019=ORIENTED_EDGE('',*,*,#3379,.T.);
#1020=ORIENTED_EDGE('',*,*,#3384,.F.);
#1021=ORIENTED_EDGE('',*,*,#3385,.F.);
#1022=ORIENTED_EDGE('',*,*,#3386,.T.);
#1023=ORIENTED_EDGE('',*,*,#3387,.T.);
#1024=ORIENTED_EDGE('',*,*,#3388,.F.);
#1025=ORIENTED_EDGE('',*,*,#3389,.F.);
#1026=ORIENTED_EDGE('',*,*,#3390,.T.);
#1027=ORIENTED_EDGE('',*,*,#3385,.T.);
#1028=ORIENTED_EDGE('',*,*,#3391,.F.);
#1029=ORIENTED_EDGE('',*,*,#3392,.F.);
#1030=ORIENTED_EDGE('',*,*,#3393,.T.);
#1031=ORIENTED_EDGE('',*,*,#3389,.T.);
#1032=ORIENTED_EDGE('',*,*,#3394,.F.);
#1033=ORIENTED_EDGE('',*,*,#3395,.F.);
#1034=ORIENTED_EDGE('',*,*,#3396,.T.);
#1035=ORIENTED_EDGE('',*,*,#3397,.T.);
#1036=ORIENTED_EDGE('',*,*,#3398,.F.);
#1037=ORIENTED_EDGE('',*,*,#3399,.F.);
#1038=ORIENTED_EDGE('',*,*,#3400,.T.);
#1039=ORIENTED_EDGE('',*,*,#3395,.T.);
#1040=ORIENTED_EDGE('',*,*,#3401,.F.);
#1041=ORIENTED_EDGE('',*,*,#3402,.F.);
#1042=ORIENTED_EDGE('',*,*,#3403,.T.);
#1043=ORIENTED_EDGE('',*,*,#3399,.T.);
#1044=ORIENTED_EDGE('',*,*,#3404,.F.);
#1045=ORIENTED_EDGE('',*,*,#3405,.F.);
#1046=ORIENTED_EDGE('',*,*,#3406,.T.);
#1047=ORIENTED_EDGE('',*,*,#3407,.T.);
#1048=ORIENTED_EDGE('',*,*,#3408,.F.);
#1049=ORIENTED_EDGE('',*,*,#3409,.F.);
#1050=ORIENTED_EDGE('',*,*,#3410,.T.);
#1051=ORIENTED_EDGE('',*,*,#3405,.T.);
#1052=ORIENTED_EDGE('',*,*,#3411,.F.);
#1053=ORIENTED_EDGE('',*,*,#3412,.F.);
#1054=ORIENTED_EDGE('',*,*,#3413,.T.);
#1055=ORIENTED_EDGE('',*,*,#3409,.T.);
#1056=ORIENTED_EDGE('',*,*,#3414,.F.);
#1057=ORIENTED_EDGE('',*,*,#3415,.F.);
#1058=ORIENTED_EDGE('',*,*,#3416,.T.);
#1059=ORIENTED_EDGE('',*,*,#3417,.T.);
#1060=ORIENTED_EDGE('',*,*,#3418,.F.);
#1061=ORIENTED_EDGE('',*,*,#3419,.F.);
#1062=ORIENTED_EDGE('',*,*,#3420,.T.);
#1063=ORIENTED_EDGE('',*,*,#3415,.T.);
#1064=ORIENTED_EDGE('',*,*,#3421,.F.);
#1065=ORIENTED_EDGE('',*,*,#3422,.F.);
#1066=ORIENTED_EDGE('',*,*,#3423,.T.);
#1067=ORIENTED_EDGE('',*,*,#3419,.T.);
#1068=ORIENTED_EDGE('',*,*,#3424,.F.);
#1069=ORIENTED_EDGE('',*,*,#3425,.F.);
#1070=ORIENTED_EDGE('',*,*,#3426,.T.);
#1071=ORIENTED_EDGE('',*,*,#3427,.T.);
#1072=ORIENTED_EDGE('',*,*,#3428,.F.);
#1073=ORIENTED_EDGE('',*,*,#3429,.F.);
#1074=ORIENTED_EDGE('',*,*,#3430,.T.);
#1075=ORIENTED_EDGE('',*,*,#3425,.T.);
#1076=ORIENTED_EDGE('',*,*,#3431,.F.);
#1077=ORIENTED_EDGE('',*,*,#3432,.F.);
#1078=ORIENTED_EDGE('',*,*,#3433,.T.);
#1079=ORIENTED_EDGE('',*,*,#3429,.T.);
#1080=ORIENTED_EDGE('',*,*,#3434,.F.);
#1081=ORIENTED_EDGE('',*,*,#3435,.F.);
#1082=ORIENTED_EDGE('',*,*,#3436,.T.);
#1083=ORIENTED_EDGE('',*,*,#3437,.T.);
#1084=ORIENTED_EDGE('',*,*,#3438,.F.);
#1085=ORIENTED_EDGE('',*,*,#3439,.F.);
#1086=ORIENTED_EDGE('',*,*,#3440,.T.);
#1087=ORIENTED_EDGE('',*,*,#3435,.T.);
#1088=ORIENTED_EDGE('',*,*,#3441,.F.);
#1089=ORIENTED_EDGE('',*,*,#3442,.F.);
#1090=ORIENTED_EDGE('',*,*,#3443,.T.);
#1091=ORIENTED_EDGE('',*,*,#3439,.T.);
#1092=ORIENTED_EDGE('',*,*,#3444,.F.);
#1093=ORIENTED_EDGE('',*,*,#3445,.F.);
#1094=ORIENTED_EDGE('',*,*,#3446,.T.);
#1095=ORIENTED_EDGE('',*,*,#3447,.T.);
#1096=ORIENTED_EDGE('',*,*,#3448,.F.);
#1097=ORIENTED_EDGE('',*,*,#3449,.F.);
#1098=ORIENTED_EDGE('',*,*,#3450,.T.);
#1099=ORIENTED_EDGE('',*,*,#3445,.T.);
#1100=ORIENTED_EDGE('',*,*,#3451,.F.);
#1101=ORIENTED_EDGE('',*,*,#3452,.F.);
#1102=ORIENTED_EDGE('',*,*,#3453,.T.);
#1103=ORIENTED_EDGE('',*,*,#3449,.T.);
#1104=ORIENTED_EDGE('',*,*,#3454,.F.);
#1105=ORIENTED_EDGE('',*,*,#3455,.F.);
#1106=ORIENTED_EDGE('',*,*,#3456,.T.);
#1107=ORIENTED_EDGE('',*,*,#3457,.T.);
#1108=ORIENTED_EDGE('',*,*,#3458,.F.);
#1109=ORIENTED_EDGE('',*,*,#3459,.F.);
#1110=ORIENTED_EDGE('',*,*,#3460,.T.);
#1111=ORIENTED_EDGE('',*,*,#3455,.T.);
#1112=ORIENTED_EDGE('',*,*,#3461,.F.);
#1113=ORIENTED_EDGE('',*,*,#3462,.F.);
#1114=ORIENTED_EDGE('',*,*,#3463,.T.);
#1115=ORIENTED_EDGE('',*,*,#3459,.T.);
#1116=ORIENTED_EDGE('',*,*,#3464,.F.);
#1117=ORIENTED_EDGE('',*,*,#3465,.F.);
#1118=ORIENTED_EDGE('',*,*,#3466,.T.);
#1119=ORIENTED_EDGE('',*,*,#3467,.T.);
#1120=ORIENTED_EDGE('',*,*,#3468,.F.);
#1121=ORIENTED_EDGE('',*,*,#3469,.F.);
#1122=ORIENTED_EDGE('',*,*,#3470,.T.);
#1123=ORIENTED_EDGE('',*,*,#3465,.T.);
#1124=ORIENTED_EDGE('',*,*,#3471,.F.);
#1125=ORIENTED_EDGE('',*,*,#3472,.F.);
#1126=ORIENTED_EDGE('',*,*,#3473,.T.);
#1127=ORIENTED_EDGE('',*,*,#3469,.T.);
#1128=ORIENTED_EDGE('',*,*,#3474,.F.);
#1129=ORIENTED_EDGE('',*,*,#3475,.F.);
#1130=ORIENTED_EDGE('',*,*,#3476,.T.);
#1131=ORIENTED_EDGE('',*,*,#3477,.T.);
#1132=ORIENTED_EDGE('',*,*,#3478,.F.);
#1133=ORIENTED_EDGE('',*,*,#3479,.F.);
#1134=ORIENTED_EDGE('',*,*,#3480,.T.);
#1135=ORIENTED_EDGE('',*,*,#3475,.T.);
#1136=ORIENTED_EDGE('',*,*,#3481,.F.);
#1137=ORIENTED_EDGE('',*,*,#3482,.F.);
#1138=ORIENTED_EDGE('',*,*,#3483,.T.);
#1139=ORIENTED_EDGE('',*,*,#3479,.T.);
#1140=ORIENTED_EDGE('',*,*,#3484,.F.);
#1141=ORIENTED_EDGE('',*,*,#3485,.F.);
#1142=ORIENTED_EDGE('',*,*,#3486,.T.);
#1143=ORIENTED_EDGE('',*,*,#3487,.T.);
#1144=ORIENTED_EDGE('',*,*,#3488,.F.);
#1145=ORIENTED_EDGE('',*,*,#3489,.F.);
#1146=ORIENTED_EDGE('',*,*,#3490,.T.);
#1147=ORIENTED_EDGE('',*,*,#3485,.T.);
#1148=ORIENTED_EDGE('',*,*,#3491,.F.);
#1149=ORIENTED_EDGE('',*,*,#3492,.F.);
#1150=ORIENTED_EDGE('',*,*,#3493,.T.);
#1151=ORIENTED_EDGE('',*,*,#3489,.T.);
#1152=ORIENTED_EDGE('',*,*,#3494,.F.);
#1153=ORIENTED_EDGE('',*,*,#3495,.F.);
#1154=ORIENTED_EDGE('',*,*,#3496,.T.);
#1155=ORIENTED_EDGE('',*,*,#3497,.T.);
#1156=ORIENTED_EDGE('',*,*,#3498,.F.);
#1157=ORIENTED_EDGE('',*,*,#3499,.F.);
#1158=ORIENTED_EDGE('',*,*,#3500,.T.);
#1159=ORIENTED_EDGE('',*,*,#3495,.T.);
#1160=ORIENTED_EDGE('',*,*,#3501,.F.);
#1161=ORIENTED_EDGE('',*,*,#3502,.F.);
#1162=ORIENTED_EDGE('',*,*,#3503,.T.);
#1163=ORIENTED_EDGE('',*,*,#3499,.T.);
#1164=ORIENTED_EDGE('',*,*,#3504,.F.);
#1165=ORIENTED_EDGE('',*,*,#3505,.F.);
#1166=ORIENTED_EDGE('',*,*,#3506,.T.);
#1167=ORIENTED_EDGE('',*,*,#3507,.T.);
#1168=ORIENTED_EDGE('',*,*,#3508,.F.);
#1169=ORIENTED_EDGE('',*,*,#3509,.F.);
#1170=ORIENTED_EDGE('',*,*,#3510,.T.);
#1171=ORIENTED_EDGE('',*,*,#3505,.T.);
#1172=ORIENTED_EDGE('',*,*,#3511,.F.);
#1173=ORIENTED_EDGE('',*,*,#3512,.F.);
#1174=ORIENTED_EDGE('',*,*,#3513,.T.);
#1175=ORIENTED_EDGE('',*,*,#3509,.T.);
#1176=ORIENTED_EDGE('',*,*,#3514,.F.);
#1177=ORIENTED_EDGE('',*,*,#3515,.F.);
#1178=ORIENTED_EDGE('',*,*,#3516,.T.);
#1179=ORIENTED_EDGE('',*,*,#3517,.T.);
#1180=ORIENTED_EDGE('',*,*,#3518,.F.);
#1181=ORIENTED_EDGE('',*,*,#3519,.F.);
#1182=ORIENTED_EDGE('',*,*,#3520,.T.);
#1183=ORIENTED_EDGE('',*,*,#3515,.T.);
#1184=ORIENTED_EDGE('',*,*,#3521,.F.);
#1185=ORIENTED_EDGE('',*,*,#3522,.F.);
#1186=ORIENTED_EDGE('',*,*,#3523,.T.);
#1187=ORIENTED_EDGE('',*,*,#3519,.T.);
#1188=ORIENTED_EDGE('',*,*,#3524,.F.);
#1189=ORIENTED_EDGE('',*,*,#3525,.F.);
#1190=ORIENTED_EDGE('',*,*,#3526,.T.);
#1191=ORIENTED_EDGE('',*,*,#3527,.T.);
#1192=ORIENTED_EDGE('',*,*,#3528,.F.);
#1193=ORIENTED_EDGE('',*,*,#3529,.F.);
#1194=ORIENTED_EDGE('',*,*,#3530,.T.);
#1195=ORIENTED_EDGE('',*,*,#3525,.T.);
#1196=ORIENTED_EDGE('',*,*,#3531,.F.);
#1197=ORIENTED_EDGE('',*,*,#3532,.F.);
#1198=ORIENTED_EDGE('',*,*,#3533,.T.);
#1199=ORIENTED_EDGE('',*,*,#3529,.T.);
#1200=ORIENTED_EDGE('',*,*,#3534,.F.);
#1201=ORIENTED_EDGE('',*,*,#3535,.F.);
#1202=ORIENTED_EDGE('',*,*,#3536,.T.);
#1203=ORIENTED_EDGE('',*,*,#3537,.T.);
#1204=ORIENTED_EDGE('',*,*,#3538,.F.);
#1205=ORIENTED_EDGE('',*,*,#3539,.F.);
#1206=ORIENTED_EDGE('',*,*,#3540,.T.);
#1207=ORIENTED_EDGE('',*,*,#3535,.T.);
#1208=ORIENTED_EDGE('',*,*,#3541,.F.);
#1209=ORIENTED_EDGE('',*,*,#3542,.F.);
#1210=ORIENTED_EDGE('',*,*,#3543,.T.);
#1211=ORIENTED_EDGE('',*,*,#3539,.T.);
#1212=ORIENTED_EDGE('',*,*,#3544,.F.);
#1213=ORIENTED_EDGE('',*,*,#3545,.F.);
#1214=ORIENTED_EDGE('',*,*,#3546,.T.);
#1215=ORIENTED_EDGE('',*,*,#3542,.T.);
#1216=ORIENTED_EDGE('',*,*,#3547,.F.);
#1217=ORIENTED_EDGE('',*,*,#3548,.F.);
#1218=ORIENTED_EDGE('',*,*,#3549,.T.);
#1219=ORIENTED_EDGE('',*,*,#3545,.T.);
#1220=ORIENTED_EDGE('',*,*,#3550,.F.);
#1221=ORIENTED_EDGE('',*,*,#3551,.F.);
#1222=ORIENTED_EDGE('',*,*,#3552,.T.);
#1223=ORIENTED_EDGE('',*,*,#3548,.T.);
#1224=ORIENTED_EDGE('',*,*,#3553,.F.);
#1225=ORIENTED_EDGE('',*,*,#3554,.F.);
#1226=ORIENTED_EDGE('',*,*,#3555,.T.);
#1227=ORIENTED_EDGE('',*,*,#3551,.T.);
#1228=ORIENTED_EDGE('',*,*,#3556,.F.);
#1229=ORIENTED_EDGE('',*,*,#3557,.F.);
#1230=ORIENTED_EDGE('',*,*,#3558,.T.);
#1231=ORIENTED_EDGE('',*,*,#3554,.T.);
#1232=ORIENTED_EDGE('',*,*,#3559,.F.);
#1233=ORIENTED_EDGE('',*,*,#3560,.F.);
#1234=ORIENTED_EDGE('',*,*,#3561,.T.);
#1235=ORIENTED_EDGE('',*,*,#3557,.T.);
#1236=ORIENTED_EDGE('',*,*,#3562,.F.);
#1237=ORIENTED_EDGE('',*,*,#3563,.F.);
#1238=ORIENTED_EDGE('',*,*,#3564,.T.);
#1239=ORIENTED_EDGE('',*,*,#3560,.T.);
#1240=ORIENTED_EDGE('',*,*,#3565,.F.);
#1241=ORIENTED_EDGE('',*,*,#3566,.F.);
#1242=ORIENTED_EDGE('',*,*,#3567,.T.);
#1243=ORIENTED_EDGE('',*,*,#3563,.T.);
#1244=ORIENTED_EDGE('',*,*,#3568,.T.);
#1245=ORIENTED_EDGE('',*,*,#3569,.F.);
#1246=ORIENTED_EDGE('',*,*,#3570,.F.);
#1247=ORIENTED_EDGE('',*,*,#3566,.T.);
#1248=ORIENTED_EDGE('',*,*,#3571,.F.);
#1249=ORIENTED_EDGE('',*,*,#3572,.F.);
#1250=ORIENTED_EDGE('',*,*,#3573,.T.);
#1251=ORIENTED_EDGE('',*,*,#3569,.T.);
#1252=ORIENTED_EDGE('',*,*,#3574,.F.);
#1253=ORIENTED_EDGE('',*,*,#3575,.F.);
#1254=ORIENTED_EDGE('',*,*,#3576,.T.);
#1255=ORIENTED_EDGE('',*,*,#3572,.T.);
#1256=ORIENTED_EDGE('',*,*,#3577,.F.);
#1257=ORIENTED_EDGE('',*,*,#3578,.F.);
#1258=ORIENTED_EDGE('',*,*,#3579,.T.);
#1259=ORIENTED_EDGE('',*,*,#3575,.T.);
#1260=ORIENTED_EDGE('',*,*,#3580,.F.);
#1261=ORIENTED_EDGE('',*,*,#3581,.F.);
#1262=ORIENTED_EDGE('',*,*,#3582,.T.);
#1263=ORIENTED_EDGE('',*,*,#3578,.T.);
#1264=ORIENTED_EDGE('',*,*,#3583,.F.);
#1265=ORIENTED_EDGE('',*,*,#3584,.F.);
#1266=ORIENTED_EDGE('',*,*,#3585,.T.);
#1267=ORIENTED_EDGE('',*,*,#3581,.T.);
#1268=ORIENTED_EDGE('',*,*,#3586,.F.);
#1269=ORIENTED_EDGE('',*,*,#3587,.F.);
#1270=ORIENTED_EDGE('',*,*,#3588,.T.);
#1271=ORIENTED_EDGE('',*,*,#3584,.T.);
#1272=ORIENTED_EDGE('',*,*,#3589,.F.);
#1273=ORIENTED_EDGE('',*,*,#3590,.F.);
#1274=ORIENTED_EDGE('',*,*,#3591,.T.);
#1275=ORIENTED_EDGE('',*,*,#3587,.T.);
#1276=ORIENTED_EDGE('',*,*,#3592,.F.);
#1277=ORIENTED_EDGE('',*,*,#3593,.F.);
#1278=ORIENTED_EDGE('',*,*,#3594,.T.);
#1279=ORIENTED_EDGE('',*,*,#3590,.T.);
#1280=ORIENTED_EDGE('',*,*,#3595,.F.);
#1281=ORIENTED_EDGE('',*,*,#3596,.F.);
#1282=ORIENTED_EDGE('',*,*,#3597,.T.);
#1283=ORIENTED_EDGE('',*,*,#3593,.T.);
#1284=ORIENTED_EDGE('',*,*,#3598,.F.);
#1285=ORIENTED_EDGE('',*,*,#3599,.F.);
#1286=ORIENTED_EDGE('',*,*,#3600,.T.);
#1287=ORIENTED_EDGE('',*,*,#3596,.T.);
#1288=ORIENTED_EDGE('',*,*,#3601,.F.);
#1289=ORIENTED_EDGE('',*,*,#3602,.F.);
#1290=ORIENTED_EDGE('',*,*,#3603,.T.);
#1291=ORIENTED_EDGE('',*,*,#3599,.T.);
#1292=ORIENTED_EDGE('',*,*,#3604,.F.);
#1293=ORIENTED_EDGE('',*,*,#3605,.F.);
#1294=ORIENTED_EDGE('',*,*,#3606,.T.);
#1295=ORIENTED_EDGE('',*,*,#3602,.T.);
#1296=ORIENTED_EDGE('',*,*,#3607,.F.);
#1297=ORIENTED_EDGE('',*,*,#3608,.F.);
#1298=ORIENTED_EDGE('',*,*,#3609,.T.);
#1299=ORIENTED_EDGE('',*,*,#3605,.T.);
#1300=ORIENTED_EDGE('',*,*,#3610,.F.);
#1301=ORIENTED_EDGE('',*,*,#3611,.F.);
#1302=ORIENTED_EDGE('',*,*,#3612,.T.);
#1303=ORIENTED_EDGE('',*,*,#3608,.T.);
#1304=ORIENTED_EDGE('',*,*,#3613,.F.);
#1305=ORIENTED_EDGE('',*,*,#3614,.F.);
#1306=ORIENTED_EDGE('',*,*,#3615,.T.);
#1307=ORIENTED_EDGE('',*,*,#3611,.T.);
#1308=ORIENTED_EDGE('',*,*,#3616,.F.);
#1309=ORIENTED_EDGE('',*,*,#3617,.F.);
#1310=ORIENTED_EDGE('',*,*,#3618,.T.);
#1311=ORIENTED_EDGE('',*,*,#3614,.T.);
#1312=ORIENTED_EDGE('',*,*,#3619,.F.);
#1313=ORIENTED_EDGE('',*,*,#3620,.F.);
#1314=ORIENTED_EDGE('',*,*,#3621,.T.);
#1315=ORIENTED_EDGE('',*,*,#3617,.T.);
#1316=ORIENTED_EDGE('',*,*,#3622,.F.);
#1317=ORIENTED_EDGE('',*,*,#3623,.F.);
#1318=ORIENTED_EDGE('',*,*,#3624,.T.);
#1319=ORIENTED_EDGE('',*,*,#3620,.T.);
#1320=ORIENTED_EDGE('',*,*,#3625,.F.);
#1321=ORIENTED_EDGE('',*,*,#3626,.F.);
#1322=ORIENTED_EDGE('',*,*,#3627,.T.);
#1323=ORIENTED_EDGE('',*,*,#3623,.T.);
#1324=ORIENTED_EDGE('',*,*,#3628,.F.);
#1325=ORIENTED_EDGE('',*,*,#3629,.F.);
#1326=ORIENTED_EDGE('',*,*,#3630,.T.);
#1327=ORIENTED_EDGE('',*,*,#3626,.T.);
#1328=ORIENTED_EDGE('',*,*,#3631,.F.);
#1329=ORIENTED_EDGE('',*,*,#3632,.F.);
#1330=ORIENTED_EDGE('',*,*,#3633,.T.);
#1331=ORIENTED_EDGE('',*,*,#3629,.T.);
#1332=ORIENTED_EDGE('',*,*,#3634,.F.);
#1333=ORIENTED_EDGE('',*,*,#3635,.F.);
#1334=ORIENTED_EDGE('',*,*,#3636,.T.);
#1335=ORIENTED_EDGE('',*,*,#3632,.T.);
#1336=ORIENTED_EDGE('',*,*,#3637,.F.);
#1337=ORIENTED_EDGE('',*,*,#3638,.F.);
#1338=ORIENTED_EDGE('',*,*,#3639,.T.);
#1339=ORIENTED_EDGE('',*,*,#3635,.T.);
#1340=ORIENTED_EDGE('',*,*,#3640,.F.);
#1341=ORIENTED_EDGE('',*,*,#3641,.F.);
#1342=ORIENTED_EDGE('',*,*,#3642,.T.);
#1343=ORIENTED_EDGE('',*,*,#3638,.T.);
#1344=ORIENTED_EDGE('',*,*,#3643,.F.);
#1345=ORIENTED_EDGE('',*,*,#3644,.F.);
#1346=ORIENTED_EDGE('',*,*,#3645,.T.);
#1347=ORIENTED_EDGE('',*,*,#3641,.T.);
#1348=ORIENTED_EDGE('',*,*,#3646,.F.);
#1349=ORIENTED_EDGE('',*,*,#3647,.F.);
#1350=ORIENTED_EDGE('',*,*,#3648,.T.);
#1351=ORIENTED_EDGE('',*,*,#3644,.T.);
#1352=ORIENTED_EDGE('',*,*,#3649,.F.);
#1353=ORIENTED_EDGE('',*,*,#3650,.F.);
#1354=ORIENTED_EDGE('',*,*,#3651,.T.);
#1355=ORIENTED_EDGE('',*,*,#3647,.T.);
#1356=ORIENTED_EDGE('',*,*,#3652,.F.);
#1357=ORIENTED_EDGE('',*,*,#3653,.F.);
#1358=ORIENTED_EDGE('',*,*,#3654,.T.);
#1359=ORIENTED_EDGE('',*,*,#3650,.T.);
#1360=ORIENTED_EDGE('',*,*,#3655,.F.);
#1361=ORIENTED_EDGE('',*,*,#3656,.F.);
#1362=ORIENTED_EDGE('',*,*,#3657,.T.);
#1363=ORIENTED_EDGE('',*,*,#3653,.T.);
#1364=ORIENTED_EDGE('',*,*,#3658,.F.);
#1365=ORIENTED_EDGE('',*,*,#3659,.F.);
#1366=ORIENTED_EDGE('',*,*,#3660,.T.);
#1367=ORIENTED_EDGE('',*,*,#3656,.T.);
#1368=ORIENTED_EDGE('',*,*,#3661,.F.);
#1369=ORIENTED_EDGE('',*,*,#3662,.F.);
#1370=ORIENTED_EDGE('',*,*,#3663,.T.);
#1371=ORIENTED_EDGE('',*,*,#3659,.T.);
#1372=ORIENTED_EDGE('',*,*,#3664,.F.);
#1373=ORIENTED_EDGE('',*,*,#3665,.F.);
#1374=ORIENTED_EDGE('',*,*,#3666,.T.);
#1375=ORIENTED_EDGE('',*,*,#3662,.T.);
#1376=ORIENTED_EDGE('',*,*,#3667,.F.);
#1377=ORIENTED_EDGE('',*,*,#3668,.F.);
#1378=ORIENTED_EDGE('',*,*,#3669,.T.);
#1379=ORIENTED_EDGE('',*,*,#3665,.T.);
#1380=ORIENTED_EDGE('',*,*,#3670,.F.);
#1381=ORIENTED_EDGE('',*,*,#3671,.F.);
#1382=ORIENTED_EDGE('',*,*,#3672,.T.);
#1383=ORIENTED_EDGE('',*,*,#3668,.T.);
#1384=ORIENTED_EDGE('',*,*,#3673,.F.);
#1385=ORIENTED_EDGE('',*,*,#3674,.F.);
#1386=ORIENTED_EDGE('',*,*,#3675,.T.);
#1387=ORIENTED_EDGE('',*,*,#3671,.T.);
#1388=ORIENTED_EDGE('',*,*,#3676,.F.);
#1389=ORIENTED_EDGE('',*,*,#3677,.F.);
#1390=ORIENTED_EDGE('',*,*,#3678,.T.);
#1391=ORIENTED_EDGE('',*,*,#3674,.T.);
#1392=ORIENTED_EDGE('',*,*,#3679,.F.);
#1393=ORIENTED_EDGE('',*,*,#3680,.F.);
#1394=ORIENTED_EDGE('',*,*,#3681,.T.);
#1395=ORIENTED_EDGE('',*,*,#3677,.T.);
#1396=ORIENTED_EDGE('',*,*,#3682,.F.);
#1397=ORIENTED_EDGE('',*,*,#3683,.F.);
#1398=ORIENTED_EDGE('',*,*,#3684,.T.);
#1399=ORIENTED_EDGE('',*,*,#3680,.T.);
#1400=ORIENTED_EDGE('',*,*,#3685,.F.);
#1401=ORIENTED_EDGE('',*,*,#3686,.F.);
#1402=ORIENTED_EDGE('',*,*,#3687,.T.);
#1403=ORIENTED_EDGE('',*,*,#3683,.T.);
#1404=ORIENTED_EDGE('',*,*,#3688,.F.);
#1405=ORIENTED_EDGE('',*,*,#3689,.F.);
#1406=ORIENTED_EDGE('',*,*,#3690,.T.);
#1407=ORIENTED_EDGE('',*,*,#3686,.T.);
#1408=ORIENTED_EDGE('',*,*,#3691,.F.);
#1409=ORIENTED_EDGE('',*,*,#3692,.F.);
#1410=ORIENTED_EDGE('',*,*,#3693,.T.);
#1411=ORIENTED_EDGE('',*,*,#3689,.T.);
#1412=ORIENTED_EDGE('',*,*,#3694,.F.);
#1413=ORIENTED_EDGE('',*,*,#3695,.F.);
#1414=ORIENTED_EDGE('',*,*,#3696,.T.);
#1415=ORIENTED_EDGE('',*,*,#3692,.T.);
#1416=ORIENTED_EDGE('',*,*,#3697,.F.);
#1417=ORIENTED_EDGE('',*,*,#3698,.F.);
#1418=ORIENTED_EDGE('',*,*,#3699,.T.);
#1419=ORIENTED_EDGE('',*,*,#3695,.T.);
#1420=ORIENTED_EDGE('',*,*,#3700,.F.);
#1421=ORIENTED_EDGE('',*,*,#3701,.F.);
#1422=ORIENTED_EDGE('',*,*,#3702,.T.);
#1423=ORIENTED_EDGE('',*,*,#3698,.T.);
#1424=ORIENTED_EDGE('',*,*,#3703,.F.);
#1425=ORIENTED_EDGE('',*,*,#3704,.F.);
#1426=ORIENTED_EDGE('',*,*,#3705,.T.);
#1427=ORIENTED_EDGE('',*,*,#3701,.T.);
#1428=ORIENTED_EDGE('',*,*,#3706,.F.);
#1429=ORIENTED_EDGE('',*,*,#3707,.F.);
#1430=ORIENTED_EDGE('',*,*,#3708,.T.);
#1431=ORIENTED_EDGE('',*,*,#3704,.T.);
#1432=ORIENTED_EDGE('',*,*,#3709,.F.);
#1433=ORIENTED_EDGE('',*,*,#3710,.F.);
#1434=ORIENTED_EDGE('',*,*,#3711,.T.);
#1435=ORIENTED_EDGE('',*,*,#3707,.T.);
#1436=ORIENTED_EDGE('',*,*,#3712,.F.);
#1437=ORIENTED_EDGE('',*,*,#3713,.F.);
#1438=ORIENTED_EDGE('',*,*,#3714,.T.);
#1439=ORIENTED_EDGE('',*,*,#3710,.T.);
#1440=ORIENTED_EDGE('',*,*,#3715,.F.);
#1441=ORIENTED_EDGE('',*,*,#3716,.F.);
#1442=ORIENTED_EDGE('',*,*,#3717,.T.);
#1443=ORIENTED_EDGE('',*,*,#3713,.T.);
#1444=ORIENTED_EDGE('',*,*,#3718,.F.);
#1445=ORIENTED_EDGE('',*,*,#3719,.F.);
#1446=ORIENTED_EDGE('',*,*,#3720,.T.);
#1447=ORIENTED_EDGE('',*,*,#3716,.T.);
#1448=ORIENTED_EDGE('',*,*,#3721,.F.);
#1449=ORIENTED_EDGE('',*,*,#3722,.F.);
#1450=ORIENTED_EDGE('',*,*,#3723,.T.);
#1451=ORIENTED_EDGE('',*,*,#3719,.T.);
#1452=ORIENTED_EDGE('',*,*,#3724,.F.);
#1453=ORIENTED_EDGE('',*,*,#3725,.F.);
#1454=ORIENTED_EDGE('',*,*,#3726,.T.);
#1455=ORIENTED_EDGE('',*,*,#3722,.T.);
#1456=ORIENTED_EDGE('',*,*,#3727,.F.);
#1457=ORIENTED_EDGE('',*,*,#3728,.F.);
#1458=ORIENTED_EDGE('',*,*,#3729,.T.);
#1459=ORIENTED_EDGE('',*,*,#3725,.T.);
#1460=ORIENTED_EDGE('',*,*,#3730,.F.);
#1461=ORIENTED_EDGE('',*,*,#3731,.F.);
#1462=ORIENTED_EDGE('',*,*,#3732,.T.);
#1463=ORIENTED_EDGE('',*,*,#3728,.T.);
#1464=ORIENTED_EDGE('',*,*,#3733,.F.);
#1465=ORIENTED_EDGE('',*,*,#3734,.F.);
#1466=ORIENTED_EDGE('',*,*,#3735,.T.);
#1467=ORIENTED_EDGE('',*,*,#3731,.T.);
#1468=ORIENTED_EDGE('',*,*,#3736,.F.);
#1469=ORIENTED_EDGE('',*,*,#3737,.F.);
#1470=ORIENTED_EDGE('',*,*,#3738,.T.);
#1471=ORIENTED_EDGE('',*,*,#3734,.T.);
#1472=ORIENTED_EDGE('',*,*,#3739,.F.);
#1473=ORIENTED_EDGE('',*,*,#3740,.F.);
#1474=ORIENTED_EDGE('',*,*,#3741,.T.);
#1475=ORIENTED_EDGE('',*,*,#3737,.T.);
#1476=ORIENTED_EDGE('',*,*,#3742,.F.);
#1477=ORIENTED_EDGE('',*,*,#3743,.F.);
#1478=ORIENTED_EDGE('',*,*,#3744,.T.);
#1479=ORIENTED_EDGE('',*,*,#3740,.T.);
#1480=ORIENTED_EDGE('',*,*,#3745,.F.);
#1481=ORIENTED_EDGE('',*,*,#3746,.F.);
#1482=ORIENTED_EDGE('',*,*,#3747,.T.);
#1483=ORIENTED_EDGE('',*,*,#3743,.T.);
#1484=ORIENTED_EDGE('',*,*,#3748,.F.);
#1485=ORIENTED_EDGE('',*,*,#3749,.F.);
#1486=ORIENTED_EDGE('',*,*,#3750,.T.);
#1487=ORIENTED_EDGE('',*,*,#3746,.T.);
#1488=ORIENTED_EDGE('',*,*,#3751,.F.);
#1489=ORIENTED_EDGE('',*,*,#3752,.F.);
#1490=ORIENTED_EDGE('',*,*,#3753,.T.);
#1491=ORIENTED_EDGE('',*,*,#3749,.T.);
#1492=ORIENTED_EDGE('',*,*,#3754,.F.);
#1493=ORIENTED_EDGE('',*,*,#3755,.F.);
#1494=ORIENTED_EDGE('',*,*,#3756,.T.);
#1495=ORIENTED_EDGE('',*,*,#3752,.T.);
#1496=ORIENTED_EDGE('',*,*,#3757,.F.);
#1497=ORIENTED_EDGE('',*,*,#3758,.F.);
#1498=ORIENTED_EDGE('',*,*,#3759,.T.);
#1499=ORIENTED_EDGE('',*,*,#3755,.T.);
#1500=ORIENTED_EDGE('',*,*,#3760,.F.);
#1501=ORIENTED_EDGE('',*,*,#3761,.F.);
#1502=ORIENTED_EDGE('',*,*,#3762,.T.);
#1503=ORIENTED_EDGE('',*,*,#3758,.T.);
#1504=ORIENTED_EDGE('',*,*,#3763,.F.);
#1505=ORIENTED_EDGE('',*,*,#3764,.F.);
#1506=ORIENTED_EDGE('',*,*,#3765,.T.);
#1507=ORIENTED_EDGE('',*,*,#3761,.T.);
#1508=ORIENTED_EDGE('',*,*,#3766,.F.);
#1509=ORIENTED_EDGE('',*,*,#3767,.F.);
#1510=ORIENTED_EDGE('',*,*,#3768,.T.);
#1511=ORIENTED_EDGE('',*,*,#3764,.T.);
#1512=ORIENTED_EDGE('',*,*,#3769,.F.);
#1513=ORIENTED_EDGE('',*,*,#3770,.F.);
#1514=ORIENTED_EDGE('',*,*,#3771,.T.);
#1515=ORIENTED_EDGE('',*,*,#3767,.T.);
#1516=ORIENTED_EDGE('',*,*,#3772,.F.);
#1517=ORIENTED_EDGE('',*,*,#3773,.F.);
#1518=ORIENTED_EDGE('',*,*,#3774,.T.);
#1519=ORIENTED_EDGE('',*,*,#3770,.T.);
#1520=ORIENTED_EDGE('',*,*,#3775,.F.);
#1521=ORIENTED_EDGE('',*,*,#3776,.F.);
#1522=ORIENTED_EDGE('',*,*,#3777,.T.);
#1523=ORIENTED_EDGE('',*,*,#3773,.T.);
#1524=ORIENTED_EDGE('',*,*,#3778,.F.);
#1525=ORIENTED_EDGE('',*,*,#3779,.F.);
#1526=ORIENTED_EDGE('',*,*,#3780,.T.);
#1527=ORIENTED_EDGE('',*,*,#3776,.T.);
#1528=ORIENTED_EDGE('',*,*,#3781,.F.);
#1529=ORIENTED_EDGE('',*,*,#3782,.F.);
#1530=ORIENTED_EDGE('',*,*,#3783,.T.);
#1531=ORIENTED_EDGE('',*,*,#3779,.T.);
#1532=ORIENTED_EDGE('',*,*,#3784,.F.);
#1533=ORIENTED_EDGE('',*,*,#3785,.F.);
#1534=ORIENTED_EDGE('',*,*,#3786,.T.);
#1535=ORIENTED_EDGE('',*,*,#3782,.T.);
#1536=ORIENTED_EDGE('',*,*,#3787,.F.);
#1537=ORIENTED_EDGE('',*,*,#3788,.F.);
#1538=ORIENTED_EDGE('',*,*,#3789,.T.);
#1539=ORIENTED_EDGE('',*,*,#3785,.T.);
#1540=ORIENTED_EDGE('',*,*,#3790,.F.);
#1541=ORIENTED_EDGE('',*,*,#3791,.F.);
#1542=ORIENTED_EDGE('',*,*,#3792,.T.);
#1543=ORIENTED_EDGE('',*,*,#3788,.T.);
#1544=ORIENTED_EDGE('',*,*,#3793,.F.);
#1545=ORIENTED_EDGE('',*,*,#3794,.F.);
#1546=ORIENTED_EDGE('',*,*,#3795,.T.);
#1547=ORIENTED_EDGE('',*,*,#3791,.T.);
#1548=ORIENTED_EDGE('',*,*,#3796,.F.);
#1549=ORIENTED_EDGE('',*,*,#3797,.F.);
#1550=ORIENTED_EDGE('',*,*,#3798,.T.);
#1551=ORIENTED_EDGE('',*,*,#3794,.T.);
#1552=ORIENTED_EDGE('',*,*,#3799,.F.);
#1553=ORIENTED_EDGE('',*,*,#3800,.F.);
#1554=ORIENTED_EDGE('',*,*,#3801,.T.);
#1555=ORIENTED_EDGE('',*,*,#3797,.T.);
#1556=ORIENTED_EDGE('',*,*,#3802,.F.);
#1557=ORIENTED_EDGE('',*,*,#3803,.F.);
#1558=ORIENTED_EDGE('',*,*,#3804,.T.);
#1559=ORIENTED_EDGE('',*,*,#3800,.T.);
#1560=ORIENTED_EDGE('',*,*,#3805,.F.);
#1561=ORIENTED_EDGE('',*,*,#3806,.F.);
#1562=ORIENTED_EDGE('',*,*,#3807,.T.);
#1563=ORIENTED_EDGE('',*,*,#3803,.T.);
#1564=ORIENTED_EDGE('',*,*,#3808,.F.);
#1565=ORIENTED_EDGE('',*,*,#3809,.F.);
#1566=ORIENTED_EDGE('',*,*,#3810,.T.);
#1567=ORIENTED_EDGE('',*,*,#3806,.T.);
#1568=ORIENTED_EDGE('',*,*,#3811,.F.);
#1569=ORIENTED_EDGE('',*,*,#3812,.F.);
#1570=ORIENTED_EDGE('',*,*,#3813,.T.);
#1571=ORIENTED_EDGE('',*,*,#3809,.T.);
#1572=ORIENTED_EDGE('',*,*,#3814,.F.);
#1573=ORIENTED_EDGE('',*,*,#3815,.F.);
#1574=ORIENTED_EDGE('',*,*,#3816,.T.);
#1575=ORIENTED_EDGE('',*,*,#3812,.T.);
#1576=ORIENTED_EDGE('',*,*,#3817,.F.);
#1577=ORIENTED_EDGE('',*,*,#3818,.F.);
#1578=ORIENTED_EDGE('',*,*,#3819,.T.);
#1579=ORIENTED_EDGE('',*,*,#3815,.T.);
#1580=ORIENTED_EDGE('',*,*,#3820,.F.);
#1581=ORIENTED_EDGE('',*,*,#3821,.F.);
#1582=ORIENTED_EDGE('',*,*,#3822,.T.);
#1583=ORIENTED_EDGE('',*,*,#3818,.T.);
#1584=ORIENTED_EDGE('',*,*,#3823,.F.);
#1585=ORIENTED_EDGE('',*,*,#3824,.F.);
#1586=ORIENTED_EDGE('',*,*,#3825,.T.);
#1587=ORIENTED_EDGE('',*,*,#3821,.T.);
#1588=ORIENTED_EDGE('',*,*,#3826,.F.);
#1589=ORIENTED_EDGE('',*,*,#3827,.F.);
#1590=ORIENTED_EDGE('',*,*,#3828,.T.);
#1591=ORIENTED_EDGE('',*,*,#3824,.T.);
#1592=ORIENTED_EDGE('',*,*,#3829,.F.);
#1593=ORIENTED_EDGE('',*,*,#3830,.F.);
#1594=ORIENTED_EDGE('',*,*,#3831,.T.);
#1595=ORIENTED_EDGE('',*,*,#3827,.T.);
#1596=ORIENTED_EDGE('',*,*,#3832,.F.);
#1597=ORIENTED_EDGE('',*,*,#3833,.F.);
#1598=ORIENTED_EDGE('',*,*,#3834,.T.);
#1599=ORIENTED_EDGE('',*,*,#3830,.T.);
#1600=ORIENTED_EDGE('',*,*,#3835,.F.);
#1601=ORIENTED_EDGE('',*,*,#3836,.F.);
#1602=ORIENTED_EDGE('',*,*,#3837,.T.);
#1603=ORIENTED_EDGE('',*,*,#3833,.T.);
#1604=ORIENTED_EDGE('',*,*,#3838,.F.);
#1605=ORIENTED_EDGE('',*,*,#3839,.F.);
#1606=ORIENTED_EDGE('',*,*,#3840,.T.);
#1607=ORIENTED_EDGE('',*,*,#3836,.T.);
#1608=ORIENTED_EDGE('',*,*,#3841,.F.);
#1609=ORIENTED_EDGE('',*,*,#3842,.F.);
#1610=ORIENTED_EDGE('',*,*,#3843,.T.);
#1611=ORIENTED_EDGE('',*,*,#3839,.T.);
#1612=ORIENTED_EDGE('',*,*,#3844,.F.);
#1613=ORIENTED_EDGE('',*,*,#3845,.F.);
#1614=ORIENTED_EDGE('',*,*,#3846,.T.);
#1615=ORIENTED_EDGE('',*,*,#3842,.T.);
#1616=ORIENTED_EDGE('',*,*,#3847,.F.);
#1617=ORIENTED_EDGE('',*,*,#3848,.F.);
#1618=ORIENTED_EDGE('',*,*,#3849,.T.);
#1619=ORIENTED_EDGE('',*,*,#3845,.T.);
#1620=ORIENTED_EDGE('',*,*,#3850,.F.);
#1621=ORIENTED_EDGE('',*,*,#3851,.F.);
#1622=ORIENTED_EDGE('',*,*,#3852,.T.);
#1623=ORIENTED_EDGE('',*,*,#3848,.T.);
#1624=ORIENTED_EDGE('',*,*,#3853,.F.);
#1625=ORIENTED_EDGE('',*,*,#3854,.F.);
#1626=ORIENTED_EDGE('',*,*,#3855,.T.);
#1627=ORIENTED_EDGE('',*,*,#3851,.T.);
#1628=ORIENTED_EDGE('',*,*,#3856,.F.);
#1629=ORIENTED_EDGE('',*,*,#3857,.F.);
#1630=ORIENTED_EDGE('',*,*,#3858,.T.);
#1631=ORIENTED_EDGE('',*,*,#3854,.T.);
#1632=ORIENTED_EDGE('',*,*,#3859,.F.);
#1633=ORIENTED_EDGE('',*,*,#3860,.F.);
#1634=ORIENTED_EDGE('',*,*,#3861,.T.);
#1635=ORIENTED_EDGE('',*,*,#3857,.T.);
#1636=ORIENTED_EDGE('',*,*,#3862,.F.);
#1637=ORIENTED_EDGE('',*,*,#3863,.F.);
#1638=ORIENTED_EDGE('',*,*,#3864,.T.);
#1639=ORIENTED_EDGE('',*,*,#3860,.T.);
#1640=ORIENTED_EDGE('',*,*,#3865,.F.);
#1641=ORIENTED_EDGE('',*,*,#3866,.F.);
#1642=ORIENTED_EDGE('',*,*,#3867,.T.);
#1643=ORIENTED_EDGE('',*,*,#3863,.T.);
#1644=ORIENTED_EDGE('',*,*,#3868,.F.);
#1645=ORIENTED_EDGE('',*,*,#3869,.F.);
#1646=ORIENTED_EDGE('',*,*,#3870,.T.);
#1647=ORIENTED_EDGE('',*,*,#3866,.T.);
#1648=ORIENTED_EDGE('',*,*,#3871,.F.);
#1649=ORIENTED_EDGE('',*,*,#3872,.F.);
#1650=ORIENTED_EDGE('',*,*,#3873,.T.);
#1651=ORIENTED_EDGE('',*,*,#3869,.T.);
#1652=ORIENTED_EDGE('',*,*,#3874,.F.);
#1653=ORIENTED_EDGE('',*,*,#3875,.F.);
#1654=ORIENTED_EDGE('',*,*,#3876,.T.);
#1655=ORIENTED_EDGE('',*,*,#3872,.T.);
#1656=ORIENTED_EDGE('',*,*,#3877,.F.);
#1657=ORIENTED_EDGE('',*,*,#3878,.F.);
#1658=ORIENTED_EDGE('',*,*,#3879,.T.);
#1659=ORIENTED_EDGE('',*,*,#3875,.T.);
#1660=ORIENTED_EDGE('',*,*,#3880,.F.);
#1661=ORIENTED_EDGE('',*,*,#3881,.F.);
#1662=ORIENTED_EDGE('',*,*,#3882,.T.);
#1663=ORIENTED_EDGE('',*,*,#3878,.T.);
#1664=ORIENTED_EDGE('',*,*,#3883,.F.);
#1665=ORIENTED_EDGE('',*,*,#3884,.F.);
#1666=ORIENTED_EDGE('',*,*,#3885,.T.);
#1667=ORIENTED_EDGE('',*,*,#3881,.T.);
#1668=ORIENTED_EDGE('',*,*,#3886,.F.);
#1669=ORIENTED_EDGE('',*,*,#3887,.F.);
#1670=ORIENTED_EDGE('',*,*,#3888,.T.);
#1671=ORIENTED_EDGE('',*,*,#3884,.T.);
#1672=ORIENTED_EDGE('',*,*,#3889,.F.);
#1673=ORIENTED_EDGE('',*,*,#3890,.F.);
#1674=ORIENTED_EDGE('',*,*,#3891,.T.);
#1675=ORIENTED_EDGE('',*,*,#3887,.T.);
#1676=ORIENTED_EDGE('',*,*,#3892,.F.);
#1677=ORIENTED_EDGE('',*,*,#3893,.F.);
#1678=ORIENTED_EDGE('',*,*,#3894,.T.);
#1679=ORIENTED_EDGE('',*,*,#3890,.T.);
#1680=ORIENTED_EDGE('',*,*,#3895,.F.);
#1681=ORIENTED_EDGE('',*,*,#3896,.F.);
#1682=ORIENTED_EDGE('',*,*,#3897,.T.);
#1683=ORIENTED_EDGE('',*,*,#3893,.T.);
#1684=ORIENTED_EDGE('',*,*,#3898,.F.);
#1685=ORIENTED_EDGE('',*,*,#3899,.F.);
#1686=ORIENTED_EDGE('',*,*,#3900,.T.);
#1687=ORIENTED_EDGE('',*,*,#3896,.T.);
#1688=ORIENTED_EDGE('',*,*,#3901,.F.);
#1689=ORIENTED_EDGE('',*,*,#3902,.F.);
#1690=ORIENTED_EDGE('',*,*,#3903,.T.);
#1691=ORIENTED_EDGE('',*,*,#3899,.T.);
#1692=ORIENTED_EDGE('',*,*,#3904,.F.);
#1693=ORIENTED_EDGE('',*,*,#3905,.F.);
#1694=ORIENTED_EDGE('',*,*,#3906,.T.);
#1695=ORIENTED_EDGE('',*,*,#3902,.T.);
#1696=ORIENTED_EDGE('',*,*,#3907,.F.);
#1697=ORIENTED_EDGE('',*,*,#3908,.F.);
#1698=ORIENTED_EDGE('',*,*,#3909,.T.);
#1699=ORIENTED_EDGE('',*,*,#3905,.T.);
#1700=ORIENTED_EDGE('',*,*,#3910,.F.);
#1701=ORIENTED_EDGE('',*,*,#3911,.F.);
#1702=ORIENTED_EDGE('',*,*,#3912,.T.);
#1703=ORIENTED_EDGE('',*,*,#3908,.T.);
#1704=ORIENTED_EDGE('',*,*,#3913,.F.);
#1705=ORIENTED_EDGE('',*,*,#3914,.F.);
#1706=ORIENTED_EDGE('',*,*,#3915,.T.);
#1707=ORIENTED_EDGE('',*,*,#3911,.T.);
#1708=ORIENTED_EDGE('',*,*,#3916,.F.);
#1709=ORIENTED_EDGE('',*,*,#3917,.F.);
#1710=ORIENTED_EDGE('',*,*,#3918,.T.);
#1711=ORIENTED_EDGE('',*,*,#3914,.T.);
#1712=ORIENTED_EDGE('',*,*,#3919,.F.);
#1713=ORIENTED_EDGE('',*,*,#3920,.F.);
#1714=ORIENTED_EDGE('',*,*,#3921,.T.);
#1715=ORIENTED_EDGE('',*,*,#3917,.T.);
#1716=ORIENTED_EDGE('',*,*,#3922,.F.);
#1717=ORIENTED_EDGE('',*,*,#3923,.F.);
#1718=ORIENTED_EDGE('',*,*,#3924,.T.);
#1719=ORIENTED_EDGE('',*,*,#3920,.T.);
#1720=ORIENTED_EDGE('',*,*,#3925,.F.);
#1721=ORIENTED_EDGE('',*,*,#3926,.F.);
#1722=ORIENTED_EDGE('',*,*,#3927,.T.);
#1723=ORIENTED_EDGE('',*,*,#3923,.T.);
#1724=ORIENTED_EDGE('',*,*,#3928,.F.);
#1725=ORIENTED_EDGE('',*,*,#3929,.F.);
#1726=ORIENTED_EDGE('',*,*,#3930,.T.);
#1727=ORIENTED_EDGE('',*,*,#3926,.T.);
#1728=ORIENTED_EDGE('',*,*,#3931,.F.);
#1729=ORIENTED_EDGE('',*,*,#3932,.F.);
#1730=ORIENTED_EDGE('',*,*,#3933,.T.);
#1731=ORIENTED_EDGE('',*,*,#3929,.T.);
#1732=ORIENTED_EDGE('',*,*,#3934,.F.);
#1733=ORIENTED_EDGE('',*,*,#3935,.F.);
#1734=ORIENTED_EDGE('',*,*,#3936,.T.);
#1735=ORIENTED_EDGE('',*,*,#3932,.T.);
#1736=ORIENTED_EDGE('',*,*,#3937,.F.);
#1737=ORIENTED_EDGE('',*,*,#3938,.F.);
#1738=ORIENTED_EDGE('',*,*,#3939,.T.);
#1739=ORIENTED_EDGE('',*,*,#3935,.T.);
#1740=ORIENTED_EDGE('',*,*,#3940,.F.);
#1741=ORIENTED_EDGE('',*,*,#3941,.F.);
#1742=ORIENTED_EDGE('',*,*,#3942,.T.);
#1743=ORIENTED_EDGE('',*,*,#3938,.T.);
#1744=ORIENTED_EDGE('',*,*,#3943,.F.);
#1745=ORIENTED_EDGE('',*,*,#3944,.F.);
#1746=ORIENTED_EDGE('',*,*,#3945,.T.);
#1747=ORIENTED_EDGE('',*,*,#3941,.T.);
#1748=ORIENTED_EDGE('',*,*,#3946,.F.);
#1749=ORIENTED_EDGE('',*,*,#3947,.F.);
#1750=ORIENTED_EDGE('',*,*,#3948,.T.);
#1751=ORIENTED_EDGE('',*,*,#3944,.T.);
#1752=ORIENTED_EDGE('',*,*,#3949,.F.);
#1753=ORIENTED_EDGE('',*,*,#3950,.F.);
#1754=ORIENTED_EDGE('',*,*,#3951,.T.);
#1755=ORIENTED_EDGE('',*,*,#3947,.T.);
#1756=ORIENTED_EDGE('',*,*,#3952,.T.);
#1757=ORIENTED_EDGE('',*,*,#3953,.F.);
#1758=ORIENTED_EDGE('',*,*,#3954,.F.);
#1759=ORIENTED_EDGE('',*,*,#3950,.T.);
#1760=ORIENTED_EDGE('',*,*,#3955,.T.);
#1761=ORIENTED_EDGE('',*,*,#2859,.F.);
#1762=ORIENTED_EDGE('',*,*,#3956,.F.);
#1763=ORIENTED_EDGE('',*,*,#2864,.T.);
#1764=ORIENTED_EDGE('',*,*,#3957,.F.);
#1765=ORIENTED_EDGE('',*,*,#2869,.F.);
#1766=ORIENTED_EDGE('',*,*,#3958,.T.);
#1767=ORIENTED_EDGE('',*,*,#2880,.T.);
#1768=ORIENTED_EDGE('',*,*,#3959,.F.);
#1769=ORIENTED_EDGE('',*,*,#2885,.F.);
#1770=ORIENTED_EDGE('',*,*,#3960,.T.);
#1771=ORIENTED_EDGE('',*,*,#2896,.T.);
#1772=ORIENTED_EDGE('',*,*,#3961,.F.);
#1773=ORIENTED_EDGE('',*,*,#2901,.F.);
#1774=ORIENTED_EDGE('',*,*,#3962,.T.);
#1775=ORIENTED_EDGE('',*,*,#2912,.T.);
#1776=ORIENTED_EDGE('',*,*,#3963,.F.);
#1777=ORIENTED_EDGE('',*,*,#2917,.F.);
#1778=ORIENTED_EDGE('',*,*,#3964,.T.);
#1779=ORIENTED_EDGE('',*,*,#2928,.T.);
#1780=ORIENTED_EDGE('',*,*,#3965,.F.);
#1781=ORIENTED_EDGE('',*,*,#2933,.F.);
#1782=ORIENTED_EDGE('',*,*,#3966,.T.);
#1783=ORIENTED_EDGE('',*,*,#2944,.T.);
#1784=ORIENTED_EDGE('',*,*,#3967,.F.);
#1785=ORIENTED_EDGE('',*,*,#2949,.F.);
#1786=ORIENTED_EDGE('',*,*,#3968,.T.);
#1787=ORIENTED_EDGE('',*,*,#2960,.T.);
#1788=ORIENTED_EDGE('',*,*,#3969,.F.);
#1789=ORIENTED_EDGE('',*,*,#2965,.F.);
#1790=ORIENTED_EDGE('',*,*,#3970,.T.);
#1791=ORIENTED_EDGE('',*,*,#2976,.T.);
#1792=ORIENTED_EDGE('',*,*,#3971,.F.);
#1793=ORIENTED_EDGE('',*,*,#2981,.F.);
#1794=ORIENTED_EDGE('',*,*,#3972,.T.);
#1795=ORIENTED_EDGE('',*,*,#2992,.T.);
#1796=ORIENTED_EDGE('',*,*,#3973,.F.);
#1797=ORIENTED_EDGE('',*,*,#2997,.F.);
#1798=ORIENTED_EDGE('',*,*,#3974,.T.);
#1799=ORIENTED_EDGE('',*,*,#3002,.T.);
#1800=ORIENTED_EDGE('',*,*,#3975,.F.);
#1801=ORIENTED_EDGE('',*,*,#3007,.F.);
#1802=ORIENTED_EDGE('',*,*,#3976,.T.);
#1803=ORIENTED_EDGE('',*,*,#3012,.T.);
#1804=ORIENTED_EDGE('',*,*,#3977,.F.);
#1805=ORIENTED_EDGE('',*,*,#3017,.F.);
#1806=ORIENTED_EDGE('',*,*,#3978,.T.);
#1807=ORIENTED_EDGE('',*,*,#3022,.T.);
#1808=ORIENTED_EDGE('',*,*,#3979,.F.);
#1809=ORIENTED_EDGE('',*,*,#3027,.F.);
#1810=ORIENTED_EDGE('',*,*,#3980,.T.);
#1811=ORIENTED_EDGE('',*,*,#3032,.T.);
#1812=ORIENTED_EDGE('',*,*,#3981,.F.);
#1813=ORIENTED_EDGE('',*,*,#3037,.F.);
#1814=ORIENTED_EDGE('',*,*,#3982,.T.);
#1815=ORIENTED_EDGE('',*,*,#3042,.T.);
#1816=ORIENTED_EDGE('',*,*,#3983,.F.);
#1817=ORIENTED_EDGE('',*,*,#3047,.F.);
#1818=ORIENTED_EDGE('',*,*,#3984,.T.);
#1819=ORIENTED_EDGE('',*,*,#3052,.T.);
#1820=ORIENTED_EDGE('',*,*,#3985,.F.);
#1821=ORIENTED_EDGE('',*,*,#3057,.F.);
#1822=ORIENTED_EDGE('',*,*,#3986,.T.);
#1823=ORIENTED_EDGE('',*,*,#3062,.T.);
#1824=ORIENTED_EDGE('',*,*,#3987,.F.);
#1825=ORIENTED_EDGE('',*,*,#3067,.F.);
#1826=ORIENTED_EDGE('',*,*,#3988,.T.);
#1827=ORIENTED_EDGE('',*,*,#3072,.T.);
#1828=ORIENTED_EDGE('',*,*,#3989,.F.);
#1829=ORIENTED_EDGE('',*,*,#3077,.F.);
#1830=ORIENTED_EDGE('',*,*,#3990,.T.);
#1831=ORIENTED_EDGE('',*,*,#3082,.T.);
#1832=ORIENTED_EDGE('',*,*,#3991,.F.);
#1833=ORIENTED_EDGE('',*,*,#3087,.F.);
#1834=ORIENTED_EDGE('',*,*,#3992,.T.);
#1835=ORIENTED_EDGE('',*,*,#3092,.T.);
#1836=ORIENTED_EDGE('',*,*,#3993,.F.);
#1837=ORIENTED_EDGE('',*,*,#3097,.F.);
#1838=ORIENTED_EDGE('',*,*,#3994,.T.);
#1839=ORIENTED_EDGE('',*,*,#3102,.T.);
#1840=ORIENTED_EDGE('',*,*,#3995,.F.);
#1841=ORIENTED_EDGE('',*,*,#3107,.F.);
#1842=ORIENTED_EDGE('',*,*,#3996,.T.);
#1843=ORIENTED_EDGE('',*,*,#3112,.T.);
#1844=ORIENTED_EDGE('',*,*,#3997,.F.);
#1845=ORIENTED_EDGE('',*,*,#3117,.F.);
#1846=ORIENTED_EDGE('',*,*,#3998,.T.);
#1847=ORIENTED_EDGE('',*,*,#3122,.T.);
#1848=ORIENTED_EDGE('',*,*,#3999,.F.);
#1849=ORIENTED_EDGE('',*,*,#3127,.F.);
#1850=ORIENTED_EDGE('',*,*,#4000,.T.);
#1851=ORIENTED_EDGE('',*,*,#3132,.T.);
#1852=ORIENTED_EDGE('',*,*,#4001,.F.);
#1853=ORIENTED_EDGE('',*,*,#3137,.F.);
#1854=ORIENTED_EDGE('',*,*,#4002,.T.);
#1855=ORIENTED_EDGE('',*,*,#3142,.T.);
#1856=ORIENTED_EDGE('',*,*,#4003,.F.);
#1857=ORIENTED_EDGE('',*,*,#3147,.F.);
#1858=ORIENTED_EDGE('',*,*,#4004,.T.);
#1859=ORIENTED_EDGE('',*,*,#3152,.T.);
#1860=ORIENTED_EDGE('',*,*,#4005,.F.);
#1861=ORIENTED_EDGE('',*,*,#3157,.F.);
#1862=ORIENTED_EDGE('',*,*,#4006,.T.);
#1863=ORIENTED_EDGE('',*,*,#3162,.T.);
#1864=ORIENTED_EDGE('',*,*,#4007,.F.);
#1865=ORIENTED_EDGE('',*,*,#3167,.F.);
#1866=ORIENTED_EDGE('',*,*,#4008,.T.);
#1867=ORIENTED_EDGE('',*,*,#3172,.T.);
#1868=ORIENTED_EDGE('',*,*,#4009,.F.);
#1869=ORIENTED_EDGE('',*,*,#3177,.F.);
#1870=ORIENTED_EDGE('',*,*,#4010,.T.);
#1871=ORIENTED_EDGE('',*,*,#3182,.T.);
#1872=ORIENTED_EDGE('',*,*,#4011,.F.);
#1873=ORIENTED_EDGE('',*,*,#3187,.F.);
#1874=ORIENTED_EDGE('',*,*,#4012,.T.);
#1875=ORIENTED_EDGE('',*,*,#3192,.T.);
#1876=ORIENTED_EDGE('',*,*,#4013,.F.);
#1877=ORIENTED_EDGE('',*,*,#3197,.F.);
#1878=ORIENTED_EDGE('',*,*,#4014,.T.);
#1879=ORIENTED_EDGE('',*,*,#3202,.T.);
#1880=ORIENTED_EDGE('',*,*,#4015,.F.);
#1881=ORIENTED_EDGE('',*,*,#3207,.F.);
#1882=ORIENTED_EDGE('',*,*,#4016,.T.);
#1883=ORIENTED_EDGE('',*,*,#3212,.T.);
#1884=ORIENTED_EDGE('',*,*,#4017,.F.);
#1885=ORIENTED_EDGE('',*,*,#3217,.F.);
#1886=ORIENTED_EDGE('',*,*,#4018,.T.);
#1887=ORIENTED_EDGE('',*,*,#3222,.T.);
#1888=ORIENTED_EDGE('',*,*,#4019,.F.);
#1889=ORIENTED_EDGE('',*,*,#3227,.F.);
#1890=ORIENTED_EDGE('',*,*,#4020,.T.);
#1891=ORIENTED_EDGE('',*,*,#3232,.T.);
#1892=ORIENTED_EDGE('',*,*,#4021,.F.);
#1893=ORIENTED_EDGE('',*,*,#3237,.F.);
#1894=ORIENTED_EDGE('',*,*,#4022,.T.);
#1895=ORIENTED_EDGE('',*,*,#3242,.T.);
#1896=ORIENTED_EDGE('',*,*,#4023,.F.);
#1897=ORIENTED_EDGE('',*,*,#3247,.F.);
#1898=ORIENTED_EDGE('',*,*,#4024,.T.);
#1899=ORIENTED_EDGE('',*,*,#3252,.T.);
#1900=ORIENTED_EDGE('',*,*,#4025,.F.);
#1901=ORIENTED_EDGE('',*,*,#3257,.F.);
#1902=ORIENTED_EDGE('',*,*,#4026,.T.);
#1903=ORIENTED_EDGE('',*,*,#3262,.T.);
#1904=ORIENTED_EDGE('',*,*,#4027,.F.);
#1905=ORIENTED_EDGE('',*,*,#3267,.F.);
#1906=ORIENTED_EDGE('',*,*,#4028,.T.);
#1907=ORIENTED_EDGE('',*,*,#3272,.T.);
#1908=ORIENTED_EDGE('',*,*,#4029,.F.);
#1909=ORIENTED_EDGE('',*,*,#3277,.F.);
#1910=ORIENTED_EDGE('',*,*,#4030,.T.);
#1911=ORIENTED_EDGE('',*,*,#3282,.T.);
#1912=ORIENTED_EDGE('',*,*,#4031,.F.);
#1913=ORIENTED_EDGE('',*,*,#3287,.F.);
#1914=ORIENTED_EDGE('',*,*,#4032,.T.);
#1915=ORIENTED_EDGE('',*,*,#3292,.T.);
#1916=ORIENTED_EDGE('',*,*,#4033,.F.);
#1917=ORIENTED_EDGE('',*,*,#3297,.F.);
#1918=ORIENTED_EDGE('',*,*,#4034,.T.);
#1919=ORIENTED_EDGE('',*,*,#3302,.T.);
#1920=ORIENTED_EDGE('',*,*,#4035,.F.);
#1921=ORIENTED_EDGE('',*,*,#3307,.F.);
#1922=ORIENTED_EDGE('',*,*,#4036,.T.);
#1923=ORIENTED_EDGE('',*,*,#3312,.T.);
#1924=ORIENTED_EDGE('',*,*,#4037,.F.);
#1925=ORIENTED_EDGE('',*,*,#3317,.F.);
#1926=ORIENTED_EDGE('',*,*,#4038,.T.);
#1927=ORIENTED_EDGE('',*,*,#3322,.T.);
#1928=ORIENTED_EDGE('',*,*,#4039,.F.);
#1929=ORIENTED_EDGE('',*,*,#3327,.F.);
#1930=ORIENTED_EDGE('',*,*,#4040,.T.);
#1931=ORIENTED_EDGE('',*,*,#3332,.T.);
#1932=ORIENTED_EDGE('',*,*,#4041,.F.);
#1933=ORIENTED_EDGE('',*,*,#3337,.F.);
#1934=ORIENTED_EDGE('',*,*,#4042,.T.);
#1935=ORIENTED_EDGE('',*,*,#3342,.T.);
#1936=ORIENTED_EDGE('',*,*,#4043,.F.);
#1937=ORIENTED_EDGE('',*,*,#3347,.F.);
#1938=ORIENTED_EDGE('',*,*,#4044,.T.);
#1939=ORIENTED_EDGE('',*,*,#3352,.T.);
#1940=ORIENTED_EDGE('',*,*,#4045,.F.);
#1941=ORIENTED_EDGE('',*,*,#3357,.F.);
#1942=ORIENTED_EDGE('',*,*,#4046,.T.);
#1943=ORIENTED_EDGE('',*,*,#3362,.T.);
#1944=ORIENTED_EDGE('',*,*,#4047,.F.);
#1945=ORIENTED_EDGE('',*,*,#3367,.F.);
#1946=ORIENTED_EDGE('',*,*,#4048,.T.);
#1947=ORIENTED_EDGE('',*,*,#3372,.T.);
#1948=ORIENTED_EDGE('',*,*,#4049,.F.);
#1949=ORIENTED_EDGE('',*,*,#3377,.F.);
#1950=ORIENTED_EDGE('',*,*,#4050,.T.);
#1951=ORIENTED_EDGE('',*,*,#3382,.T.);
#1952=ORIENTED_EDGE('',*,*,#4051,.F.);
#1953=ORIENTED_EDGE('',*,*,#3387,.F.);
#1954=ORIENTED_EDGE('',*,*,#4052,.T.);
#1955=ORIENTED_EDGE('',*,*,#3392,.T.);
#1956=ORIENTED_EDGE('',*,*,#4053,.F.);
#1957=ORIENTED_EDGE('',*,*,#3397,.F.);
#1958=ORIENTED_EDGE('',*,*,#4054,.T.);
#1959=ORIENTED_EDGE('',*,*,#3402,.T.);
#1960=ORIENTED_EDGE('',*,*,#4055,.F.);
#1961=ORIENTED_EDGE('',*,*,#3407,.F.);
#1962=ORIENTED_EDGE('',*,*,#4056,.T.);
#1963=ORIENTED_EDGE('',*,*,#3412,.T.);
#1964=ORIENTED_EDGE('',*,*,#4057,.F.);
#1965=ORIENTED_EDGE('',*,*,#3417,.F.);
#1966=ORIENTED_EDGE('',*,*,#4058,.T.);
#1967=ORIENTED_EDGE('',*,*,#3422,.T.);
#1968=ORIENTED_EDGE('',*,*,#4059,.F.);
#1969=ORIENTED_EDGE('',*,*,#3427,.F.);
#1970=ORIENTED_EDGE('',*,*,#4060,.T.);
#1971=ORIENTED_EDGE('',*,*,#3432,.T.);
#1972=ORIENTED_EDGE('',*,*,#4061,.F.);
#1973=ORIENTED_EDGE('',*,*,#3437,.F.);
#1974=ORIENTED_EDGE('',*,*,#4062,.T.);
#1975=ORIENTED_EDGE('',*,*,#3442,.T.);
#1976=ORIENTED_EDGE('',*,*,#4063,.F.);
#1977=ORIENTED_EDGE('',*,*,#3447,.F.);
#1978=ORIENTED_EDGE('',*,*,#4064,.T.);
#1979=ORIENTED_EDGE('',*,*,#3452,.T.);
#1980=ORIENTED_EDGE('',*,*,#4065,.F.);
#1981=ORIENTED_EDGE('',*,*,#3457,.F.);
#1982=ORIENTED_EDGE('',*,*,#4066,.T.);
#1983=ORIENTED_EDGE('',*,*,#3462,.T.);
#1984=ORIENTED_EDGE('',*,*,#4067,.F.);
#1985=ORIENTED_EDGE('',*,*,#3467,.F.);
#1986=ORIENTED_EDGE('',*,*,#4068,.T.);
#1987=ORIENTED_EDGE('',*,*,#3472,.T.);
#1988=ORIENTED_EDGE('',*,*,#4069,.F.);
#1989=ORIENTED_EDGE('',*,*,#3477,.F.);
#1990=ORIENTED_EDGE('',*,*,#4070,.T.);
#1991=ORIENTED_EDGE('',*,*,#3482,.T.);
#1992=ORIENTED_EDGE('',*,*,#4071,.F.);
#1993=ORIENTED_EDGE('',*,*,#3487,.F.);
#1994=ORIENTED_EDGE('',*,*,#4072,.T.);
#1995=ORIENTED_EDGE('',*,*,#3492,.T.);
#1996=ORIENTED_EDGE('',*,*,#4073,.F.);
#1997=ORIENTED_EDGE('',*,*,#3497,.F.);
#1998=ORIENTED_EDGE('',*,*,#4074,.T.);
#1999=ORIENTED_EDGE('',*,*,#3502,.T.);
#2000=ORIENTED_EDGE('',*,*,#4075,.F.);
#2001=ORIENTED_EDGE('',*,*,#3507,.F.);
#2002=ORIENTED_EDGE('',*,*,#4076,.T.);
#2003=ORIENTED_EDGE('',*,*,#3512,.T.);
#2004=ORIENTED_EDGE('',*,*,#4077,.F.);
#2005=ORIENTED_EDGE('',*,*,#3517,.F.);
#2006=ORIENTED_EDGE('',*,*,#4078,.T.);
#2007=ORIENTED_EDGE('',*,*,#3522,.T.);
#2008=ORIENTED_EDGE('',*,*,#4079,.F.);
#2009=ORIENTED_EDGE('',*,*,#3527,.F.);
#2010=ORIENTED_EDGE('',*,*,#4080,.T.);
#2011=ORIENTED_EDGE('',*,*,#3532,.T.);
#2012=ORIENTED_EDGE('',*,*,#4081,.F.);
#2013=ORIENTED_EDGE('',*,*,#3537,.F.);
#2014=ORIENTED_EDGE('',*,*,#4082,.T.);
#2015=ORIENTED_EDGE('',*,*,#3953,.T.);
#2016=ORIENTED_EDGE('',*,*,#4083,.T.);
#2017=ORIENTED_EDGE('',*,*,#2849,.F.);
#2018=ORIENTED_EDGE('',*,*,#4084,.F.);
#2019=ORIENTED_EDGE('',*,*,#2854,.T.);
#2020=ORIENTED_EDGE('',*,*,#3536,.F.);
#2021=ORIENTED_EDGE('',*,*,#3540,.F.);
#2022=ORIENTED_EDGE('',*,*,#3543,.F.);
#2023=ORIENTED_EDGE('',*,*,#3546,.F.);
#2024=ORIENTED_EDGE('',*,*,#3549,.F.);
#2025=ORIENTED_EDGE('',*,*,#3552,.F.);
#2026=ORIENTED_EDGE('',*,*,#3555,.F.);
#2027=ORIENTED_EDGE('',*,*,#3558,.F.);
#2028=ORIENTED_EDGE('',*,*,#3561,.F.);
#2029=ORIENTED_EDGE('',*,*,#3564,.F.);
#2030=ORIENTED_EDGE('',*,*,#3567,.F.);
#2031=ORIENTED_EDGE('',*,*,#3570,.T.);
#2032=ORIENTED_EDGE('',*,*,#3573,.F.);
#2033=ORIENTED_EDGE('',*,*,#3576,.F.);
#2034=ORIENTED_EDGE('',*,*,#3579,.F.);
#2035=ORIENTED_EDGE('',*,*,#3582,.F.);
#2036=ORIENTED_EDGE('',*,*,#3585,.F.);
#2037=ORIENTED_EDGE('',*,*,#3588,.F.);
#2038=ORIENTED_EDGE('',*,*,#3591,.F.);
#2039=ORIENTED_EDGE('',*,*,#3594,.F.);
#2040=ORIENTED_EDGE('',*,*,#3597,.F.);
#2041=ORIENTED_EDGE('',*,*,#3600,.F.);
#2042=ORIENTED_EDGE('',*,*,#3603,.F.);
#2043=ORIENTED_EDGE('',*,*,#3606,.F.);
#2044=ORIENTED_EDGE('',*,*,#3609,.F.);
#2045=ORIENTED_EDGE('',*,*,#3612,.F.);
#2046=ORIENTED_EDGE('',*,*,#3615,.F.);
#2047=ORIENTED_EDGE('',*,*,#3618,.F.);
#2048=ORIENTED_EDGE('',*,*,#3621,.F.);
#2049=ORIENTED_EDGE('',*,*,#3624,.F.);
#2050=ORIENTED_EDGE('',*,*,#3627,.F.);
#2051=ORIENTED_EDGE('',*,*,#3630,.F.);
#2052=ORIENTED_EDGE('',*,*,#3633,.F.);
#2053=ORIENTED_EDGE('',*,*,#3636,.F.);
#2054=ORIENTED_EDGE('',*,*,#3639,.F.);
#2055=ORIENTED_EDGE('',*,*,#3642,.F.);
#2056=ORIENTED_EDGE('',*,*,#3645,.F.);
#2057=ORIENTED_EDGE('',*,*,#3648,.F.);
#2058=ORIENTED_EDGE('',*,*,#3651,.F.);
#2059=ORIENTED_EDGE('',*,*,#3654,.F.);
#2060=ORIENTED_EDGE('',*,*,#3657,.F.);
#2061=ORIENTED_EDGE('',*,*,#3660,.F.);
#2062=ORIENTED_EDGE('',*,*,#3663,.F.);
#2063=ORIENTED_EDGE('',*,*,#3666,.F.);
#2064=ORIENTED_EDGE('',*,*,#3669,.F.);
#2065=ORIENTED_EDGE('',*,*,#3672,.F.);
#2066=ORIENTED_EDGE('',*,*,#3675,.F.);
#2067=ORIENTED_EDGE('',*,*,#3678,.F.);
#2068=ORIENTED_EDGE('',*,*,#3681,.F.);
#2069=ORIENTED_EDGE('',*,*,#3684,.F.);
#2070=ORIENTED_EDGE('',*,*,#3687,.F.);
#2071=ORIENTED_EDGE('',*,*,#3690,.F.);
#2072=ORIENTED_EDGE('',*,*,#3693,.F.);
#2073=ORIENTED_EDGE('',*,*,#3696,.F.);
#2074=ORIENTED_EDGE('',*,*,#3699,.F.);
#2075=ORIENTED_EDGE('',*,*,#3702,.F.);
#2076=ORIENTED_EDGE('',*,*,#3705,.F.);
#2077=ORIENTED_EDGE('',*,*,#3708,.F.);
#2078=ORIENTED_EDGE('',*,*,#3711,.F.);
#2079=ORIENTED_EDGE('',*,*,#3714,.F.);
#2080=ORIENTED_EDGE('',*,*,#3717,.F.);
#2081=ORIENTED_EDGE('',*,*,#3720,.F.);
#2082=ORIENTED_EDGE('',*,*,#3723,.F.);
#2083=ORIENTED_EDGE('',*,*,#3726,.F.);
#2084=ORIENTED_EDGE('',*,*,#3729,.F.);
#2085=ORIENTED_EDGE('',*,*,#3732,.F.);
#2086=ORIENTED_EDGE('',*,*,#3735,.F.);
#2087=ORIENTED_EDGE('',*,*,#3738,.F.);
#2088=ORIENTED_EDGE('',*,*,#3741,.F.);
#2089=ORIENTED_EDGE('',*,*,#3744,.F.);
#2090=ORIENTED_EDGE('',*,*,#3747,.F.);
#2091=ORIENTED_EDGE('',*,*,#3750,.F.);
#2092=ORIENTED_EDGE('',*,*,#3753,.F.);
#2093=ORIENTED_EDGE('',*,*,#3756,.F.);
#2094=ORIENTED_EDGE('',*,*,#3759,.F.);
#2095=ORIENTED_EDGE('',*,*,#3762,.F.);
#2096=ORIENTED_EDGE('',*,*,#3765,.F.);
#2097=ORIENTED_EDGE('',*,*,#3768,.F.);
#2098=ORIENTED_EDGE('',*,*,#3771,.F.);
#2099=ORIENTED_EDGE('',*,*,#3774,.F.);
#2100=ORIENTED_EDGE('',*,*,#3777,.F.);
#2101=ORIENTED_EDGE('',*,*,#3780,.F.);
#2102=ORIENTED_EDGE('',*,*,#3783,.F.);
#2103=ORIENTED_EDGE('',*,*,#3786,.F.);
#2104=ORIENTED_EDGE('',*,*,#3789,.F.);
#2105=ORIENTED_EDGE('',*,*,#3792,.F.);
#2106=ORIENTED_EDGE('',*,*,#3795,.F.);
#2107=ORIENTED_EDGE('',*,*,#3798,.F.);
#2108=ORIENTED_EDGE('',*,*,#3801,.F.);
#2109=ORIENTED_EDGE('',*,*,#3804,.F.);
#2110=ORIENTED_EDGE('',*,*,#3807,.F.);
#2111=ORIENTED_EDGE('',*,*,#3810,.F.);
#2112=ORIENTED_EDGE('',*,*,#3813,.F.);
#2113=ORIENTED_EDGE('',*,*,#3816,.F.);
#2114=ORIENTED_EDGE('',*,*,#3819,.F.);
#2115=ORIENTED_EDGE('',*,*,#3822,.F.);
#2116=ORIENTED_EDGE('',*,*,#3825,.F.);
#2117=ORIENTED_EDGE('',*,*,#3828,.F.);
#2118=ORIENTED_EDGE('',*,*,#3831,.F.);
#2119=ORIENTED_EDGE('',*,*,#3834,.F.);
#2120=ORIENTED_EDGE('',*,*,#3837,.F.);
#2121=ORIENTED_EDGE('',*,*,#3840,.F.);
#2122=ORIENTED_EDGE('',*,*,#3843,.F.);
#2123=ORIENTED_EDGE('',*,*,#3846,.F.);
#2124=ORIENTED_EDGE('',*,*,#3849,.F.);
#2125=ORIENTED_EDGE('',*,*,#3852,.F.);
#2126=ORIENTED_EDGE('',*,*,#3855,.F.);
#2127=ORIENTED_EDGE('',*,*,#3858,.F.);
#2128=ORIENTED_EDGE('',*,*,#3861,.F.);
#2129=ORIENTED_EDGE('',*,*,#3864,.F.);
#2130=ORIENTED_EDGE('',*,*,#3867,.F.);
#2131=ORIENTED_EDGE('',*,*,#3870,.F.);
#2132=ORIENTED_EDGE('',*,*,#3873,.F.);
#2133=ORIENTED_EDGE('',*,*,#3876,.F.);
#2134=ORIENTED_EDGE('',*,*,#3879,.F.);
#2135=ORIENTED_EDGE('',*,*,#3882,.F.);
#2136=ORIENTED_EDGE('',*,*,#3885,.F.);
#2137=ORIENTED_EDGE('',*,*,#3888,.F.);
#2138=ORIENTED_EDGE('',*,*,#3891,.F.);
#2139=ORIENTED_EDGE('',*,*,#3894,.F.);
#2140=ORIENTED_EDGE('',*,*,#3897,.F.);
#2141=ORIENTED_EDGE('',*,*,#3900,.F.);
#2142=ORIENTED_EDGE('',*,*,#3903,.F.);
#2143=ORIENTED_EDGE('',*,*,#3906,.F.);
#2144=ORIENTED_EDGE('',*,*,#3909,.F.);
#2145=ORIENTED_EDGE('',*,*,#3912,.F.);
#2146=ORIENTED_EDGE('',*,*,#3915,.F.);
#2147=ORIENTED_EDGE('',*,*,#3918,.F.);
#2148=ORIENTED_EDGE('',*,*,#3921,.F.);
#2149=ORIENTED_EDGE('',*,*,#3924,.F.);
#2150=ORIENTED_EDGE('',*,*,#3927,.F.);
#2151=ORIENTED_EDGE('',*,*,#3930,.F.);
#2152=ORIENTED_EDGE('',*,*,#3933,.F.);
#2153=ORIENTED_EDGE('',*,*,#3936,.F.);
#2154=ORIENTED_EDGE('',*,*,#3939,.F.);
#2155=ORIENTED_EDGE('',*,*,#3942,.F.);
#2156=ORIENTED_EDGE('',*,*,#3945,.F.);
#2157=ORIENTED_EDGE('',*,*,#3948,.F.);
#2158=ORIENTED_EDGE('',*,*,#3951,.F.);
#2159=ORIENTED_EDGE('',*,*,#3954,.T.);
#2160=ORIENTED_EDGE('',*,*,#4082,.F.);
#2161=ORIENTED_EDGE('',*,*,#3526,.F.);
#2162=ORIENTED_EDGE('',*,*,#3530,.F.);
#2163=ORIENTED_EDGE('',*,*,#3533,.F.);
#2164=ORIENTED_EDGE('',*,*,#4080,.F.);
#2165=ORIENTED_EDGE('',*,*,#3516,.F.);
#2166=ORIENTED_EDGE('',*,*,#3520,.F.);
#2167=ORIENTED_EDGE('',*,*,#3523,.F.);
#2168=ORIENTED_EDGE('',*,*,#4078,.F.);
#2169=ORIENTED_EDGE('',*,*,#3506,.F.);
#2170=ORIENTED_EDGE('',*,*,#3510,.F.);
#2171=ORIENTED_EDGE('',*,*,#3513,.F.);
#2172=ORIENTED_EDGE('',*,*,#4076,.F.);
#2173=ORIENTED_EDGE('',*,*,#3496,.F.);
#2174=ORIENTED_EDGE('',*,*,#3500,.F.);
#2175=ORIENTED_EDGE('',*,*,#3503,.F.);
#2176=ORIENTED_EDGE('',*,*,#4074,.F.);
#2177=ORIENTED_EDGE('',*,*,#3486,.F.);
#2178=ORIENTED_EDGE('',*,*,#3490,.F.);
#2179=ORIENTED_EDGE('',*,*,#3493,.F.);
#2180=ORIENTED_EDGE('',*,*,#4072,.F.);
#2181=ORIENTED_EDGE('',*,*,#3476,.F.);
#2182=ORIENTED_EDGE('',*,*,#3480,.F.);
#2183=ORIENTED_EDGE('',*,*,#3483,.F.);
#2184=ORIENTED_EDGE('',*,*,#4070,.F.);
#2185=ORIENTED_EDGE('',*,*,#3466,.F.);
#2186=ORIENTED_EDGE('',*,*,#3470,.F.);
#2187=ORIENTED_EDGE('',*,*,#3473,.F.);
#2188=ORIENTED_EDGE('',*,*,#4068,.F.);
#2189=ORIENTED_EDGE('',*,*,#3456,.F.);
#2190=ORIENTED_EDGE('',*,*,#3460,.F.);
#2191=ORIENTED_EDGE('',*,*,#3463,.F.);
#2192=ORIENTED_EDGE('',*,*,#4066,.F.);
#2193=ORIENTED_EDGE('',*,*,#3446,.F.);
#2194=ORIENTED_EDGE('',*,*,#3450,.F.);
#2195=ORIENTED_EDGE('',*,*,#3453,.F.);
#2196=ORIENTED_EDGE('',*,*,#4064,.F.);
#2197=ORIENTED_EDGE('',*,*,#3436,.F.);
#2198=ORIENTED_EDGE('',*,*,#3440,.F.);
#2199=ORIENTED_EDGE('',*,*,#3443,.F.);
#2200=ORIENTED_EDGE('',*,*,#4062,.F.);
#2201=ORIENTED_EDGE('',*,*,#3426,.F.);
#2202=ORIENTED_EDGE('',*,*,#3430,.F.);
#2203=ORIENTED_EDGE('',*,*,#3433,.F.);
#2204=ORIENTED_EDGE('',*,*,#4060,.F.);
#2205=ORIENTED_EDGE('',*,*,#3416,.F.);
#2206=ORIENTED_EDGE('',*,*,#3420,.F.);
#2207=ORIENTED_EDGE('',*,*,#3423,.F.);
#2208=ORIENTED_EDGE('',*,*,#4058,.F.);
#2209=ORIENTED_EDGE('',*,*,#3406,.F.);
#2210=ORIENTED_EDGE('',*,*,#3410,.F.);
#2211=ORIENTED_EDGE('',*,*,#3413,.F.);
#2212=ORIENTED_EDGE('',*,*,#4056,.F.);
#2213=ORIENTED_EDGE('',*,*,#3396,.F.);
#2214=ORIENTED_EDGE('',*,*,#3400,.F.);
#2215=ORIENTED_EDGE('',*,*,#3403,.F.);
#2216=ORIENTED_EDGE('',*,*,#4054,.F.);
#2217=ORIENTED_EDGE('',*,*,#3386,.F.);
#2218=ORIENTED_EDGE('',*,*,#3390,.F.);
#2219=ORIENTED_EDGE('',*,*,#3393,.F.);
#2220=ORIENTED_EDGE('',*,*,#4052,.F.);
#2221=ORIENTED_EDGE('',*,*,#3376,.F.);
#2222=ORIENTED_EDGE('',*,*,#3380,.F.);
#2223=ORIENTED_EDGE('',*,*,#3383,.F.);
#2224=ORIENTED_EDGE('',*,*,#4050,.F.);
#2225=ORIENTED_EDGE('',*,*,#3366,.F.);
#2226=ORIENTED_EDGE('',*,*,#3370,.F.);
#2227=ORIENTED_EDGE('',*,*,#3373,.F.);
#2228=ORIENTED_EDGE('',*,*,#4048,.F.);
#2229=ORIENTED_EDGE('',*,*,#3356,.F.);
#2230=ORIENTED_EDGE('',*,*,#3360,.F.);
#2231=ORIENTED_EDGE('',*,*,#3363,.F.);
#2232=ORIENTED_EDGE('',*,*,#4046,.F.);
#2233=ORIENTED_EDGE('',*,*,#3346,.F.);
#2234=ORIENTED_EDGE('',*,*,#3350,.F.);
#2235=ORIENTED_EDGE('',*,*,#3353,.F.);
#2236=ORIENTED_EDGE('',*,*,#4044,.F.);
#2237=ORIENTED_EDGE('',*,*,#3336,.F.);
#2238=ORIENTED_EDGE('',*,*,#3340,.F.);
#2239=ORIENTED_EDGE('',*,*,#3343,.F.);
#2240=ORIENTED_EDGE('',*,*,#4042,.F.);
#2241=ORIENTED_EDGE('',*,*,#3326,.F.);
#2242=ORIENTED_EDGE('',*,*,#3330,.F.);
#2243=ORIENTED_EDGE('',*,*,#3333,.F.);
#2244=ORIENTED_EDGE('',*,*,#4040,.F.);
#2245=ORIENTED_EDGE('',*,*,#3316,.F.);
#2246=ORIENTED_EDGE('',*,*,#3320,.F.);
#2247=ORIENTED_EDGE('',*,*,#3323,.F.);
#2248=ORIENTED_EDGE('',*,*,#4038,.F.);
#2249=ORIENTED_EDGE('',*,*,#3306,.F.);
#2250=ORIENTED_EDGE('',*,*,#3310,.F.);
#2251=ORIENTED_EDGE('',*,*,#3313,.F.);
#2252=ORIENTED_EDGE('',*,*,#4036,.F.);
#2253=ORIENTED_EDGE('',*,*,#3296,.F.);
#2254=ORIENTED_EDGE('',*,*,#3300,.F.);
#2255=ORIENTED_EDGE('',*,*,#3303,.F.);
#2256=ORIENTED_EDGE('',*,*,#4034,.F.);
#2257=ORIENTED_EDGE('',*,*,#3286,.F.);
#2258=ORIENTED_EDGE('',*,*,#3290,.F.);
#2259=ORIENTED_EDGE('',*,*,#3293,.F.);
#2260=ORIENTED_EDGE('',*,*,#4032,.F.);
#2261=ORIENTED_EDGE('',*,*,#3276,.F.);
#2262=ORIENTED_EDGE('',*,*,#3280,.F.);
#2263=ORIENTED_EDGE('',*,*,#3283,.F.);
#2264=ORIENTED_EDGE('',*,*,#4030,.F.);
#2265=ORIENTED_EDGE('',*,*,#3266,.F.);
#2266=ORIENTED_EDGE('',*,*,#3270,.F.);
#2267=ORIENTED_EDGE('',*,*,#3273,.F.);
#2268=ORIENTED_EDGE('',*,*,#4028,.F.);
#2269=ORIENTED_EDGE('',*,*,#3256,.F.);
#2270=ORIENTED_EDGE('',*,*,#3260,.F.);
#2271=ORIENTED_EDGE('',*,*,#3263,.F.);
#2272=ORIENTED_EDGE('',*,*,#4026,.F.);
#2273=ORIENTED_EDGE('',*,*,#3246,.F.);
#2274=ORIENTED_EDGE('',*,*,#3250,.F.);
#2275=ORIENTED_EDGE('',*,*,#3253,.F.);
#2276=ORIENTED_EDGE('',*,*,#4024,.F.);
#2277=ORIENTED_EDGE('',*,*,#3236,.F.);
#2278=ORIENTED_EDGE('',*,*,#3240,.F.);
#2279=ORIENTED_EDGE('',*,*,#3243,.F.);
#2280=ORIENTED_EDGE('',*,*,#4022,.F.);
#2281=ORIENTED_EDGE('',*,*,#3226,.F.);
#2282=ORIENTED_EDGE('',*,*,#3230,.F.);
#2283=ORIENTED_EDGE('',*,*,#3233,.F.);
#2284=ORIENTED_EDGE('',*,*,#4020,.F.);
#2285=ORIENTED_EDGE('',*,*,#3216,.F.);
#2286=ORIENTED_EDGE('',*,*,#3220,.F.);
#2287=ORIENTED_EDGE('',*,*,#3223,.F.);
#2288=ORIENTED_EDGE('',*,*,#4018,.F.);
#2289=ORIENTED_EDGE('',*,*,#3206,.F.);
#2290=ORIENTED_EDGE('',*,*,#3210,.F.);
#2291=ORIENTED_EDGE('',*,*,#3213,.F.);
#2292=ORIENTED_EDGE('',*,*,#4016,.F.);
#2293=ORIENTED_EDGE('',*,*,#3196,.F.);
#2294=ORIENTED_EDGE('',*,*,#3200,.F.);
#2295=ORIENTED_EDGE('',*,*,#3203,.F.);
#2296=ORIENTED_EDGE('',*,*,#4014,.F.);
#2297=ORIENTED_EDGE('',*,*,#3186,.F.);
#2298=ORIENTED_EDGE('',*,*,#3190,.F.);
#2299=ORIENTED_EDGE('',*,*,#3193,.F.);
#2300=ORIENTED_EDGE('',*,*,#4012,.F.);
#2301=ORIENTED_EDGE('',*,*,#3176,.F.);
#2302=ORIENTED_EDGE('',*,*,#3180,.F.);
#2303=ORIENTED_EDGE('',*,*,#3183,.F.);
#2304=ORIENTED_EDGE('',*,*,#4010,.F.);
#2305=ORIENTED_EDGE('',*,*,#3166,.F.);
#2306=ORIENTED_EDGE('',*,*,#3170,.F.);
#2307=ORIENTED_EDGE('',*,*,#3173,.F.);
#2308=ORIENTED_EDGE('',*,*,#4008,.F.);
#2309=ORIENTED_EDGE('',*,*,#3156,.F.);
#2310=ORIENTED_EDGE('',*,*,#3160,.F.);
#2311=ORIENTED_EDGE('',*,*,#3163,.F.);
#2312=ORIENTED_EDGE('',*,*,#4006,.F.);
#2313=ORIENTED_EDGE('',*,*,#3146,.F.);
#2314=ORIENTED_EDGE('',*,*,#3150,.F.);
#2315=ORIENTED_EDGE('',*,*,#3153,.F.);
#2316=ORIENTED_EDGE('',*,*,#4004,.F.);
#2317=ORIENTED_EDGE('',*,*,#3136,.F.);
#2318=ORIENTED_EDGE('',*,*,#3140,.F.);
#2319=ORIENTED_EDGE('',*,*,#3143,.F.);
#2320=ORIENTED_EDGE('',*,*,#4002,.F.);
#2321=ORIENTED_EDGE('',*,*,#3126,.F.);
#2322=ORIENTED_EDGE('',*,*,#3130,.F.);
#2323=ORIENTED_EDGE('',*,*,#3133,.F.);
#2324=ORIENTED_EDGE('',*,*,#4000,.F.);
#2325=ORIENTED_EDGE('',*,*,#3116,.F.);
#2326=ORIENTED_EDGE('',*,*,#3120,.F.);
#2327=ORIENTED_EDGE('',*,*,#3123,.F.);
#2328=ORIENTED_EDGE('',*,*,#3998,.F.);
#2329=ORIENTED_EDGE('',*,*,#3106,.F.);
#2330=ORIENTED_EDGE('',*,*,#3110,.F.);
#2331=ORIENTED_EDGE('',*,*,#3113,.F.);
#2332=ORIENTED_EDGE('',*,*,#3996,.F.);
#2333=ORIENTED_EDGE('',*,*,#3096,.F.);
#2334=ORIENTED_EDGE('',*,*,#3100,.F.);
#2335=ORIENTED_EDGE('',*,*,#3103,.F.);
#2336=ORIENTED_EDGE('',*,*,#3994,.F.);
#2337=ORIENTED_EDGE('',*,*,#3086,.F.);
#2338=ORIENTED_EDGE('',*,*,#3090,.F.);
#2339=ORIENTED_EDGE('',*,*,#3093,.F.);
#2340=ORIENTED_EDGE('',*,*,#3992,.F.);
#2341=ORIENTED_EDGE('',*,*,#3076,.F.);
#2342=ORIENTED_EDGE('',*,*,#3080,.F.);
#2343=ORIENTED_EDGE('',*,*,#3083,.F.);
#2344=ORIENTED_EDGE('',*,*,#3990,.F.);
#2345=ORIENTED_EDGE('',*,*,#3066,.F.);
#2346=ORIENTED_EDGE('',*,*,#3070,.F.);
#2347=ORIENTED_EDGE('',*,*,#3073,.F.);
#2348=ORIENTED_EDGE('',*,*,#3988,.F.);
#2349=ORIENTED_EDGE('',*,*,#3056,.F.);
#2350=ORIENTED_EDGE('',*,*,#3060,.F.);
#2351=ORIENTED_EDGE('',*,*,#3063,.F.);
#2352=ORIENTED_EDGE('',*,*,#3986,.F.);
#2353=ORIENTED_EDGE('',*,*,#3046,.F.);
#2354=ORIENTED_EDGE('',*,*,#3050,.F.);
#2355=ORIENTED_EDGE('',*,*,#3053,.F.);
#2356=ORIENTED_EDGE('',*,*,#3984,.F.);
#2357=ORIENTED_EDGE('',*,*,#3036,.F.);
#2358=ORIENTED_EDGE('',*,*,#3040,.F.);
#2359=ORIENTED_EDGE('',*,*,#3043,.F.);
#2360=ORIENTED_EDGE('',*,*,#3982,.F.);
#2361=ORIENTED_EDGE('',*,*,#3026,.F.);
#2362=ORIENTED_EDGE('',*,*,#3030,.F.);
#2363=ORIENTED_EDGE('',*,*,#3033,.F.);
#2364=ORIENTED_EDGE('',*,*,#3980,.F.);
#2365=ORIENTED_EDGE('',*,*,#3016,.F.);
#2366=ORIENTED_EDGE('',*,*,#3020,.F.);
#2367=ORIENTED_EDGE('',*,*,#3023,.F.);
#2368=ORIENTED_EDGE('',*,*,#3978,.F.);
#2369=ORIENTED_EDGE('',*,*,#3006,.F.);
#2370=ORIENTED_EDGE('',*,*,#3010,.F.);
#2371=ORIENTED_EDGE('',*,*,#3013,.F.);
#2372=ORIENTED_EDGE('',*,*,#3976,.F.);
#2373=ORIENTED_EDGE('',*,*,#2996,.F.);
#2374=ORIENTED_EDGE('',*,*,#3000,.F.);
#2375=ORIENTED_EDGE('',*,*,#3003,.F.);
#2376=ORIENTED_EDGE('',*,*,#3974,.F.);
#2377=ORIENTED_EDGE('',*,*,#2980,.F.);
#2378=ORIENTED_EDGE('',*,*,#2984,.F.);
#2379=ORIENTED_EDGE('',*,*,#2987,.F.);
#2380=ORIENTED_EDGE('',*,*,#2990,.F.);
#2381=ORIENTED_EDGE('',*,*,#2993,.F.);
#2382=ORIENTED_EDGE('',*,*,#3972,.F.);
#2383=ORIENTED_EDGE('',*,*,#2964,.F.);
#2384=ORIENTED_EDGE('',*,*,#2968,.F.);
#2385=ORIENTED_EDGE('',*,*,#2971,.F.);
#2386=ORIENTED_EDGE('',*,*,#2974,.F.);
#2387=ORIENTED_EDGE('',*,*,#2977,.F.);
#2388=ORIENTED_EDGE('',*,*,#3970,.F.);
#2389=ORIENTED_EDGE('',*,*,#2948,.F.);
#2390=ORIENTED_EDGE('',*,*,#2952,.F.);
#2391=ORIENTED_EDGE('',*,*,#2955,.F.);
#2392=ORIENTED_EDGE('',*,*,#2958,.F.);
#2393=ORIENTED_EDGE('',*,*,#2961,.F.);
#2394=ORIENTED_EDGE('',*,*,#3968,.F.);
#2395=ORIENTED_EDGE('',*,*,#2932,.F.);
#2396=ORIENTED_EDGE('',*,*,#2936,.F.);
#2397=ORIENTED_EDGE('',*,*,#2939,.F.);
#2398=ORIENTED_EDGE('',*,*,#2942,.F.);
#2399=ORIENTED_EDGE('',*,*,#2945,.F.);
#2400=ORIENTED_EDGE('',*,*,#3966,.F.);
#2401=ORIENTED_EDGE('',*,*,#2916,.F.);
#2402=ORIENTED_EDGE('',*,*,#2920,.F.);
#2403=ORIENTED_EDGE('',*,*,#2923,.F.);
#2404=ORIENTED_EDGE('',*,*,#2926,.F.);
#2405=ORIENTED_EDGE('',*,*,#2929,.F.);
#2406=ORIENTED_EDGE('',*,*,#3964,.F.);
#2407=ORIENTED_EDGE('',*,*,#2900,.F.);
#2408=ORIENTED_EDGE('',*,*,#2904,.F.);
#2409=ORIENTED_EDGE('',*,*,#2907,.F.);
#2410=ORIENTED_EDGE('',*,*,#2910,.F.);
#2411=ORIENTED_EDGE('',*,*,#2913,.F.);
#2412=ORIENTED_EDGE('',*,*,#3962,.F.);
#2413=ORIENTED_EDGE('',*,*,#2884,.F.);
#2414=ORIENTED_EDGE('',*,*,#2888,.F.);
#2415=ORIENTED_EDGE('',*,*,#2891,.F.);
#2416=ORIENTED_EDGE('',*,*,#2894,.F.);
#2417=ORIENTED_EDGE('',*,*,#2897,.F.);
#2418=ORIENTED_EDGE('',*,*,#3960,.F.);
#2419=ORIENTED_EDGE('',*,*,#2868,.F.);
#2420=ORIENTED_EDGE('',*,*,#2872,.F.);
#2421=ORIENTED_EDGE('',*,*,#2875,.F.);
#2422=ORIENTED_EDGE('',*,*,#2878,.F.);
#2423=ORIENTED_EDGE('',*,*,#2881,.F.);
#2424=ORIENTED_EDGE('',*,*,#3958,.F.);
#2425=ORIENTED_EDGE('',*,*,#2858,.F.);
#2426=ORIENTED_EDGE('',*,*,#2862,.T.);
#2427=ORIENTED_EDGE('',*,*,#2865,.F.);
#2428=ORIENTED_EDGE('',*,*,#3956,.T.);
#2429=ORIENTED_EDGE('',*,*,#2848,.T.);
#2430=ORIENTED_EDGE('',*,*,#2852,.T.);
#2431=ORIENTED_EDGE('',*,*,#2855,.T.);
#2432=ORIENTED_EDGE('',*,*,#4084,.T.);
#2433=ORIENTED_EDGE('',*,*,#3534,.T.);
#2434=ORIENTED_EDGE('',*,*,#4081,.T.);
#2435=ORIENTED_EDGE('',*,*,#3952,.F.);
#2436=ORIENTED_EDGE('',*,*,#3949,.T.);
#2437=ORIENTED_EDGE('',*,*,#3946,.T.);
#2438=ORIENTED_EDGE('',*,*,#3943,.T.);
#2439=ORIENTED_EDGE('',*,*,#3940,.T.);
#2440=ORIENTED_EDGE('',*,*,#3937,.T.);
#2441=ORIENTED_EDGE('',*,*,#3934,.T.);
#2442=ORIENTED_EDGE('',*,*,#3931,.T.);
#2443=ORIENTED_EDGE('',*,*,#3928,.T.);
#2444=ORIENTED_EDGE('',*,*,#3925,.T.);
#2445=ORIENTED_EDGE('',*,*,#3922,.T.);
#2446=ORIENTED_EDGE('',*,*,#3919,.T.);
#2447=ORIENTED_EDGE('',*,*,#3916,.T.);
#2448=ORIENTED_EDGE('',*,*,#3913,.T.);
#2449=ORIENTED_EDGE('',*,*,#3910,.T.);
#2450=ORIENTED_EDGE('',*,*,#3907,.T.);
#2451=ORIENTED_EDGE('',*,*,#3904,.T.);
#2452=ORIENTED_EDGE('',*,*,#3901,.T.);
#2453=ORIENTED_EDGE('',*,*,#3898,.T.);
#2454=ORIENTED_EDGE('',*,*,#3895,.T.);
#2455=ORIENTED_EDGE('',*,*,#3892,.T.);
#2456=ORIENTED_EDGE('',*,*,#3889,.T.);
#2457=ORIENTED_EDGE('',*,*,#3886,.T.);
#2458=ORIENTED_EDGE('',*,*,#3883,.T.);
#2459=ORIENTED_EDGE('',*,*,#3880,.T.);
#2460=ORIENTED_EDGE('',*,*,#3877,.T.);
#2461=ORIENTED_EDGE('',*,*,#3874,.T.);
#2462=ORIENTED_EDGE('',*,*,#3871,.T.);
#2463=ORIENTED_EDGE('',*,*,#3868,.T.);
#2464=ORIENTED_EDGE('',*,*,#3865,.T.);
#2465=ORIENTED_EDGE('',*,*,#3862,.T.);
#2466=ORIENTED_EDGE('',*,*,#3859,.T.);
#2467=ORIENTED_EDGE('',*,*,#3856,.T.);
#2468=ORIENTED_EDGE('',*,*,#3853,.T.);
#2469=ORIENTED_EDGE('',*,*,#3850,.T.);
#2470=ORIENTED_EDGE('',*,*,#3847,.T.);
#2471=ORIENTED_EDGE('',*,*,#3844,.T.);
#2472=ORIENTED_EDGE('',*,*,#3841,.T.);
#2473=ORIENTED_EDGE('',*,*,#3838,.T.);
#2474=ORIENTED_EDGE('',*,*,#3835,.T.);
#2475=ORIENTED_EDGE('',*,*,#3832,.T.);
#2476=ORIENTED_EDGE('',*,*,#3829,.T.);
#2477=ORIENTED_EDGE('',*,*,#3826,.T.);
#2478=ORIENTED_EDGE('',*,*,#3823,.T.);
#2479=ORIENTED_EDGE('',*,*,#3820,.T.);
#2480=ORIENTED_EDGE('',*,*,#3817,.T.);
#2481=ORIENTED_EDGE('',*,*,#3814,.T.);
#2482=ORIENTED_EDGE('',*,*,#3811,.T.);
#2483=ORIENTED_EDGE('',*,*,#3808,.T.);
#2484=ORIENTED_EDGE('',*,*,#3805,.T.);
#2485=ORIENTED_EDGE('',*,*,#3802,.T.);
#2486=ORIENTED_EDGE('',*,*,#3799,.T.);
#2487=ORIENTED_EDGE('',*,*,#3796,.T.);
#2488=ORIENTED_EDGE('',*,*,#3793,.T.);
#2489=ORIENTED_EDGE('',*,*,#3790,.T.);
#2490=ORIENTED_EDGE('',*,*,#3787,.T.);
#2491=ORIENTED_EDGE('',*,*,#3784,.T.);
#2492=ORIENTED_EDGE('',*,*,#3781,.T.);
#2493=ORIENTED_EDGE('',*,*,#3778,.T.);
#2494=ORIENTED_EDGE('',*,*,#3775,.T.);
#2495=ORIENTED_EDGE('',*,*,#3772,.T.);
#2496=ORIENTED_EDGE('',*,*,#3769,.T.);
#2497=ORIENTED_EDGE('',*,*,#3766,.T.);
#2498=ORIENTED_EDGE('',*,*,#3763,.T.);
#2499=ORIENTED_EDGE('',*,*,#3760,.T.);
#2500=ORIENTED_EDGE('',*,*,#3757,.T.);
#2501=ORIENTED_EDGE('',*,*,#3754,.T.);
#2502=ORIENTED_EDGE('',*,*,#3751,.T.);
#2503=ORIENTED_EDGE('',*,*,#3748,.T.);
#2504=ORIENTED_EDGE('',*,*,#3745,.T.);
#2505=ORIENTED_EDGE('',*,*,#3742,.T.);
#2506=ORIENTED_EDGE('',*,*,#3739,.T.);
#2507=ORIENTED_EDGE('',*,*,#3736,.T.);
#2508=ORIENTED_EDGE('',*,*,#3733,.T.);
#2509=ORIENTED_EDGE('',*,*,#3730,.T.);
#2510=ORIENTED_EDGE('',*,*,#3727,.T.);
#2511=ORIENTED_EDGE('',*,*,#3724,.T.);
#2512=ORIENTED_EDGE('',*,*,#3721,.T.);
#2513=ORIENTED_EDGE('',*,*,#3718,.T.);
#2514=ORIENTED_EDGE('',*,*,#3715,.T.);
#2515=ORIENTED_EDGE('',*,*,#3712,.T.);
#2516=ORIENTED_EDGE('',*,*,#3709,.T.);
#2517=ORIENTED_EDGE('',*,*,#3706,.T.);
#2518=ORIENTED_EDGE('',*,*,#3703,.T.);
#2519=ORIENTED_EDGE('',*,*,#3700,.T.);
#2520=ORIENTED_EDGE('',*,*,#3697,.T.);
#2521=ORIENTED_EDGE('',*,*,#3694,.T.);
#2522=ORIENTED_EDGE('',*,*,#3691,.T.);
#2523=ORIENTED_EDGE('',*,*,#3688,.T.);
#2524=ORIENTED_EDGE('',*,*,#3685,.T.);
#2525=ORIENTED_EDGE('',*,*,#3682,.T.);
#2526=ORIENTED_EDGE('',*,*,#3679,.T.);
#2527=ORIENTED_EDGE('',*,*,#3676,.T.);
#2528=ORIENTED_EDGE('',*,*,#3673,.T.);
#2529=ORIENTED_EDGE('',*,*,#3670,.T.);
#2530=ORIENTED_EDGE('',*,*,#3667,.T.);
#2531=ORIENTED_EDGE('',*,*,#3664,.T.);
#2532=ORIENTED_EDGE('',*,*,#3661,.T.);
#2533=ORIENTED_EDGE('',*,*,#3658,.T.);
#2534=ORIENTED_EDGE('',*,*,#3655,.T.);
#2535=ORIENTED_EDGE('',*,*,#3652,.T.);
#2536=ORIENTED_EDGE('',*,*,#3649,.T.);
#2537=ORIENTED_EDGE('',*,*,#3646,.T.);
#2538=ORIENTED_EDGE('',*,*,#3643,.T.);
#2539=ORIENTED_EDGE('',*,*,#3640,.T.);
#2540=ORIENTED_EDGE('',*,*,#3637,.T.);
#2541=ORIENTED_EDGE('',*,*,#3634,.T.);
#2542=ORIENTED_EDGE('',*,*,#3631,.T.);
#2543=ORIENTED_EDGE('',*,*,#3628,.T.);
#2544=ORIENTED_EDGE('',*,*,#3625,.T.);
#2545=ORIENTED_EDGE('',*,*,#3622,.T.);
#2546=ORIENTED_EDGE('',*,*,#3619,.T.);
#2547=ORIENTED_EDGE('',*,*,#3616,.T.);
#2548=ORIENTED_EDGE('',*,*,#3613,.T.);
#2549=ORIENTED_EDGE('',*,*,#3610,.T.);
#2550=ORIENTED_EDGE('',*,*,#3607,.T.);
#2551=ORIENTED_EDGE('',*,*,#3604,.T.);
#2552=ORIENTED_EDGE('',*,*,#3601,.T.);
#2553=ORIENTED_EDGE('',*,*,#3598,.T.);
#2554=ORIENTED_EDGE('',*,*,#3595,.T.);
#2555=ORIENTED_EDGE('',*,*,#3592,.T.);
#2556=ORIENTED_EDGE('',*,*,#3589,.T.);
#2557=ORIENTED_EDGE('',*,*,#3586,.T.);
#2558=ORIENTED_EDGE('',*,*,#3583,.T.);
#2559=ORIENTED_EDGE('',*,*,#3580,.T.);
#2560=ORIENTED_EDGE('',*,*,#3577,.T.);
#2561=ORIENTED_EDGE('',*,*,#3574,.T.);
#2562=ORIENTED_EDGE('',*,*,#3571,.T.);
#2563=ORIENTED_EDGE('',*,*,#3568,.F.);
#2564=ORIENTED_EDGE('',*,*,#3565,.T.);
#2565=ORIENTED_EDGE('',*,*,#3562,.T.);
#2566=ORIENTED_EDGE('',*,*,#3559,.T.);
#2567=ORIENTED_EDGE('',*,*,#3556,.T.);
#2568=ORIENTED_EDGE('',*,*,#3553,.T.);
#2569=ORIENTED_EDGE('',*,*,#3550,.T.);
#2570=ORIENTED_EDGE('',*,*,#3547,.T.);
#2571=ORIENTED_EDGE('',*,*,#3544,.T.);
#2572=ORIENTED_EDGE('',*,*,#3541,.T.);
#2573=ORIENTED_EDGE('',*,*,#3538,.T.);
#2574=ORIENTED_EDGE('',*,*,#3524,.T.);
#2575=ORIENTED_EDGE('',*,*,#4079,.T.);
#2576=ORIENTED_EDGE('',*,*,#3531,.T.);
#2577=ORIENTED_EDGE('',*,*,#3528,.T.);
#2578=ORIENTED_EDGE('',*,*,#3514,.T.);
#2579=ORIENTED_EDGE('',*,*,#4077,.T.);
#2580=ORIENTED_EDGE('',*,*,#3521,.T.);
#2581=ORIENTED_EDGE('',*,*,#3518,.T.);
#2582=ORIENTED_EDGE('',*,*,#3504,.T.);
#2583=ORIENTED_EDGE('',*,*,#4075,.T.);
#2584=ORIENTED_EDGE('',*,*,#3511,.T.);
#2585=ORIENTED_EDGE('',*,*,#3508,.T.);
#2586=ORIENTED_EDGE('',*,*,#3494,.T.);
#2587=ORIENTED_EDGE('',*,*,#4073,.T.);
#2588=ORIENTED_EDGE('',*,*,#3501,.T.);
#2589=ORIENTED_EDGE('',*,*,#3498,.T.);
#2590=ORIENTED_EDGE('',*,*,#3484,.T.);
#2591=ORIENTED_EDGE('',*,*,#4071,.T.);
#2592=ORIENTED_EDGE('',*,*,#3491,.T.);
#2593=ORIENTED_EDGE('',*,*,#3488,.T.);
#2594=ORIENTED_EDGE('',*,*,#3474,.T.);
#2595=ORIENTED_EDGE('',*,*,#4069,.T.);
#2596=ORIENTED_EDGE('',*,*,#3481,.T.);
#2597=ORIENTED_EDGE('',*,*,#3478,.T.);
#2598=ORIENTED_EDGE('',*,*,#3464,.T.);
#2599=ORIENTED_EDGE('',*,*,#4067,.T.);
#2600=ORIENTED_EDGE('',*,*,#3471,.T.);
#2601=ORIENTED_EDGE('',*,*,#3468,.T.);
#2602=ORIENTED_EDGE('',*,*,#3454,.T.);
#2603=ORIENTED_EDGE('',*,*,#4065,.T.);
#2604=ORIENTED_EDGE('',*,*,#3461,.T.);
#2605=ORIENTED_EDGE('',*,*,#3458,.T.);
#2606=ORIENTED_EDGE('',*,*,#3444,.T.);
#2607=ORIENTED_EDGE('',*,*,#4063,.T.);
#2608=ORIENTED_EDGE('',*,*,#3451,.T.);
#2609=ORIENTED_EDGE('',*,*,#3448,.T.);
#2610=ORIENTED_EDGE('',*,*,#3434,.T.);
#2611=ORIENTED_EDGE('',*,*,#4061,.T.);
#2612=ORIENTED_EDGE('',*,*,#3441,.T.);
#2613=ORIENTED_EDGE('',*,*,#3438,.T.);
#2614=ORIENTED_EDGE('',*,*,#3424,.T.);
#2615=ORIENTED_EDGE('',*,*,#4059,.T.);
#2616=ORIENTED_EDGE('',*,*,#3431,.T.);
#2617=ORIENTED_EDGE('',*,*,#3428,.T.);
#2618=ORIENTED_EDGE('',*,*,#3414,.T.);
#2619=ORIENTED_EDGE('',*,*,#4057,.T.);
#2620=ORIENTED_EDGE('',*,*,#3421,.T.);
#2621=ORIENTED_EDGE('',*,*,#3418,.T.);
#2622=ORIENTED_EDGE('',*,*,#3404,.T.);
#2623=ORIENTED_EDGE('',*,*,#4055,.T.);
#2624=ORIENTED_EDGE('',*,*,#3411,.T.);
#2625=ORIENTED_EDGE('',*,*,#3408,.T.);
#2626=ORIENTED_EDGE('',*,*,#3394,.T.);
#2627=ORIENTED_EDGE('',*,*,#4053,.T.);
#2628=ORIENTED_EDGE('',*,*,#3401,.T.);
#2629=ORIENTED_EDGE('',*,*,#3398,.T.);
#2630=ORIENTED_EDGE('',*,*,#3384,.T.);
#2631=ORIENTED_EDGE('',*,*,#4051,.T.);
#2632=ORIENTED_EDGE('',*,*,#3391,.T.);
#2633=ORIENTED_EDGE('',*,*,#3388,.T.);
#2634=ORIENTED_EDGE('',*,*,#3374,.T.);
#2635=ORIENTED_EDGE('',*,*,#4049,.T.);
#2636=ORIENTED_EDGE('',*,*,#3381,.T.);
#2637=ORIENTED_EDGE('',*,*,#3378,.T.);
#2638=ORIENTED_EDGE('',*,*,#3364,.T.);
#2639=ORIENTED_EDGE('',*,*,#4047,.T.);
#2640=ORIENTED_EDGE('',*,*,#3371,.T.);
#2641=ORIENTED_EDGE('',*,*,#3368,.T.);
#2642=ORIENTED_EDGE('',*,*,#3354,.T.);
#2643=ORIENTED_EDGE('',*,*,#4045,.T.);
#2644=ORIENTED_EDGE('',*,*,#3361,.T.);
#2645=ORIENTED_EDGE('',*,*,#3358,.T.);
#2646=ORIENTED_EDGE('',*,*,#3344,.T.);
#2647=ORIENTED_EDGE('',*,*,#4043,.T.);
#2648=ORIENTED_EDGE('',*,*,#3351,.T.);
#2649=ORIENTED_EDGE('',*,*,#3348,.T.);
#2650=ORIENTED_EDGE('',*,*,#3334,.T.);
#2651=ORIENTED_EDGE('',*,*,#4041,.T.);
#2652=ORIENTED_EDGE('',*,*,#3341,.T.);
#2653=ORIENTED_EDGE('',*,*,#3338,.T.);
#2654=ORIENTED_EDGE('',*,*,#3324,.T.);
#2655=ORIENTED_EDGE('',*,*,#4039,.T.);
#2656=ORIENTED_EDGE('',*,*,#3331,.T.);
#2657=ORIENTED_EDGE('',*,*,#3328,.T.);
#2658=ORIENTED_EDGE('',*,*,#3314,.T.);
#2659=ORIENTED_EDGE('',*,*,#4037,.T.);
#2660=ORIENTED_EDGE('',*,*,#3321,.T.);
#2661=ORIENTED_EDGE('',*,*,#3318,.T.);
#2662=ORIENTED_EDGE('',*,*,#3304,.T.);
#2663=ORIENTED_EDGE('',*,*,#4035,.T.);
#2664=ORIENTED_EDGE('',*,*,#3311,.T.);
#2665=ORIENTED_EDGE('',*,*,#3308,.T.);
#2666=ORIENTED_EDGE('',*,*,#3294,.T.);
#2667=ORIENTED_EDGE('',*,*,#4033,.T.);
#2668=ORIENTED_EDGE('',*,*,#3301,.T.);
#2669=ORIENTED_EDGE('',*,*,#3298,.T.);
#2670=ORIENTED_EDGE('',*,*,#3284,.T.);
#2671=ORIENTED_EDGE('',*,*,#4031,.T.);
#2672=ORIENTED_EDGE('',*,*,#3291,.T.);
#2673=ORIENTED_EDGE('',*,*,#3288,.T.);
#2674=ORIENTED_EDGE('',*,*,#3274,.T.);
#2675=ORIENTED_EDGE('',*,*,#4029,.T.);
#2676=ORIENTED_EDGE('',*,*,#3281,.T.);
#2677=ORIENTED_EDGE('',*,*,#3278,.T.);
#2678=ORIENTED_EDGE('',*,*,#3264,.T.);
#2679=ORIENTED_EDGE('',*,*,#4027,.T.);
#2680=ORIENTED_EDGE('',*,*,#3271,.T.);
#2681=ORIENTED_EDGE('',*,*,#3268,.T.);
#2682=ORIENTED_EDGE('',*,*,#3254,.T.);
#2683=ORIENTED_EDGE('',*,*,#4025,.T.);
#2684=ORIENTED_EDGE('',*,*,#3261,.T.);
#2685=ORIENTED_EDGE('',*,*,#3258,.T.);
#2686=ORIENTED_EDGE('',*,*,#3244,.T.);
#2687=ORIENTED_EDGE('',*,*,#4023,.T.);
#2688=ORIENTED_EDGE('',*,*,#3251,.T.);
#2689=ORIENTED_EDGE('',*,*,#3248,.T.);
#2690=ORIENTED_EDGE('',*,*,#3234,.T.);
#2691=ORIENTED_EDGE('',*,*,#4021,.T.);
#2692=ORIENTED_EDGE('',*,*,#3241,.T.);
#2693=ORIENTED_EDGE('',*,*,#3238,.T.);
#2694=ORIENTED_EDGE('',*,*,#3224,.T.);
#2695=ORIENTED_EDGE('',*,*,#4019,.T.);
#2696=ORIENTED_EDGE('',*,*,#3231,.T.);
#2697=ORIENTED_EDGE('',*,*,#3228,.T.);
#2698=ORIENTED_EDGE('',*,*,#3214,.T.);
#2699=ORIENTED_EDGE('',*,*,#4017,.T.);
#2700=ORIENTED_EDGE('',*,*,#3221,.T.);
#2701=ORIENTED_EDGE('',*,*,#3218,.T.);
#2702=ORIENTED_EDGE('',*,*,#3204,.T.);
#2703=ORIENTED_EDGE('',*,*,#4015,.T.);
#2704=ORIENTED_EDGE('',*,*,#3211,.T.);
#2705=ORIENTED_EDGE('',*,*,#3208,.T.);
#2706=ORIENTED_EDGE('',*,*,#3194,.T.);
#2707=ORIENTED_EDGE('',*,*,#4013,.T.);
#2708=ORIENTED_EDGE('',*,*,#3201,.T.);
#2709=ORIENTED_EDGE('',*,*,#3198,.T.);
#2710=ORIENTED_EDGE('',*,*,#3184,.T.);
#2711=ORIENTED_EDGE('',*,*,#4011,.T.);
#2712=ORIENTED_EDGE('',*,*,#3191,.T.);
#2713=ORIENTED_EDGE('',*,*,#3188,.T.);
#2714=ORIENTED_EDGE('',*,*,#3174,.T.);
#2715=ORIENTED_EDGE('',*,*,#4009,.T.);
#2716=ORIENTED_EDGE('',*,*,#3181,.T.);
#2717=ORIENTED_EDGE('',*,*,#3178,.T.);
#2718=ORIENTED_EDGE('',*,*,#3164,.T.);
#2719=ORIENTED_EDGE('',*,*,#4007,.T.);
#2720=ORIENTED_EDGE('',*,*,#3171,.T.);
#2721=ORIENTED_EDGE('',*,*,#3168,.T.);
#2722=ORIENTED_EDGE('',*,*,#3154,.T.);
#2723=ORIENTED_EDGE('',*,*,#4005,.T.);
#2724=ORIENTED_EDGE('',*,*,#3161,.T.);
#2725=ORIENTED_EDGE('',*,*,#3158,.T.);
#2726=ORIENTED_EDGE('',*,*,#3144,.T.);
#2727=ORIENTED_EDGE('',*,*,#4003,.T.);
#2728=ORIENTED_EDGE('',*,*,#3151,.T.);
#2729=ORIENTED_EDGE('',*,*,#3148,.T.);
#2730=ORIENTED_EDGE('',*,*,#3134,.T.);
#2731=ORIENTED_EDGE('',*,*,#4001,.T.);
#2732=ORIENTED_EDGE('',*,*,#3141,.T.);
#2733=ORIENTED_EDGE('',*,*,#3138,.T.);
#2734=ORIENTED_EDGE('',*,*,#3124,.T.);
#2735=ORIENTED_EDGE('',*,*,#3999,.T.);
#2736=ORIENTED_EDGE('',*,*,#3131,.T.);
#2737=ORIENTED_EDGE('',*,*,#3128,.T.);
#2738=ORIENTED_EDGE('',*,*,#3114,.T.);
#2739=ORIENTED_EDGE('',*,*,#3997,.T.);
#2740=ORIENTED_EDGE('',*,*,#3121,.T.);
#2741=ORIENTED_EDGE('',*,*,#3118,.T.);
#2742=ORIENTED_EDGE('',*,*,#3104,.T.);
#2743=ORIENTED_EDGE('',*,*,#3995,.T.);
#2744=ORIENTED_EDGE('',*,*,#3111,.T.);
#2745=ORIENTED_EDGE('',*,*,#3108,.T.);
#2746=ORIENTED_EDGE('',*,*,#3094,.T.);
#2747=ORIENTED_EDGE('',*,*,#3993,.T.);
#2748=ORIENTED_EDGE('',*,*,#3101,.T.);
#2749=ORIENTED_EDGE('',*,*,#3098,.T.);
#2750=ORIENTED_EDGE('',*,*,#3084,.T.);
#2751=ORIENTED_EDGE('',*,*,#3991,.T.);
#2752=ORIENTED_EDGE('',*,*,#3091,.T.);
#2753=ORIENTED_EDGE('',*,*,#3088,.T.);
#2754=ORIENTED_EDGE('',*,*,#3074,.T.);
#2755=ORIENTED_EDGE('',*,*,#3989,.T.);
#2756=ORIENTED_EDGE('',*,*,#3081,.T.);
#2757=ORIENTED_EDGE('',*,*,#3078,.T.);
#2758=ORIENTED_EDGE('',*,*,#3064,.T.);
#2759=ORIENTED_EDGE('',*,*,#3987,.T.);
#2760=ORIENTED_EDGE('',*,*,#3071,.T.);
#2761=ORIENTED_EDGE('',*,*,#3068,.T.);
#2762=ORIENTED_EDGE('',*,*,#3054,.T.);
#2763=ORIENTED_EDGE('',*,*,#3985,.T.);
#2764=ORIENTED_EDGE('',*,*,#3061,.T.);
#2765=ORIENTED_EDGE('',*,*,#3058,.T.);
#2766=ORIENTED_EDGE('',*,*,#3044,.T.);
#2767=ORIENTED_EDGE('',*,*,#3983,.T.);
#2768=ORIENTED_EDGE('',*,*,#3051,.T.);
#2769=ORIENTED_EDGE('',*,*,#3048,.T.);
#2770=ORIENTED_EDGE('',*,*,#3034,.T.);
#2771=ORIENTED_EDGE('',*,*,#3981,.T.);
#2772=ORIENTED_EDGE('',*,*,#3041,.T.);
#2773=ORIENTED_EDGE('',*,*,#3038,.T.);
#2774=ORIENTED_EDGE('',*,*,#3024,.T.);
#2775=ORIENTED_EDGE('',*,*,#3979,.T.);
#2776=ORIENTED_EDGE('',*,*,#3031,.T.);
#2777=ORIENTED_EDGE('',*,*,#3028,.T.);
#2778=ORIENTED_EDGE('',*,*,#3014,.T.);
#2779=ORIENTED_EDGE('',*,*,#3977,.T.);
#2780=ORIENTED_EDGE('',*,*,#3021,.T.);
#2781=ORIENTED_EDGE('',*,*,#3018,.T.);
#2782=ORIENTED_EDGE('',*,*,#3004,.T.);
#2783=ORIENTED_EDGE('',*,*,#3975,.T.);
#2784=ORIENTED_EDGE('',*,*,#3011,.T.);
#2785=ORIENTED_EDGE('',*,*,#3008,.T.);
#2786=ORIENTED_EDGE('',*,*,#2994,.T.);
#2787=ORIENTED_EDGE('',*,*,#3973,.T.);
#2788=ORIENTED_EDGE('',*,*,#3001,.T.);
#2789=ORIENTED_EDGE('',*,*,#2998,.T.);
#2790=ORIENTED_EDGE('',*,*,#2978,.T.);
#2791=ORIENTED_EDGE('',*,*,#3971,.T.);
#2792=ORIENTED_EDGE('',*,*,#2991,.T.);
#2793=ORIENTED_EDGE('',*,*,#2988,.T.);
#2794=ORIENTED_EDGE('',*,*,#2985,.T.);
#2795=ORIENTED_EDGE('',*,*,#2982,.T.);
#2796=ORIENTED_EDGE('',*,*,#2962,.T.);
#2797=ORIENTED_EDGE('',*,*,#3969,.T.);
#2798=ORIENTED_EDGE('',*,*,#2975,.T.);
#2799=ORIENTED_EDGE('',*,*,#2972,.T.);
#2800=ORIENTED_EDGE('',*,*,#2969,.T.);
#2801=ORIENTED_EDGE('',*,*,#2966,.T.);
#2802=ORIENTED_EDGE('',*,*,#2946,.T.);
#2803=ORIENTED_EDGE('',*,*,#3967,.T.);
#2804=ORIENTED_EDGE('',*,*,#2959,.T.);
#2805=ORIENTED_EDGE('',*,*,#2956,.T.);
#2806=ORIENTED_EDGE('',*,*,#2953,.T.);
#2807=ORIENTED_EDGE('',*,*,#2950,.T.);
#2808=ORIENTED_EDGE('',*,*,#2930,.T.);
#2809=ORIENTED_EDGE('',*,*,#3965,.T.);
#2810=ORIENTED_EDGE('',*,*,#2943,.T.);
#2811=ORIENTED_EDGE('',*,*,#2940,.T.);
#2812=ORIENTED_EDGE('',*,*,#2937,.T.);
#2813=ORIENTED_EDGE('',*,*,#2934,.T.);
#2814=ORIENTED_EDGE('',*,*,#2914,.T.);
#2815=ORIENTED_EDGE('',*,*,#3963,.T.);
#2816=ORIENTED_EDGE('',*,*,#2927,.T.);
#2817=ORIENTED_EDGE('',*,*,#2924,.T.);
#2818=ORIENTED_EDGE('',*,*,#2921,.T.);
#2819=ORIENTED_EDGE('',*,*,#2918,.T.);
#2820=ORIENTED_EDGE('',*,*,#2898,.T.);
#2821=ORIENTED_EDGE('',*,*,#3961,.T.);
#2822=ORIENTED_EDGE('',*,*,#2911,.T.);
#2823=ORIENTED_EDGE('',*,*,#2908,.T.);
#2824=ORIENTED_EDGE('',*,*,#2905,.T.);
#2825=ORIENTED_EDGE('',*,*,#2902,.T.);
#2826=ORIENTED_EDGE('',*,*,#2882,.T.);
#2827=ORIENTED_EDGE('',*,*,#3959,.T.);
#2828=ORIENTED_EDGE('',*,*,#2895,.T.);
#2829=ORIENTED_EDGE('',*,*,#2892,.T.);
#2830=ORIENTED_EDGE('',*,*,#2889,.T.);
#2831=ORIENTED_EDGE('',*,*,#2886,.T.);
#2832=ORIENTED_EDGE('',*,*,#2866,.T.);
#2833=ORIENTED_EDGE('',*,*,#3957,.T.);
#2834=ORIENTED_EDGE('',*,*,#2879,.T.);
#2835=ORIENTED_EDGE('',*,*,#2876,.T.);
#2836=ORIENTED_EDGE('',*,*,#2873,.T.);
#2837=ORIENTED_EDGE('',*,*,#2870,.T.);
#2838=ORIENTED_EDGE('',*,*,#2856,.T.);
#2839=ORIENTED_EDGE('',*,*,#3955,.F.);
#2840=ORIENTED_EDGE('',*,*,#2863,.T.);
#2841=ORIENTED_EDGE('',*,*,#2860,.F.);
#2842=ORIENTED_EDGE('',*,*,#2846,.F.);
#2843=ORIENTED_EDGE('',*,*,#4083,.F.);
#2844=ORIENTED_EDGE('',*,*,#2853,.F.);
#2845=ORIENTED_EDGE('',*,*,#2850,.F.);
#2846=EDGE_CURVE('',#4085,#4086,#4911,.T.);
#2847=EDGE_CURVE('',#4087,#4086,#4912,.T.);
#2848=EDGE_CURVE('',#4088,#4087,#4913,.T.);
#2849=EDGE_CURVE('',#4088,#4085,#4914,.T.);
#2850=EDGE_CURVE('',#4086,#4089,#4915,.T.);
#2851=EDGE_CURVE('',#4090,#4089,#4916,.T.);
#2852=EDGE_CURVE('',#4087,#4090,#4917,.T.);
#2853=EDGE_CURVE('',#4089,#4091,#4918,.T.);
#2854=EDGE_CURVE('',#4092,#4091,#4919,.T.);
#2855=EDGE_CURVE('',#4090,#4092,#4920,.T.);
#2856=EDGE_CURVE('',#4093,#4094,#4921,.T.);
#2857=EDGE_CURVE('',#4095,#4093,#4922,.T.);
#2858=EDGE_CURVE('',#4095,#4096,#4923,.T.);
#2859=EDGE_CURVE('',#4096,#4094,#4924,.T.);
#2860=EDGE_CURVE('',#4093,#4097,#4925,.T.);
#2861=EDGE_CURVE('',#4098,#4097,#4926,.T.);
#2862=EDGE_CURVE('',#4095,#4098,#4927,.T.);
#2863=EDGE_CURVE('',#4099,#4097,#4928,.T.);
#2864=EDGE_CURVE('',#4100,#4099,#4929,.T.);
#2865=EDGE_CURVE('',#4100,#4098,#4930,.T.);
#2866=EDGE_CURVE('',#4101,#4102,#14,.T.);
#2867=EDGE_CURVE('',#4103,#4101,#4931,.T.);
#2868=EDGE_CURVE('',#4103,#4104,#15,.T.);
#2869=EDGE_CURVE('',#4104,#4102,#4932,.T.);
#2870=EDGE_CURVE('',#4105,#4101,#16,.T.);
#2871=EDGE_CURVE('',#4106,#4105,#4933,.T.);
#2872=EDGE_CURVE('',#4106,#4103,#17,.T.);
#2873=EDGE_CURVE('',#4107,#4105,#18,.F.);
#2874=EDGE_CURVE('',#4108,#4107,#4934,.T.);
#2875=EDGE_CURVE('',#4108,#4106,#19,.F.);
#2876=EDGE_CURVE('',#4109,#4107,#20,.F.);
#2877=EDGE_CURVE('',#4110,#4109,#4935,.T.);
#2878=EDGE_CURVE('',#4110,#4108,#21,.F.);
#2879=EDGE_CURVE('',#4111,#4109,#22,.F.);
#2880=EDGE_CURVE('',#4112,#4111,#4936,.T.);
#2881=EDGE_CURVE('',#4112,#4110,#23,.F.);
#2882=EDGE_CURVE('',#4113,#4114,#24,.T.);
#2883=EDGE_CURVE('',#4115,#4113,#4937,.T.);
#2884=EDGE_CURVE('',#4115,#4116,#25,.T.);
#2885=EDGE_CURVE('',#4116,#4114,#4938,.T.);
#2886=EDGE_CURVE('',#4117,#4113,#26,.T.);
#2887=EDGE_CURVE('',#4118,#4117,#4939,.T.);
#2888=EDGE_CURVE('',#4118,#4115,#27,.T.);
#2889=EDGE_CURVE('',#4119,#4117,#28,.F.);
#2890=EDGE_CURVE('',#4120,#4119,#4940,.T.);
#2891=EDGE_CURVE('',#4120,#4118,#29,.F.);
#2892=EDGE_CURVE('',#4121,#4119,#30,.F.);
#2893=EDGE_CURVE('',#4122,#4121,#4941,.T.);
#2894=EDGE_CURVE('',#4122,#4120,#31,.F.);
#2895=EDGE_CURVE('',#4123,#4121,#32,.F.);
#2896=EDGE_CURVE('',#4124,#4123,#4942,.T.);
#2897=EDGE_CURVE('',#4124,#4122,#33,.F.);
#2898=EDGE_CURVE('',#4125,#4126,#34,.T.);
#2899=EDGE_CURVE('',#4127,#4125,#4943,.T.);
#2900=EDGE_CURVE('',#4127,#4128,#35,.T.);
#2901=EDGE_CURVE('',#4128,#4126,#4944,.T.);
#2902=EDGE_CURVE('',#4129,#4125,#36,.T.);
#2903=EDGE_CURVE('',#4130,#4129,#4945,.T.);
#2904=EDGE_CURVE('',#4130,#4127,#37,.T.);
#2905=EDGE_CURVE('',#4131,#4129,#38,.F.);
#2906=EDGE_CURVE('',#4132,#4131,#4946,.T.);
#2907=EDGE_CURVE('',#4132,#4130,#39,.F.);
#2908=EDGE_CURVE('',#4133,#4131,#40,.F.);
#2909=EDGE_CURVE('',#4134,#4133,#4947,.T.);
#2910=EDGE_CURVE('',#4134,#4132,#41,.F.);
#2911=EDGE_CURVE('',#4135,#4133,#42,.F.);
#2912=EDGE_CURVE('',#4136,#4135,#4948,.T.);
#2913=EDGE_CURVE('',#4136,#4134,#43,.F.);
#2914=EDGE_CURVE('',#4137,#4138,#44,.T.);
#2915=EDGE_CURVE('',#4139,#4137,#4949,.T.);
#2916=EDGE_CURVE('',#4139,#4140,#45,.T.);
#2917=EDGE_CURVE('',#4140,#4138,#4950,.T.);
#2918=EDGE_CURVE('',#4141,#4137,#46,.T.);
#2919=EDGE_CURVE('',#4142,#4141,#4951,.T.);
#2920=EDGE_CURVE('',#4142,#4139,#47,.T.);
#2921=EDGE_CURVE('',#4143,#4141,#48,.F.);
#2922=EDGE_CURVE('',#4144,#4143,#4952,.T.);
#2923=EDGE_CURVE('',#4144,#4142,#49,.F.);
#2924=EDGE_CURVE('',#4145,#4143,#50,.F.);
#2925=EDGE_CURVE('',#4146,#4145,#4953,.T.);
#2926=EDGE_CURVE('',#4146,#4144,#51,.F.);
#2927=EDGE_CURVE('',#4147,#4145,#52,.F.);
#2928=EDGE_CURVE('',#4148,#4147,#4954,.T.);
#2929=EDGE_CURVE('',#4148,#4146,#53,.F.);
#2930=EDGE_CURVE('',#4149,#4150,#54,.T.);
#2931=EDGE_CURVE('',#4151,#4149,#4955,.T.);
#2932=EDGE_CURVE('',#4151,#4152,#55,.T.);
#2933=EDGE_CURVE('',#4152,#4150,#4956,.T.);
#2934=EDGE_CURVE('',#4153,#4149,#56,.T.);
#2935=EDGE_CURVE('',#4154,#4153,#4957,.T.);
#2936=EDGE_CURVE('',#4154,#4151,#57,.T.);
#2937=EDGE_CURVE('',#4155,#4153,#58,.F.);
#2938=EDGE_CURVE('',#4156,#4155,#4958,.T.);
#2939=EDGE_CURVE('',#4156,#4154,#59,.F.);
#2940=EDGE_CURVE('',#4157,#4155,#60,.F.);
#2941=EDGE_CURVE('',#4158,#4157,#4959,.T.);
#2942=EDGE_CURVE('',#4158,#4156,#61,.F.);
#2943=EDGE_CURVE('',#4159,#4157,#62,.F.);
#2944=EDGE_CURVE('',#4160,#4159,#4960,.T.);
#2945=EDGE_CURVE('',#4160,#4158,#63,.F.);
#2946=EDGE_CURVE('',#4161,#4162,#64,.T.);
#2947=EDGE_CURVE('',#4163,#4161,#4961,.T.);
#2948=EDGE_CURVE('',#4163,#4164,#65,.T.);
#2949=EDGE_CURVE('',#4164,#4162,#4962,.T.);
#2950=EDGE_CURVE('',#4165,#4161,#66,.T.);
#2951=EDGE_CURVE('',#4166,#4165,#4963,.T.);
#2952=EDGE_CURVE('',#4166,#4163,#67,.T.);
#2953=EDGE_CURVE('',#4167,#4165,#68,.F.);
#2954=EDGE_CURVE('',#4168,#4167,#4964,.T.);
#2955=EDGE_CURVE('',#4168,#4166,#69,.F.);
#2956=EDGE_CURVE('',#4169,#4167,#70,.F.);
#2957=EDGE_CURVE('',#4170,#4169,#4965,.T.);
#2958=EDGE_CURVE('',#4170,#4168,#71,.F.);
#2959=EDGE_CURVE('',#4171,#4169,#72,.F.);
#2960=EDGE_CURVE('',#4172,#4171,#4966,.T.);
#2961=EDGE_CURVE('',#4172,#4170,#73,.F.);
#2962=EDGE_CURVE('',#4173,#4174,#74,.T.);
#2963=EDGE_CURVE('',#4175,#4173,#4967,.T.);
#2964=EDGE_CURVE('',#4175,#4176,#75,.T.);
#2965=EDGE_CURVE('',#4176,#4174,#4968,.T.);
#2966=EDGE_CURVE('',#4177,#4173,#76,.T.);
#2967=EDGE_CURVE('',#4178,#4177,#4969,.T.);
#2968=EDGE_CURVE('',#4178,#4175,#77,.T.);
#2969=EDGE_CURVE('',#4179,#4177,#78,.F.);
#2970=EDGE_CURVE('',#4180,#4179,#4970,.T.);
#2971=EDGE_CURVE('',#4180,#4178,#79,.F.);
#2972=EDGE_CURVE('',#4181,#4179,#80,.F.);
#2973=EDGE_CURVE('',#4182,#4181,#4971,.T.);
#2974=EDGE_CURVE('',#4182,#4180,#81,.F.);
#2975=EDGE_CURVE('',#4183,#4181,#82,.F.);
#2976=EDGE_CURVE('',#4184,#4183,#4972,.T.);
#2977=EDGE_CURVE('',#4184,#4182,#83,.F.);
#2978=EDGE_CURVE('',#4185,#4186,#84,.T.);
#2979=EDGE_CURVE('',#4187,#4185,#4973,.T.);
#2980=EDGE_CURVE('',#4187,#4188,#85,.T.);
#2981=EDGE_CURVE('',#4188,#4186,#4974,.T.);
#2982=EDGE_CURVE('',#4189,#4185,#86,.T.);
#2983=EDGE_CURVE('',#4190,#4189,#4975,.T.);
#2984=EDGE_CURVE('',#4190,#4187,#87,.T.);
#2985=EDGE_CURVE('',#4191,#4189,#88,.F.);
#2986=EDGE_CURVE('',#4192,#4191,#4976,.T.);
#2987=EDGE_CURVE('',#4192,#4190,#89,.F.);
#2988=EDGE_CURVE('',#4193,#4191,#90,.F.);
#2989=EDGE_CURVE('',#4194,#4193,#4977,.T.);
#2990=EDGE_CURVE('',#4194,#4192,#91,.F.);
#2991=EDGE_CURVE('',#4195,#4193,#92,.F.);
#2992=EDGE_CURVE('',#4196,#4195,#4978,.T.);
#2993=EDGE_CURVE('',#4196,#4194,#93,.F.);
#2994=EDGE_CURVE('',#4197,#4198,#4979,.T.);
#2995=EDGE_CURVE('',#4199,#4197,#4980,.T.);
#2996=EDGE_CURVE('',#4199,#4200,#4981,.T.);
#2997=EDGE_CURVE('',#4200,#4198,#4982,.T.);
#2998=EDGE_CURVE('',#4201,#4197,#4983,.T.);
#2999=EDGE_CURVE('',#4202,#4201,#4984,.T.);
#3000=EDGE_CURVE('',#4202,#4199,#4985,.T.);
#3001=EDGE_CURVE('',#4203,#4201,#4986,.T.);
#3002=EDGE_CURVE('',#4204,#4203,#4987,.T.);
#3003=EDGE_CURVE('',#4204,#4202,#4988,.T.);
#3004=EDGE_CURVE('',#4205,#4206,#4989,.T.);
#3005=EDGE_CURVE('',#4207,#4205,#4990,.T.);
#3006=EDGE_CURVE('',#4207,#4208,#4991,.T.);
#3007=EDGE_CURVE('',#4208,#4206,#4992,.T.);
#3008=EDGE_CURVE('',#4209,#4205,#4993,.T.);
#3009=EDGE_CURVE('',#4210,#4209,#4994,.T.);
#3010=EDGE_CURVE('',#4210,#4207,#4995,.T.);
#3011=EDGE_CURVE('',#4211,#4209,#4996,.T.);
#3012=EDGE_CURVE('',#4212,#4211,#4997,.T.);
#3013=EDGE_CURVE('',#4212,#4210,#4998,.T.);
#3014=EDGE_CURVE('',#4213,#4214,#4999,.T.);
#3015=EDGE_CURVE('',#4215,#4213,#5000,.T.);
#3016=EDGE_CURVE('',#4215,#4216,#5001,.T.);
#3017=EDGE_CURVE('',#4216,#4214,#5002,.T.);
#3018=EDGE_CURVE('',#4217,#4213,#5003,.T.);
#3019=EDGE_CURVE('',#4218,#4217,#5004,.T.);
#3020=EDGE_CURVE('',#4218,#4215,#5005,.T.);
#3021=EDGE_CURVE('',#4219,#4217,#5006,.T.);
#3022=EDGE_CURVE('',#4220,#4219,#5007,.T.);
#3023=EDGE_CURVE('',#4220,#4218,#5008,.T.);
#3024=EDGE_CURVE('',#4221,#4222,#5009,.T.);
#3025=EDGE_CURVE('',#4223,#4221,#5010,.T.);
#3026=EDGE_CURVE('',#4223,#4224,#5011,.T.);
#3027=EDGE_CURVE('',#4224,#4222,#5012,.T.);
#3028=EDGE_CURVE('',#4225,#4221,#5013,.T.);
#3029=EDGE_CURVE('',#4226,#4225,#5014,.T.);
#3030=EDGE_CURVE('',#4226,#4223,#5015,.T.);
#3031=EDGE_CURVE('',#4227,#4225,#5016,.T.);
#3032=EDGE_CURVE('',#4228,#4227,#5017,.T.);
#3033=EDGE_CURVE('',#4228,#4226,#5018,.T.);
#3034=EDGE_CURVE('',#4229,#4230,#5019,.T.);
#3035=EDGE_CURVE('',#4231,#4229,#5020,.T.);
#3036=EDGE_CURVE('',#4231,#4232,#5021,.T.);
#3037=EDGE_CURVE('',#4232,#4230,#5022,.T.);
#3038=EDGE_CURVE('',#4233,#4229,#5023,.T.);
#3039=EDGE_CURVE('',#4234,#4233,#5024,.T.);
#3040=EDGE_CURVE('',#4234,#4231,#5025,.T.);
#3041=EDGE_CURVE('',#4235,#4233,#5026,.T.);
#3042=EDGE_CURVE('',#4236,#4235,#5027,.T.);
#3043=EDGE_CURVE('',#4236,#4234,#5028,.T.);
#3044=EDGE_CURVE('',#4237,#4238,#5029,.T.);
#3045=EDGE_CURVE('',#4239,#4237,#5030,.T.);
#3046=EDGE_CURVE('',#4239,#4240,#5031,.T.);
#3047=EDGE_CURVE('',#4240,#4238,#5032,.T.);
#3048=EDGE_CURVE('',#4241,#4237,#5033,.T.);
#3049=EDGE_CURVE('',#4242,#4241,#5034,.T.);
#3050=EDGE_CURVE('',#4242,#4239,#5035,.T.);
#3051=EDGE_CURVE('',#4243,#4241,#5036,.T.);
#3052=EDGE_CURVE('',#4244,#4243,#5037,.T.);
#3053=EDGE_CURVE('',#4244,#4242,#5038,.T.);
#3054=EDGE_CURVE('',#4245,#4246,#5039,.T.);
#3055=EDGE_CURVE('',#4247,#4245,#5040,.T.);
#3056=EDGE_CURVE('',#4247,#4248,#5041,.T.);
#3057=EDGE_CURVE('',#4248,#4246,#5042,.T.);
#3058=EDGE_CURVE('',#4249,#4245,#5043,.T.);
#3059=EDGE_CURVE('',#4250,#4249,#5044,.T.);
#3060=EDGE_CURVE('',#4250,#4247,#5045,.T.);
#3061=EDGE_CURVE('',#4251,#4249,#5046,.T.);
#3062=EDGE_CURVE('',#4252,#4251,#5047,.T.);
#3063=EDGE_CURVE('',#4252,#4250,#5048,.T.);
#3064=EDGE_CURVE('',#4253,#4254,#5049,.T.);
#3065=EDGE_CURVE('',#4255,#4253,#5050,.T.);
#3066=EDGE_CURVE('',#4255,#4256,#5051,.T.);
#3067=EDGE_CURVE('',#4256,#4254,#5052,.T.);
#3068=EDGE_CURVE('',#4257,#4253,#5053,.T.);
#3069=EDGE_CURVE('',#4258,#4257,#5054,.T.);
#3070=EDGE_CURVE('',#4258,#4255,#5055,.T.);
#3071=EDGE_CURVE('',#4259,#4257,#5056,.T.);
#3072=EDGE_CURVE('',#4260,#4259,#5057,.T.);
#3073=EDGE_CURVE('',#4260,#4258,#5058,.T.);
#3074=EDGE_CURVE('',#4261,#4262,#5059,.T.);
#3075=EDGE_CURVE('',#4263,#4261,#5060,.T.);
#3076=EDGE_CURVE('',#4263,#4264,#5061,.T.);
#3077=EDGE_CURVE('',#4264,#4262,#5062,.T.);
#3078=EDGE_CURVE('',#4265,#4261,#5063,.T.);
#3079=EDGE_CURVE('',#4266,#4265,#5064,.T.);
#3080=EDGE_CURVE('',#4266,#4263,#5065,.T.);
#3081=EDGE_CURVE('',#4267,#4265,#5066,.T.);
#3082=EDGE_CURVE('',#4268,#4267,#5067,.T.);
#3083=EDGE_CURVE('',#4268,#4266,#5068,.T.);
#3084=EDGE_CURVE('',#4269,#4270,#5069,.T.);
#3085=EDGE_CURVE('',#4271,#4269,#5070,.T.);
#3086=EDGE_CURVE('',#4271,#4272,#5071,.T.);
#3087=EDGE_CURVE('',#4272,#4270,#5072,.T.);
#3088=EDGE_CURVE('',#4273,#4269,#5073,.T.);
#3089=EDGE_CURVE('',#4274,#4273,#5074,.T.);
#3090=EDGE_CURVE('',#4274,#4271,#5075,.T.);
#3091=EDGE_CURVE('',#4275,#4273,#5076,.T.);
#3092=EDGE_CURVE('',#4276,#4275,#5077,.T.);
#3093=EDGE_CURVE('',#4276,#4274,#5078,.T.);
#3094=EDGE_CURVE('',#4277,#4278,#5079,.T.);
#3095=EDGE_CURVE('',#4279,#4277,#5080,.T.);
#3096=EDGE_CURVE('',#4279,#4280,#5081,.T.);
#3097=EDGE_CURVE('',#4280,#4278,#5082,.T.);
#3098=EDGE_CURVE('',#4281,#4277,#5083,.T.);
#3099=EDGE_CURVE('',#4282,#4281,#5084,.T.);
#3100=EDGE_CURVE('',#4282,#4279,#5085,.T.);
#3101=EDGE_CURVE('',#4283,#4281,#5086,.T.);
#3102=EDGE_CURVE('',#4284,#4283,#5087,.T.);
#3103=EDGE_CURVE('',#4284,#4282,#5088,.T.);
#3104=EDGE_CURVE('',#4285,#4286,#5089,.T.);
#3105=EDGE_CURVE('',#4287,#4285,#5090,.T.);
#3106=EDGE_CURVE('',#4287,#4288,#5091,.T.);
#3107=EDGE_CURVE('',#4288,#4286,#5092,.T.);
#3108=EDGE_CURVE('',#4289,#4285,#5093,.T.);
#3109=EDGE_CURVE('',#4290,#4289,#5094,.T.);
#3110=EDGE_CURVE('',#4290,#4287,#5095,.T.);
#3111=EDGE_CURVE('',#4291,#4289,#5096,.T.);
#3112=EDGE_CURVE('',#4292,#4291,#5097,.T.);
#3113=EDGE_CURVE('',#4292,#4290,#5098,.T.);
#3114=EDGE_CURVE('',#4293,#4294,#5099,.T.);
#3115=EDGE_CURVE('',#4295,#4293,#5100,.T.);
#3116=EDGE_CURVE('',#4295,#4296,#5101,.T.);
#3117=EDGE_CURVE('',#4296,#4294,#5102,.T.);
#3118=EDGE_CURVE('',#4297,#4293,#5103,.T.);
#3119=EDGE_CURVE('',#4298,#4297,#5104,.T.);
#3120=EDGE_CURVE('',#4298,#4295,#5105,.T.);
#3121=EDGE_CURVE('',#4299,#4297,#5106,.T.);
#3122=EDGE_CURVE('',#4300,#4299,#5107,.T.);
#3123=EDGE_CURVE('',#4300,#4298,#5108,.T.);
#3124=EDGE_CURVE('',#4301,#4302,#5109,.T.);
#3125=EDGE_CURVE('',#4303,#4301,#5110,.T.);
#3126=EDGE_CURVE('',#4303,#4304,#5111,.T.);
#3127=EDGE_CURVE('',#4304,#4302,#5112,.T.);
#3128=EDGE_CURVE('',#4305,#4301,#5113,.T.);
#3129=EDGE_CURVE('',#4306,#4305,#5114,.T.);
#3130=EDGE_CURVE('',#4306,#4303,#5115,.T.);
#3131=EDGE_CURVE('',#4307,#4305,#5116,.T.);
#3132=EDGE_CURVE('',#4308,#4307,#5117,.T.);
#3133=EDGE_CURVE('',#4308,#4306,#5118,.T.);
#3134=EDGE_CURVE('',#4309,#4310,#5119,.T.);
#3135=EDGE_CURVE('',#4311,#4309,#5120,.T.);
#3136=EDGE_CURVE('',#4311,#4312,#5121,.T.);
#3137=EDGE_CURVE('',#4312,#4310,#5122,.T.);
#3138=EDGE_CURVE('',#4313,#4309,#5123,.T.);
#3139=EDGE_CURVE('',#4314,#4313,#5124,.T.);
#3140=EDGE_CURVE('',#4314,#4311,#5125,.T.);
#3141=EDGE_CURVE('',#4315,#4313,#5126,.T.);
#3142=EDGE_CURVE('',#4316,#4315,#5127,.T.);
#3143=EDGE_CURVE('',#4316,#4314,#5128,.T.);
#3144=EDGE_CURVE('',#4317,#4318,#5129,.T.);
#3145=EDGE_CURVE('',#4319,#4317,#5130,.T.);
#3146=EDGE_CURVE('',#4319,#4320,#5131,.T.);
#3147=EDGE_CURVE('',#4320,#4318,#5132,.T.);
#3148=EDGE_CURVE('',#4321,#4317,#5133,.T.);
#3149=EDGE_CURVE('',#4322,#4321,#5134,.T.);
#3150=EDGE_CURVE('',#4322,#4319,#5135,.T.);
#3151=EDGE_CURVE('',#4323,#4321,#5136,.T.);
#3152=EDGE_CURVE('',#4324,#4323,#5137,.T.);
#3153=EDGE_CURVE('',#4324,#4322,#5138,.T.);
#3154=EDGE_CURVE('',#4325,#4326,#5139,.T.);
#3155=EDGE_CURVE('',#4327,#4325,#5140,.T.);
#3156=EDGE_CURVE('',#4327,#4328,#5141,.T.);
#3157=EDGE_CURVE('',#4328,#4326,#5142,.T.);
#3158=EDGE_CURVE('',#4329,#4325,#5143,.T.);
#3159=EDGE_CURVE('',#4330,#4329,#5144,.T.);
#3160=EDGE_CURVE('',#4330,#4327,#5145,.T.);
#3161=EDGE_CURVE('',#4331,#4329,#5146,.T.);
#3162=EDGE_CURVE('',#4332,#4331,#5147,.T.);
#3163=EDGE_CURVE('',#4332,#4330,#5148,.T.);
#3164=EDGE_CURVE('',#4333,#4334,#5149,.T.);
#3165=EDGE_CURVE('',#4335,#4333,#5150,.T.);
#3166=EDGE_CURVE('',#4335,#4336,#5151,.T.);
#3167=EDGE_CURVE('',#4336,#4334,#5152,.T.);
#3168=EDGE_CURVE('',#4337,#4333,#5153,.T.);
#3169=EDGE_CURVE('',#4338,#4337,#5154,.T.);
#3170=EDGE_CURVE('',#4338,#4335,#5155,.T.);
#3171=EDGE_CURVE('',#4339,#4337,#5156,.T.);
#3172=EDGE_CURVE('',#4340,#4339,#5157,.T.);
#3173=EDGE_CURVE('',#4340,#4338,#5158,.T.);
#3174=EDGE_CURVE('',#4341,#4342,#5159,.T.);
#3175=EDGE_CURVE('',#4343,#4341,#5160,.T.);
#3176=EDGE_CURVE('',#4343,#4344,#5161,.T.);
#3177=EDGE_CURVE('',#4344,#4342,#5162,.T.);
#3178=EDGE_CURVE('',#4345,#4341,#5163,.T.);
#3179=EDGE_CURVE('',#4346,#4345,#5164,.T.);
#3180=EDGE_CURVE('',#4346,#4343,#5165,.T.);
#3181=EDGE_CURVE('',#4347,#4345,#5166,.T.);
#3182=EDGE_CURVE('',#4348,#4347,#5167,.T.);
#3183=EDGE_CURVE('',#4348,#4346,#5168,.T.);
#3184=EDGE_CURVE('',#4349,#4350,#5169,.T.);
#3185=EDGE_CURVE('',#4351,#4349,#5170,.T.);
#3186=EDGE_CURVE('',#4351,#4352,#5171,.T.);
#3187=EDGE_CURVE('',#4352,#4350,#5172,.T.);
#3188=EDGE_CURVE('',#4353,#4349,#5173,.T.);
#3189=EDGE_CURVE('',#4354,#4353,#5174,.T.);
#3190=EDGE_CURVE('',#4354,#4351,#5175,.T.);
#3191=EDGE_CURVE('',#4355,#4353,#5176,.T.);
#3192=EDGE_CURVE('',#4356,#4355,#5177,.T.);
#3193=EDGE_CURVE('',#4356,#4354,#5178,.T.);
#3194=EDGE_CURVE('',#4357,#4358,#5179,.T.);
#3195=EDGE_CURVE('',#4359,#4357,#5180,.T.);
#3196=EDGE_CURVE('',#4359,#4360,#5181,.T.);
#3197=EDGE_CURVE('',#4360,#4358,#5182,.T.);
#3198=EDGE_CURVE('',#4361,#4357,#5183,.T.);
#3199=EDGE_CURVE('',#4362,#4361,#5184,.T.);
#3200=EDGE_CURVE('',#4362,#4359,#5185,.T.);
#3201=EDGE_CURVE('',#4363,#4361,#5186,.T.);
#3202=EDGE_CURVE('',#4364,#4363,#5187,.T.);
#3203=EDGE_CURVE('',#4364,#4362,#5188,.T.);
#3204=EDGE_CURVE('',#4365,#4366,#5189,.T.);
#3205=EDGE_CURVE('',#4367,#4365,#5190,.T.);
#3206=EDGE_CURVE('',#4367,#4368,#5191,.T.);
#3207=EDGE_CURVE('',#4368,#4366,#5192,.T.);
#3208=EDGE_CURVE('',#4369,#4365,#5193,.T.);
#3209=EDGE_CURVE('',#4370,#4369,#5194,.T.);
#3210=EDGE_CURVE('',#4370,#4367,#5195,.T.);
#3211=EDGE_CURVE('',#4371,#4369,#5196,.T.);
#3212=EDGE_CURVE('',#4372,#4371,#5197,.T.);
#3213=EDGE_CURVE('',#4372,#4370,#5198,.T.);
#3214=EDGE_CURVE('',#4373,#4374,#5199,.T.);
#3215=EDGE_CURVE('',#4375,#4373,#5200,.T.);
#3216=EDGE_CURVE('',#4375,#4376,#5201,.T.);
#3217=EDGE_CURVE('',#4376,#4374,#5202,.T.);
#3218=EDGE_CURVE('',#4377,#4373,#5203,.T.);
#3219=EDGE_CURVE('',#4378,#4377,#5204,.T.);
#3220=EDGE_CURVE('',#4378,#4375,#5205,.T.);
#3221=EDGE_CURVE('',#4379,#4377,#5206,.T.);
#3222=EDGE_CURVE('',#4380,#4379,#5207,.T.);
#3223=EDGE_CURVE('',#4380,#4378,#5208,.T.);
#3224=EDGE_CURVE('',#4381,#4382,#5209,.T.);
#3225=EDGE_CURVE('',#4383,#4381,#5210,.T.);
#3226=EDGE_CURVE('',#4383,#4384,#5211,.T.);
#3227=EDGE_CURVE('',#4384,#4382,#5212,.T.);
#3228=EDGE_CURVE('',#4385,#4381,#5213,.T.);
#3229=EDGE_CURVE('',#4386,#4385,#5214,.T.);
#3230=EDGE_CURVE('',#4386,#4383,#5215,.T.);
#3231=EDGE_CURVE('',#4387,#4385,#5216,.T.);
#3232=EDGE_CURVE('',#4388,#4387,#5217,.T.);
#3233=EDGE_CURVE('',#4388,#4386,#5218,.T.);
#3234=EDGE_CURVE('',#4389,#4390,#5219,.T.);
#3235=EDGE_CURVE('',#4391,#4389,#5220,.T.);
#3236=EDGE_CURVE('',#4391,#4392,#5221,.T.);
#3237=EDGE_CURVE('',#4392,#4390,#5222,.T.);
#3238=EDGE_CURVE('',#4393,#4389,#5223,.T.);
#3239=EDGE_CURVE('',#4394,#4393,#5224,.T.);
#3240=EDGE_CURVE('',#4394,#4391,#5225,.T.);
#3241=EDGE_CURVE('',#4395,#4393,#5226,.T.);
#3242=EDGE_CURVE('',#4396,#4395,#5227,.T.);
#3243=EDGE_CURVE('',#4396,#4394,#5228,.T.);
#3244=EDGE_CURVE('',#4397,#4398,#5229,.T.);
#3245=EDGE_CURVE('',#4399,#4397,#5230,.T.);
#3246=EDGE_CURVE('',#4399,#4400,#5231,.T.);
#3247=EDGE_CURVE('',#4400,#4398,#5232,.T.);
#3248=EDGE_CURVE('',#4401,#4397,#5233,.T.);
#3249=EDGE_CURVE('',#4402,#4401,#5234,.T.);
#3250=EDGE_CURVE('',#4402,#4399,#5235,.T.);
#3251=EDGE_CURVE('',#4403,#4401,#5236,.T.);
#3252=EDGE_CURVE('',#4404,#4403,#5237,.T.);
#3253=EDGE_CURVE('',#4404,#4402,#5238,.T.);
#3254=EDGE_CURVE('',#4405,#4406,#5239,.T.);
#3255=EDGE_CURVE('',#4407,#4405,#5240,.T.);
#3256=EDGE_CURVE('',#4407,#4408,#5241,.T.);
#3257=EDGE_CURVE('',#4408,#4406,#5242,.T.);
#3258=EDGE_CURVE('',#4409,#4405,#5243,.T.);
#3259=EDGE_CURVE('',#4410,#4409,#5244,.T.);
#3260=EDGE_CURVE('',#4410,#4407,#5245,.T.);
#3261=EDGE_CURVE('',#4411,#4409,#5246,.T.);
#3262=EDGE_CURVE('',#4412,#4411,#5247,.T.);
#3263=EDGE_CURVE('',#4412,#4410,#5248,.T.);
#3264=EDGE_CURVE('',#4413,#4414,#5249,.T.);
#3265=EDGE_CURVE('',#4415,#4413,#5250,.T.);
#3266=EDGE_CURVE('',#4415,#4416,#5251,.T.);
#3267=EDGE_CURVE('',#4416,#4414,#5252,.T.);
#3268=EDGE_CURVE('',#4417,#4413,#5253,.T.);
#3269=EDGE_CURVE('',#4418,#4417,#5254,.T.);
#3270=EDGE_CURVE('',#4418,#4415,#5255,.T.);
#3271=EDGE_CURVE('',#4419,#4417,#5256,.T.);
#3272=EDGE_CURVE('',#4420,#4419,#5257,.T.);
#3273=EDGE_CURVE('',#4420,#4418,#5258,.T.);
#3274=EDGE_CURVE('',#4421,#4422,#5259,.T.);
#3275=EDGE_CURVE('',#4423,#4421,#5260,.T.);
#3276=EDGE_CURVE('',#4423,#4424,#5261,.T.);
#3277=EDGE_CURVE('',#4424,#4422,#5262,.T.);
#3278=EDGE_CURVE('',#4425,#4421,#5263,.T.);
#3279=EDGE_CURVE('',#4426,#4425,#5264,.T.);
#3280=EDGE_CURVE('',#4426,#4423,#5265,.T.);
#3281=EDGE_CURVE('',#4427,#4425,#5266,.T.);
#3282=EDGE_CURVE('',#4428,#4427,#5267,.T.);
#3283=EDGE_CURVE('',#4428,#4426,#5268,.T.);
#3284=EDGE_CURVE('',#4429,#4430,#5269,.T.);
#3285=EDGE_CURVE('',#4431,#4429,#5270,.T.);
#3286=EDGE_CURVE('',#4431,#4432,#5271,.T.);
#3287=EDGE_CURVE('',#4432,#4430,#5272,.T.);
#3288=EDGE_CURVE('',#4433,#4429,#5273,.T.);
#3289=EDGE_CURVE('',#4434,#4433,#5274,.T.);
#3290=EDGE_CURVE('',#4434,#4431,#5275,.T.);
#3291=EDGE_CURVE('',#4435,#4433,#5276,.T.);
#3292=EDGE_CURVE('',#4436,#4435,#5277,.T.);
#3293=EDGE_CURVE('',#4436,#4434,#5278,.T.);
#3294=EDGE_CURVE('',#4437,#4438,#5279,.T.);
#3295=EDGE_CURVE('',#4439,#4437,#5280,.T.);
#3296=EDGE_CURVE('',#4439,#4440,#5281,.T.);
#3297=EDGE_CURVE('',#4440,#4438,#5282,.T.);
#3298=EDGE_CURVE('',#4441,#4437,#5283,.T.);
#3299=EDGE_CURVE('',#4442,#4441,#5284,.T.);
#3300=EDGE_CURVE('',#4442,#4439,#5285,.T.);
#3301=EDGE_CURVE('',#4443,#4441,#5286,.T.);
#3302=EDGE_CURVE('',#4444,#4443,#5287,.T.);
#3303=EDGE_CURVE('',#4444,#4442,#5288,.T.);
#3304=EDGE_CURVE('',#4445,#4446,#5289,.T.);
#3305=EDGE_CURVE('',#4447,#4445,#5290,.T.);
#3306=EDGE_CURVE('',#4447,#4448,#5291,.T.);
#3307=EDGE_CURVE('',#4448,#4446,#5292,.T.);
#3308=EDGE_CURVE('',#4449,#4445,#5293,.T.);
#3309=EDGE_CURVE('',#4450,#4449,#5294,.T.);
#3310=EDGE_CURVE('',#4450,#4447,#5295,.T.);
#3311=EDGE_CURVE('',#4451,#4449,#5296,.T.);
#3312=EDGE_CURVE('',#4452,#4451,#5297,.T.);
#3313=EDGE_CURVE('',#4452,#4450,#5298,.T.);
#3314=EDGE_CURVE('',#4453,#4454,#5299,.T.);
#3315=EDGE_CURVE('',#4455,#4453,#5300,.T.);
#3316=EDGE_CURVE('',#4455,#4456,#5301,.T.);
#3317=EDGE_CURVE('',#4456,#4454,#5302,.T.);
#3318=EDGE_CURVE('',#4457,#4453,#5303,.T.);
#3319=EDGE_CURVE('',#4458,#4457,#5304,.T.);
#3320=EDGE_CURVE('',#4458,#4455,#5305,.T.);
#3321=EDGE_CURVE('',#4459,#4457,#5306,.T.);
#3322=EDGE_CURVE('',#4460,#4459,#5307,.T.);
#3323=EDGE_CURVE('',#4460,#4458,#5308,.T.);
#3324=EDGE_CURVE('',#4461,#4462,#5309,.T.);
#3325=EDGE_CURVE('',#4463,#4461,#5310,.T.);
#3326=EDGE_CURVE('',#4463,#4464,#5311,.T.);
#3327=EDGE_CURVE('',#4464,#4462,#5312,.T.);
#3328=EDGE_CURVE('',#4465,#4461,#5313,.T.);
#3329=EDGE_CURVE('',#4466,#4465,#5314,.T.);
#3330=EDGE_CURVE('',#4466,#4463,#5315,.T.);
#3331=EDGE_CURVE('',#4467,#4465,#5316,.T.);
#3332=EDGE_CURVE('',#4468,#4467,#5317,.T.);
#3333=EDGE_CURVE('',#4468,#4466,#5318,.T.);
#3334=EDGE_CURVE('',#4469,#4470,#5319,.T.);
#3335=EDGE_CURVE('',#4471,#4469,#5320,.T.);
#3336=EDGE_CURVE('',#4471,#4472,#5321,.T.);
#3337=EDGE_CURVE('',#4472,#4470,#5322,.T.);
#3338=EDGE_CURVE('',#4473,#4469,#5323,.T.);
#3339=EDGE_CURVE('',#4474,#4473,#5324,.T.);
#3340=EDGE_CURVE('',#4474,#4471,#5325,.T.);
#3341=EDGE_CURVE('',#4475,#4473,#5326,.T.);
#3342=EDGE_CURVE('',#4476,#4475,#5327,.T.);
#3343=EDGE_CURVE('',#4476,#4474,#5328,.T.);
#3344=EDGE_CURVE('',#4477,#4478,#5329,.T.);
#3345=EDGE_CURVE('',#4479,#4477,#5330,.T.);
#3346=EDGE_CURVE('',#4479,#4480,#5331,.T.);
#3347=EDGE_CURVE('',#4480,#4478,#5332,.T.);
#3348=EDGE_CURVE('',#4481,#4477,#5333,.T.);
#3349=EDGE_CURVE('',#4482,#4481,#5334,.T.);
#3350=EDGE_CURVE('',#4482,#4479,#5335,.T.);
#3351=EDGE_CURVE('',#4483,#4481,#5336,.T.);
#3352=EDGE_CURVE('',#4484,#4483,#5337,.T.);
#3353=EDGE_CURVE('',#4484,#4482,#5338,.T.);
#3354=EDGE_CURVE('',#4485,#4486,#5339,.T.);
#3355=EDGE_CURVE('',#4487,#4485,#5340,.T.);
#3356=EDGE_CURVE('',#4487,#4488,#5341,.T.);
#3357=EDGE_CURVE('',#4488,#4486,#5342,.T.);
#3358=EDGE_CURVE('',#4489,#4485,#5343,.T.);
#3359=EDGE_CURVE('',#4490,#4489,#5344,.T.);
#3360=EDGE_CURVE('',#4490,#4487,#5345,.T.);
#3361=EDGE_CURVE('',#4491,#4489,#5346,.T.);
#3362=EDGE_CURVE('',#4492,#4491,#5347,.T.);
#3363=EDGE_CURVE('',#4492,#4490,#5348,.T.);
#3364=EDGE_CURVE('',#4493,#4494,#5349,.T.);
#3365=EDGE_CURVE('',#4495,#4493,#5350,.T.);
#3366=EDGE_CURVE('',#4495,#4496,#5351,.T.);
#3367=EDGE_CURVE('',#4496,#4494,#5352,.T.);
#3368=EDGE_CURVE('',#4497,#4493,#5353,.T.);
#3369=EDGE_CURVE('',#4498,#4497,#5354,.T.);
#3370=EDGE_CURVE('',#4498,#4495,#5355,.T.);
#3371=EDGE_CURVE('',#4499,#4497,#5356,.T.);
#3372=EDGE_CURVE('',#4500,#4499,#5357,.T.);
#3373=EDGE_CURVE('',#4500,#4498,#5358,.T.);
#3374=EDGE_CURVE('',#4501,#4502,#5359,.T.);
#3375=EDGE_CURVE('',#4503,#4501,#5360,.T.);
#3376=EDGE_CURVE('',#4503,#4504,#5361,.T.);
#3377=EDGE_CURVE('',#4504,#4502,#5362,.T.);
#3378=EDGE_CURVE('',#4505,#4501,#5363,.T.);
#3379=EDGE_CURVE('',#4506,#4505,#5364,.T.);
#3380=EDGE_CURVE('',#4506,#4503,#5365,.T.);
#3381=EDGE_CURVE('',#4507,#4505,#5366,.T.);
#3382=EDGE_CURVE('',#4508,#4507,#5367,.T.);
#3383=EDGE_CURVE('',#4508,#4506,#5368,.T.);
#3384=EDGE_CURVE('',#4509,#4510,#5369,.T.);
#3385=EDGE_CURVE('',#4511,#4509,#5370,.T.);
#3386=EDGE_CURVE('',#4511,#4512,#5371,.T.);
#3387=EDGE_CURVE('',#4512,#4510,#5372,.T.);
#3388=EDGE_CURVE('',#4513,#4509,#5373,.T.);
#3389=EDGE_CURVE('',#4514,#4513,#5374,.T.);
#3390=EDGE_CURVE('',#4514,#4511,#5375,.T.);
#3391=EDGE_CURVE('',#4515,#4513,#5376,.T.);
#3392=EDGE_CURVE('',#4516,#4515,#5377,.T.);
#3393=EDGE_CURVE('',#4516,#4514,#5378,.T.);
#3394=EDGE_CURVE('',#4517,#4518,#5379,.T.);
#3395=EDGE_CURVE('',#4519,#4517,#5380,.T.);
#3396=EDGE_CURVE('',#4519,#4520,#5381,.T.);
#3397=EDGE_CURVE('',#4520,#4518,#5382,.T.);
#3398=EDGE_CURVE('',#4521,#4517,#5383,.T.);
#3399=EDGE_CURVE('',#4522,#4521,#5384,.T.);
#3400=EDGE_CURVE('',#4522,#4519,#5385,.T.);
#3401=EDGE_CURVE('',#4523,#4521,#5386,.T.);
#3402=EDGE_CURVE('',#4524,#4523,#5387,.T.);
#3403=EDGE_CURVE('',#4524,#4522,#5388,.T.);
#3404=EDGE_CURVE('',#4525,#4526,#5389,.T.);
#3405=EDGE_CURVE('',#4527,#4525,#5390,.T.);
#3406=EDGE_CURVE('',#4527,#4528,#5391,.T.);
#3407=EDGE_CURVE('',#4528,#4526,#5392,.T.);
#3408=EDGE_CURVE('',#4529,#4525,#5393,.T.);
#3409=EDGE_CURVE('',#4530,#4529,#5394,.T.);
#3410=EDGE_CURVE('',#4530,#4527,#5395,.T.);
#3411=EDGE_CURVE('',#4531,#4529,#5396,.T.);
#3412=EDGE_CURVE('',#4532,#4531,#5397,.T.);
#3413=EDGE_CURVE('',#4532,#4530,#5398,.T.);
#3414=EDGE_CURVE('',#4533,#4534,#5399,.T.);
#3415=EDGE_CURVE('',#4535,#4533,#5400,.T.);
#3416=EDGE_CURVE('',#4535,#4536,#5401,.T.);
#3417=EDGE_CURVE('',#4536,#4534,#5402,.T.);
#3418=EDGE_CURVE('',#4537,#4533,#5403,.T.);
#3419=EDGE_CURVE('',#4538,#4537,#5404,.T.);
#3420=EDGE_CURVE('',#4538,#4535,#5405,.T.);
#3421=EDGE_CURVE('',#4539,#4537,#5406,.T.);
#3422=EDGE_CURVE('',#4540,#4539,#5407,.T.);
#3423=EDGE_CURVE('',#4540,#4538,#5408,.T.);
#3424=EDGE_CURVE('',#4541,#4542,#5409,.T.);
#3425=EDGE_CURVE('',#4543,#4541,#5410,.T.);
#3426=EDGE_CURVE('',#4543,#4544,#5411,.T.);
#3427=EDGE_CURVE('',#4544,#4542,#5412,.T.);
#3428=EDGE_CURVE('',#4545,#4541,#5413,.T.);
#3429=EDGE_CURVE('',#4546,#4545,#5414,.T.);
#3430=EDGE_CURVE('',#4546,#4543,#5415,.T.);
#3431=EDGE_CURVE('',#4547,#4545,#5416,.T.);
#3432=EDGE_CURVE('',#4548,#4547,#5417,.T.);
#3433=EDGE_CURVE('',#4548,#4546,#5418,.T.);
#3434=EDGE_CURVE('',#4549,#4550,#5419,.T.);
#3435=EDGE_CURVE('',#4551,#4549,#5420,.T.);
#3436=EDGE_CURVE('',#4551,#4552,#5421,.T.);
#3437=EDGE_CURVE('',#4552,#4550,#5422,.T.);
#3438=EDGE_CURVE('',#4553,#4549,#5423,.T.);
#3439=EDGE_CURVE('',#4554,#4553,#5424,.T.);
#3440=EDGE_CURVE('',#4554,#4551,#5425,.T.);
#3441=EDGE_CURVE('',#4555,#4553,#5426,.T.);
#3442=EDGE_CURVE('',#4556,#4555,#5427,.T.);
#3443=EDGE_CURVE('',#4556,#4554,#5428,.T.);
#3444=EDGE_CURVE('',#4557,#4558,#5429,.T.);
#3445=EDGE_CURVE('',#4559,#4557,#5430,.T.);
#3446=EDGE_CURVE('',#4559,#4560,#5431,.T.);
#3447=EDGE_CURVE('',#4560,#4558,#5432,.T.);
#3448=EDGE_CURVE('',#4561,#4557,#5433,.T.);
#3449=EDGE_CURVE('',#4562,#4561,#5434,.T.);
#3450=EDGE_CURVE('',#4562,#4559,#5435,.T.);
#3451=EDGE_CURVE('',#4563,#4561,#5436,.T.);
#3452=EDGE_CURVE('',#4564,#4563,#5437,.T.);
#3453=EDGE_CURVE('',#4564,#4562,#5438,.T.);
#3454=EDGE_CURVE('',#4565,#4566,#5439,.T.);
#3455=EDGE_CURVE('',#4567,#4565,#5440,.T.);
#3456=EDGE_CURVE('',#4567,#4568,#5441,.T.);
#3457=EDGE_CURVE('',#4568,#4566,#5442,.T.);
#3458=EDGE_CURVE('',#4569,#4565,#5443,.T.);
#3459=EDGE_CURVE('',#4570,#4569,#5444,.T.);
#3460=EDGE_CURVE('',#4570,#4567,#5445,.T.);
#3461=EDGE_CURVE('',#4571,#4569,#5446,.T.);
#3462=EDGE_CURVE('',#4572,#4571,#5447,.T.);
#3463=EDGE_CURVE('',#4572,#4570,#5448,.T.);
#3464=EDGE_CURVE('',#4573,#4574,#5449,.T.);
#3465=EDGE_CURVE('',#4575,#4573,#5450,.T.);
#3466=EDGE_CURVE('',#4575,#4576,#5451,.T.);
#3467=EDGE_CURVE('',#4576,#4574,#5452,.T.);
#3468=EDGE_CURVE('',#4577,#4573,#5453,.T.);
#3469=EDGE_CURVE('',#4578,#4577,#5454,.T.);
#3470=EDGE_CURVE('',#4578,#4575,#5455,.T.);
#3471=EDGE_CURVE('',#4579,#4577,#5456,.T.);
#3472=EDGE_CURVE('',#4580,#4579,#5457,.T.);
#3473=EDGE_CURVE('',#4580,#4578,#5458,.T.);
#3474=EDGE_CURVE('',#4581,#4582,#5459,.T.);
#3475=EDGE_CURVE('',#4583,#4581,#5460,.T.);
#3476=EDGE_CURVE('',#4583,#4584,#5461,.T.);
#3477=EDGE_CURVE('',#4584,#4582,#5462,.T.);
#3478=EDGE_CURVE('',#4585,#4581,#5463,.T.);
#3479=EDGE_CURVE('',#4586,#4585,#5464,.T.);
#3480=EDGE_CURVE('',#4586,#4583,#5465,.T.);
#3481=EDGE_CURVE('',#4587,#4585,#5466,.T.);
#3482=EDGE_CURVE('',#4588,#4587,#5467,.T.);
#3483=EDGE_CURVE('',#4588,#4586,#5468,.T.);
#3484=EDGE_CURVE('',#4589,#4590,#5469,.T.);
#3485=EDGE_CURVE('',#4591,#4589,#5470,.T.);
#3486=EDGE_CURVE('',#4591,#4592,#5471,.T.);
#3487=EDGE_CURVE('',#4592,#4590,#5472,.T.);
#3488=EDGE_CURVE('',#4593,#4589,#5473,.T.);
#3489=EDGE_CURVE('',#4594,#4593,#5474,.T.);
#3490=EDGE_CURVE('',#4594,#4591,#5475,.T.);
#3491=EDGE_CURVE('',#4595,#4593,#5476,.T.);
#3492=EDGE_CURVE('',#4596,#4595,#5477,.T.);
#3493=EDGE_CURVE('',#4596,#4594,#5478,.T.);
#3494=EDGE_CURVE('',#4597,#4598,#5479,.T.);
#3495=EDGE_CURVE('',#4599,#4597,#5480,.T.);
#3496=EDGE_CURVE('',#4599,#4600,#5481,.T.);
#3497=EDGE_CURVE('',#4600,#4598,#5482,.T.);
#3498=EDGE_CURVE('',#4601,#4597,#5483,.T.);
#3499=EDGE_CURVE('',#4602,#4601,#5484,.T.);
#3500=EDGE_CURVE('',#4602,#4599,#5485,.T.);
#3501=EDGE_CURVE('',#4603,#4601,#5486,.T.);
#3502=EDGE_CURVE('',#4604,#4603,#5487,.T.);
#3503=EDGE_CURVE('',#4604,#4602,#5488,.T.);
#3504=EDGE_CURVE('',#4605,#4606,#5489,.T.);
#3505=EDGE_CURVE('',#4607,#4605,#5490,.T.);
#3506=EDGE_CURVE('',#4607,#4608,#5491,.T.);
#3507=EDGE_CURVE('',#4608,#4606,#5492,.T.);
#3508=EDGE_CURVE('',#4609,#4605,#5493,.T.);
#3509=EDGE_CURVE('',#4610,#4609,#5494,.T.);
#3510=EDGE_CURVE('',#4610,#4607,#5495,.T.);
#3511=EDGE_CURVE('',#4611,#4609,#5496,.T.);
#3512=EDGE_CURVE('',#4612,#4611,#5497,.T.);
#3513=EDGE_CURVE('',#4612,#4610,#5498,.T.);
#3514=EDGE_CURVE('',#4613,#4614,#5499,.T.);
#3515=EDGE_CURVE('',#4615,#4613,#5500,.T.);
#3516=EDGE_CURVE('',#4615,#4616,#5501,.T.);
#3517=EDGE_CURVE('',#4616,#4614,#5502,.T.);
#3518=EDGE_CURVE('',#4617,#4613,#5503,.T.);
#3519=EDGE_CURVE('',#4618,#4617,#5504,.T.);
#3520=EDGE_CURVE('',#4618,#4615,#5505,.T.);
#3521=EDGE_CURVE('',#4619,#4617,#5506,.T.);
#3522=EDGE_CURVE('',#4620,#4619,#5507,.T.);
#3523=EDGE_CURVE('',#4620,#4618,#5508,.T.);
#3524=EDGE_CURVE('',#4621,#4622,#5509,.T.);
#3525=EDGE_CURVE('',#4623,#4621,#5510,.T.);
#3526=EDGE_CURVE('',#4623,#4624,#5511,.T.);
#3527=EDGE_CURVE('',#4624,#4622,#5512,.T.);
#3528=EDGE_CURVE('',#4625,#4621,#5513,.T.);
#3529=EDGE_CURVE('',#4626,#4625,#5514,.T.);
#3530=EDGE_CURVE('',#4626,#4623,#5515,.T.);
#3531=EDGE_CURVE('',#4627,#4625,#5516,.T.);
#3532=EDGE_CURVE('',#4628,#4627,#5517,.T.);
#3533=EDGE_CURVE('',#4628,#4626,#5518,.T.);
#3534=EDGE_CURVE('',#4629,#4630,#5519,.T.);
#3535=EDGE_CURVE('',#4631,#4629,#5520,.T.);
#3536=EDGE_CURVE('',#4631,#4632,#5521,.T.);
#3537=EDGE_CURVE('',#4632,#4630,#5522,.T.);
#3538=EDGE_CURVE('',#4633,#4629,#94,.F.);
#3539=EDGE_CURVE('',#4634,#4633,#5523,.T.);
#3540=EDGE_CURVE('',#4634,#4631,#95,.F.);
#3541=EDGE_CURVE('',#4635,#4633,#96,.F.);
#3542=EDGE_CURVE('',#4636,#4635,#5524,.T.);
#3543=EDGE_CURVE('',#4636,#4634,#97,.F.);
#3544=EDGE_CURVE('',#4637,#4635,#5525,.T.);
#3545=EDGE_CURVE('',#4638,#4637,#5526,.T.);
#3546=EDGE_CURVE('',#4638,#4636,#5527,.T.);
#3547=EDGE_CURVE('',#4639,#4637,#98,.T.);
#3548=EDGE_CURVE('',#4640,#4639,#5528,.T.);
#3549=EDGE_CURVE('',#4640,#4638,#99,.T.);
#3550=EDGE_CURVE('',#4641,#4639,#5529,.T.);
#3551=EDGE_CURVE('',#4642,#4641,#5530,.T.);
#3552=EDGE_CURVE('',#4642,#4640,#5531,.T.);
#3553=EDGE_CURVE('',#4643,#4641,#100,.T.);
#3554=EDGE_CURVE('',#4644,#4643,#5532,.T.);
#3555=EDGE_CURVE('',#4644,#4642,#101,.T.);
#3556=EDGE_CURVE('',#4645,#4643,#5533,.T.);
#3557=EDGE_CURVE('',#4646,#4645,#5534,.T.);
#3558=EDGE_CURVE('',#4646,#4644,#5535,.T.);
#3559=EDGE_CURVE('',#4647,#4645,#102,.T.);
#3560=EDGE_CURVE('',#4648,#4647,#5536,.T.);
#3561=EDGE_CURVE('',#4648,#4646,#103,.T.);
#3562=EDGE_CURVE('',#4649,#4647,#5537,.T.);
#3563=EDGE_CURVE('',#4650,#4649,#5538,.T.);
#3564=EDGE_CURVE('',#4650,#4648,#5539,.T.);
#3565=EDGE_CURVE('',#4651,#4649,#104,.T.);
#3566=EDGE_CURVE('',#4652,#4651,#5540,.T.);
#3567=EDGE_CURVE('',#4652,#4650,#105,.T.);
#3568=EDGE_CURVE('',#4651,#4653,#12,.T.);
#3569=EDGE_CURVE('',#4654,#4653,#5541,.T.);
#3570=EDGE_CURVE('',#4652,#4654,#13,.F.);
#3571=EDGE_CURVE('',#4655,#4653,#5542,.T.);
#3572=EDGE_CURVE('',#4656,#4655,#5543,.T.);
#3573=EDGE_CURVE('',#4656,#4654,#5544,.T.);
#3574=EDGE_CURVE('',#4657,#4655,#106,.T.);
#3575=EDGE_CURVE('',#4658,#4657,#5545,.T.);
#3576=EDGE_CURVE('',#4658,#4656,#107,.T.);
#3577=EDGE_CURVE('',#4659,#4657,#5546,.T.);
#3578=EDGE_CURVE('',#4660,#4659,#5547,.T.);
#3579=EDGE_CURVE('',#4660,#4658,#5548,.T.);
#3580=EDGE_CURVE('',#4661,#4659,#108,.T.);
#3581=EDGE_CURVE('',#4662,#4661,#5549,.T.);
#3582=EDGE_CURVE('',#4662,#4660,#109,.T.);
#3583=EDGE_CURVE('',#4663,#4661,#110,.F.);
#3584=EDGE_CURVE('',#4664,#4663,#5550,.T.);
#3585=EDGE_CURVE('',#4664,#4662,#111,.F.);
#3586=EDGE_CURVE('',#4665,#4663,#5551,.T.);
#3587=EDGE_CURVE('',#4666,#4665,#5552,.T.);
#3588=EDGE_CURVE('',#4666,#4664,#5553,.T.);
#3589=EDGE_CURVE('',#4667,#4665,#112,.T.);
#3590=EDGE_CURVE('',#4668,#4667,#5554,.T.);
#3591=EDGE_CURVE('',#4668,#4666,#113,.T.);
#3592=EDGE_CURVE('',#4669,#4667,#5555,.T.);
#3593=EDGE_CURVE('',#4670,#4669,#5556,.T.);
#3594=EDGE_CURVE('',#4670,#4668,#5557,.T.);
#3595=EDGE_CURVE('',#4671,#4669,#114,.T.);
#3596=EDGE_CURVE('',#4672,#4671,#5558,.T.);
#3597=EDGE_CURVE('',#4672,#4670,#115,.T.);
#3598=EDGE_CURVE('',#4673,#4671,#5559,.T.);
#3599=EDGE_CURVE('',#4674,#4673,#5560,.T.);
#3600=EDGE_CURVE('',#4674,#4672,#5561,.T.);
#3601=EDGE_CURVE('',#4675,#4673,#116,.T.);
#3602=EDGE_CURVE('',#4676,#4675,#5562,.T.);
#3603=EDGE_CURVE('',#4676,#4674,#117,.T.);
#3604=EDGE_CURVE('',#4677,#4675,#5563,.T.);
#3605=EDGE_CURVE('',#4678,#4677,#5564,.T.);
#3606=EDGE_CURVE('',#4678,#4676,#5565,.T.);
#3607=EDGE_CURVE('',#4679,#4677,#118,.T.);
#3608=EDGE_CURVE('',#4680,#4679,#5566,.T.);
#3609=EDGE_CURVE('',#4680,#4678,#119,.T.);
#3610=EDGE_CURVE('',#4681,#4679,#5567,.T.);
#3611=EDGE_CURVE('',#4682,#4681,#5568,.T.);
#3612=EDGE_CURVE('',#4682,#4680,#5569,.T.);
#3613=EDGE_CURVE('',#4683,#4681,#120,.T.);
#3614=EDGE_CURVE('',#4684,#4683,#5570,.T.);
#3615=EDGE_CURVE('',#4684,#4682,#121,.T.);
#3616=EDGE_CURVE('',#4685,#4683,#5571,.T.);
#3617=EDGE_CURVE('',#4686,#4685,#5572,.T.);
#3618=EDGE_CURVE('',#4686,#4684,#5573,.T.);
#3619=EDGE_CURVE('',#4687,#4685,#122,.T.);
#3620=EDGE_CURVE('',#4688,#4687,#5574,.T.);
#3621=EDGE_CURVE('',#4688,#4686,#123,.T.);
#3622=EDGE_CURVE('',#4689,#4687,#5575,.T.);
#3623=EDGE_CURVE('',#4690,#4689,#5576,.T.);
#3624=EDGE_CURVE('',#4690,#4688,#5577,.T.);
#3625=EDGE_CURVE('',#4691,#4689,#124,.F.);
#3626=EDGE_CURVE('',#4692,#4691,#5578,.T.);
#3627=EDGE_CURVE('',#4692,#4690,#125,.F.);
#3628=EDGE_CURVE('',#4693,#4691,#5579,.T.);
#3629=EDGE_CURVE('',#4694,#4693,#5580,.T.);
#3630=EDGE_CURVE('',#4694,#4692,#5581,.T.);
#3631=EDGE_CURVE('',#4695,#4693,#126,.F.);
#3632=EDGE_CURVE('',#4696,#4695,#5582,.T.);
#3633=EDGE_CURVE('',#4696,#4694,#127,.F.);
#3634=EDGE_CURVE('',#4697,#4695,#5583,.T.);
#3635=EDGE_CURVE('',#4698,#4697,#5584,.T.);
#3636=EDGE_CURVE('',#4698,#4696,#5585,.T.);
#3637=EDGE_CURVE('',#4699,#4697,#128,.T.);
#3638=EDGE_CURVE('',#4700,#4699,#5586,.T.);
#3639=EDGE_CURVE('',#4700,#4698,#129,.T.);
#3640=EDGE_CURVE('',#4701,#4699,#5587,.T.);
#3641=EDGE_CURVE('',#4702,#4701,#5588,.T.);
#3642=EDGE_CURVE('',#4702,#4700,#5589,.T.);
#3643=EDGE_CURVE('',#4703,#4701,#130,.T.);
#3644=EDGE_CURVE('',#4704,#4703,#5590,.T.);
#3645=EDGE_CURVE('',#4704,#4702,#131,.T.);
#3646=EDGE_CURVE('',#4705,#4703,#5591,.T.);
#3647=EDGE_CURVE('',#4706,#4705,#5592,.T.);
#3648=EDGE_CURVE('',#4706,#4704,#5593,.T.);
#3649=EDGE_CURVE('',#4707,#4705,#132,.F.);
#3650=EDGE_CURVE('',#4708,#4707,#5594,.T.);
#3651=EDGE_CURVE('',#4708,#4706,#133,.F.);
#3652=EDGE_CURVE('',#4709,#4707,#5595,.T.);
#3653=EDGE_CURVE('',#4710,#4709,#5596,.T.);
#3654=EDGE_CURVE('',#4710,#4708,#5597,.T.);
#3655=EDGE_CURVE('',#4711,#4709,#134,.F.);
#3656=EDGE_CURVE('',#4712,#4711,#5598,.T.);
#3657=EDGE_CURVE('',#4712,#4710,#135,.F.);
#3658=EDGE_CURVE('',#4713,#4711,#5599,.T.);
#3659=EDGE_CURVE('',#4714,#4713,#5600,.T.);
#3660=EDGE_CURVE('',#4714,#4712,#5601,.T.);
#3661=EDGE_CURVE('',#4715,#4713,#5602,.T.);
#3662=EDGE_CURVE('',#4716,#4715,#5603,.T.);
#3663=EDGE_CURVE('',#4716,#4714,#5604,.T.);
#3664=EDGE_CURVE('',#4717,#4715,#136,.F.);
#3665=EDGE_CURVE('',#4718,#4717,#5605,.T.);
#3666=EDGE_CURVE('',#4718,#4716,#137,.F.);
#3667=EDGE_CURVE('',#4719,#4717,#5606,.T.);
#3668=EDGE_CURVE('',#4720,#4719,#5607,.T.);
#3669=EDGE_CURVE('',#4720,#4718,#5608,.T.);
#3670=EDGE_CURVE('',#4721,#4719,#138,.T.);
#3671=EDGE_CURVE('',#4722,#4721,#5609,.T.);
#3672=EDGE_CURVE('',#4722,#4720,#139,.T.);
#3673=EDGE_CURVE('',#4723,#4721,#5610,.T.);
#3674=EDGE_CURVE('',#4724,#4723,#5611,.T.);
#3675=EDGE_CURVE('',#4724,#4722,#5612,.T.);
#3676=EDGE_CURVE('',#4725,#4723,#140,.T.);
#3677=EDGE_CURVE('',#4726,#4725,#5613,.T.);
#3678=EDGE_CURVE('',#4726,#4724,#141,.T.);
#3679=EDGE_CURVE('',#4727,#4725,#5614,.T.);
#3680=EDGE_CURVE('',#4728,#4727,#5615,.T.);
#3681=EDGE_CURVE('',#4728,#4726,#5616,.T.);
#3682=EDGE_CURVE('',#4729,#4727,#142,.F.);
#3683=EDGE_CURVE('',#4730,#4729,#5617,.T.);
#3684=EDGE_CURVE('',#4730,#4728,#143,.F.);
#3685=EDGE_CURVE('',#4731,#4729,#5618,.T.);
#3686=EDGE_CURVE('',#4732,#4731,#5619,.T.);
#3687=EDGE_CURVE('',#4732,#4730,#5620,.T.);
#3688=EDGE_CURVE('',#4733,#4731,#144,.F.);
#3689=EDGE_CURVE('',#4734,#4733,#5621,.T.);
#3690=EDGE_CURVE('',#4734,#4732,#145,.F.);
#3691=EDGE_CURVE('',#4735,#4733,#5622,.T.);
#3692=EDGE_CURVE('',#4736,#4735,#5623,.T.);
#3693=EDGE_CURVE('',#4736,#4734,#5624,.T.);
#3694=EDGE_CURVE('',#4737,#4735,#146,.T.);
#3695=EDGE_CURVE('',#4738,#4737,#5625,.T.);
#3696=EDGE_CURVE('',#4738,#4736,#147,.T.);
#3697=EDGE_CURVE('',#4739,#4737,#5626,.T.);
#3698=EDGE_CURVE('',#4740,#4739,#5627,.T.);
#3699=EDGE_CURVE('',#4740,#4738,#5628,.T.);
#3700=EDGE_CURVE('',#4741,#4739,#148,.T.);
#3701=EDGE_CURVE('',#4742,#4741,#5629,.T.);
#3702=EDGE_CURVE('',#4742,#4740,#149,.T.);
#3703=EDGE_CURVE('',#4743,#4741,#5630,.T.);
#3704=EDGE_CURVE('',#4744,#4743,#5631,.T.);
#3705=EDGE_CURVE('',#4744,#4742,#5632,.T.);
#3706=EDGE_CURVE('',#4745,#4743,#150,.F.);
#3707=EDGE_CURVE('',#4746,#4745,#5633,.T.);
#3708=EDGE_CURVE('',#4746,#4744,#151,.F.);
#3709=EDGE_CURVE('',#4747,#4745,#5634,.T.);
#3710=EDGE_CURVE('',#4748,#4747,#5635,.T.);
#3711=EDGE_CURVE('',#4748,#4746,#5636,.T.);
#3712=EDGE_CURVE('',#4749,#4747,#152,.T.);
#3713=EDGE_CURVE('',#4750,#4749,#5637,.T.);
#3714=EDGE_CURVE('',#4750,#4748,#153,.T.);
#3715=EDGE_CURVE('',#4751,#4749,#5638,.T.);
#3716=EDGE_CURVE('',#4752,#4751,#5639,.T.);
#3717=EDGE_CURVE('',#4752,#4750,#5640,.T.);
#3718=EDGE_CURVE('',#4753,#4751,#154,.T.);
#3719=EDGE_CURVE('',#4754,#4753,#5641,.T.);
#3720=EDGE_CURVE('',#4754,#4752,#155,.T.);
#3721=EDGE_CURVE('',#4755,#4753,#5642,.T.);
#3722=EDGE_CURVE('',#4756,#4755,#5643,.T.);
#3723=EDGE_CURVE('',#4756,#4754,#5644,.T.);
#3724=EDGE_CURVE('',#4757,#4755,#156,.F.);
#3725=EDGE_CURVE('',#4758,#4757,#5645,.T.);
#3726=EDGE_CURVE('',#4758,#4756,#157,.F.);
#3727=EDGE_CURVE('',#4759,#4757,#5646,.T.);
#3728=EDGE_CURVE('',#4760,#4759,#5647,.T.);
#3729=EDGE_CURVE('',#4760,#4758,#5648,.T.);
#3730=EDGE_CURVE('',#4761,#4759,#5649,.T.);
#3731=EDGE_CURVE('',#4762,#4761,#5650,.T.);
#3732=EDGE_CURVE('',#4762,#4760,#5651,.T.);
#3733=EDGE_CURVE('',#4763,#4761,#158,.F.);
#3734=EDGE_CURVE('',#4764,#4763,#5652,.T.);
#3735=EDGE_CURVE('',#4764,#4762,#159,.F.);
#3736=EDGE_CURVE('',#4765,#4763,#5653,.T.);
#3737=EDGE_CURVE('',#4766,#4765,#5654,.T.);
#3738=EDGE_CURVE('',#4766,#4764,#5655,.T.);
#3739=EDGE_CURVE('',#4767,#4765,#160,.T.);
#3740=EDGE_CURVE('',#4768,#4767,#5656,.T.);
#3741=EDGE_CURVE('',#4768,#4766,#161,.T.);
#3742=EDGE_CURVE('',#4769,#4767,#5657,.T.);
#3743=EDGE_CURVE('',#4770,#4769,#5658,.T.);
#3744=EDGE_CURVE('',#4770,#4768,#5659,.T.);
#3745=EDGE_CURVE('',#4771,#4769,#162,.T.);
#3746=EDGE_CURVE('',#4772,#4771,#5660,.T.);
#3747=EDGE_CURVE('',#4772,#4770,#163,.T.);
#3748=EDGE_CURVE('',#4773,#4771,#5661,.T.);
#3749=EDGE_CURVE('',#4774,#4773,#5662,.T.);
#3750=EDGE_CURVE('',#4774,#4772,#5663,.T.);
#3751=EDGE_CURVE('',#4775,#4773,#164,.F.);
#3752=EDGE_CURVE('',#4776,#4775,#5664,.T.);
#3753=EDGE_CURVE('',#4776,#4774,#165,.F.);
#3754=EDGE_CURVE('',#4777,#4775,#5665,.T.);
#3755=EDGE_CURVE('',#4778,#4777,#5666,.T.);
#3756=EDGE_CURVE('',#4778,#4776,#5667,.T.);
#3757=EDGE_CURVE('',#4779,#4777,#166,.T.);
#3758=EDGE_CURVE('',#4780,#4779,#5668,.T.);
#3759=EDGE_CURVE('',#4780,#4778,#167,.T.);
#3760=EDGE_CURVE('',#4781,#4779,#5669,.T.);
#3761=EDGE_CURVE('',#4782,#4781,#5670,.T.);
#3762=EDGE_CURVE('',#4782,#4780,#5671,.T.);
#3763=EDGE_CURVE('',#4783,#4781,#168,.T.);
#3764=EDGE_CURVE('',#4784,#4783,#5672,.T.);
#3765=EDGE_CURVE('',#4784,#4782,#169,.T.);
#3766=EDGE_CURVE('',#4785,#4783,#5673,.T.);
#3767=EDGE_CURVE('',#4786,#4785,#5674,.T.);
#3768=EDGE_CURVE('',#4786,#4784,#5675,.T.);
#3769=EDGE_CURVE('',#4787,#4785,#170,.F.);
#3770=EDGE_CURVE('',#4788,#4787,#5676,.T.);
#3771=EDGE_CURVE('',#4788,#4786,#171,.F.);
#3772=EDGE_CURVE('',#4789,#4787,#5677,.T.);
#3773=EDGE_CURVE('',#4790,#4789,#5678,.T.);
#3774=EDGE_CURVE('',#4790,#4788,#5679,.T.);
#3775=EDGE_CURVE('',#4791,#4789,#172,.F.);
#3776=EDGE_CURVE('',#4792,#4791,#5680,.T.);
#3777=EDGE_CURVE('',#4792,#4790,#173,.F.);
#3778=EDGE_CURVE('',#4793,#4791,#5681,.T.);
#3779=EDGE_CURVE('',#4794,#4793,#5682,.T.);
#3780=EDGE_CURVE('',#4794,#4792,#5683,.T.);
#3781=EDGE_CURVE('',#4795,#4793,#174,.T.);
#3782=EDGE_CURVE('',#4796,#4795,#5684,.T.);
#3783=EDGE_CURVE('',#4796,#4794,#175,.T.);
#3784=EDGE_CURVE('',#4797,#4795,#5685,.T.);
#3785=EDGE_CURVE('',#4798,#4797,#5686,.T.);
#3786=EDGE_CURVE('',#4798,#4796,#5687,.T.);
#3787=EDGE_CURVE('',#4799,#4797,#176,.T.);
#3788=EDGE_CURVE('',#4800,#4799,#5688,.T.);
#3789=EDGE_CURVE('',#4800,#4798,#177,.T.);
#3790=EDGE_CURVE('',#4801,#4799,#5689,.T.);
#3791=EDGE_CURVE('',#4802,#4801,#5690,.T.);
#3792=EDGE_CURVE('',#4802,#4800,#5691,.T.);
#3793=EDGE_CURVE('',#4803,#4801,#178,.F.);
#3794=EDGE_CURVE('',#4804,#4803,#5692,.T.);
#3795=EDGE_CURVE('',#4804,#4802,#179,.F.);
#3796=EDGE_CURVE('',#4805,#4803,#5693,.T.);
#3797=EDGE_CURVE('',#4806,#4805,#5694,.T.);
#3798=EDGE_CURVE('',#4806,#4804,#5695,.T.);
#3799=EDGE_CURVE('',#4807,#4805,#5696,.T.);
#3800=EDGE_CURVE('',#4808,#4807,#5697,.T.);
#3801=EDGE_CURVE('',#4808,#4806,#5698,.T.);
#3802=EDGE_CURVE('',#4809,#4807,#180,.F.);
#3803=EDGE_CURVE('',#4810,#4809,#5699,.T.);
#3804=EDGE_CURVE('',#4810,#4808,#181,.F.);
#3805=EDGE_CURVE('',#4811,#4809,#5700,.T.);
#3806=EDGE_CURVE('',#4812,#4811,#5701,.T.);
#3807=EDGE_CURVE('',#4812,#4810,#5702,.T.);
#3808=EDGE_CURVE('',#4813,#4811,#182,.F.);
#3809=EDGE_CURVE('',#4814,#4813,#5703,.T.);
#3810=EDGE_CURVE('',#4814,#4812,#183,.F.);
#3811=EDGE_CURVE('',#4815,#4813,#184,.F.);
#3812=EDGE_CURVE('',#4816,#4815,#5704,.T.);
#3813=EDGE_CURVE('',#4816,#4814,#185,.F.);
#3814=EDGE_CURVE('',#4817,#4815,#5705,.T.);
#3815=EDGE_CURVE('',#4818,#4817,#5706,.T.);
#3816=EDGE_CURVE('',#4818,#4816,#5707,.T.);
#3817=EDGE_CURVE('',#4819,#4817,#186,.T.);
#3818=EDGE_CURVE('',#4820,#4819,#5708,.T.);
#3819=EDGE_CURVE('',#4820,#4818,#187,.T.);
#3820=EDGE_CURVE('',#4821,#4819,#5709,.T.);
#3821=EDGE_CURVE('',#4822,#4821,#5710,.T.);
#3822=EDGE_CURVE('',#4822,#4820,#5711,.T.);
#3823=EDGE_CURVE('',#4823,#4821,#188,.T.);
#3824=EDGE_CURVE('',#4824,#4823,#5712,.T.);
#3825=EDGE_CURVE('',#4824,#4822,#189,.T.);
#3826=EDGE_CURVE('',#4825,#4823,#5713,.T.);
#3827=EDGE_CURVE('',#4826,#4825,#5714,.T.);
#3828=EDGE_CURVE('',#4826,#4824,#5715,.T.);
#3829=EDGE_CURVE('',#4827,#4825,#190,.F.);
#3830=EDGE_CURVE('',#4828,#4827,#5716,.T.);
#3831=EDGE_CURVE('',#4828,#4826,#191,.F.);
#3832=EDGE_CURVE('',#4829,#4827,#5717,.T.);
#3833=EDGE_CURVE('',#4830,#4829,#5718,.T.);
#3834=EDGE_CURVE('',#4830,#4828,#5719,.T.);
#3835=EDGE_CURVE('',#4831,#4829,#192,.F.);
#3836=EDGE_CURVE('',#4832,#4831,#5720,.T.);
#3837=EDGE_CURVE('',#4832,#4830,#193,.F.);
#3838=EDGE_CURVE('',#4833,#4831,#5721,.T.);
#3839=EDGE_CURVE('',#4834,#4833,#5722,.T.);
#3840=EDGE_CURVE('',#4834,#4832,#5723,.T.);
#3841=EDGE_CURVE('',#4835,#4833,#194,.T.);
#3842=EDGE_CURVE('',#4836,#4835,#5724,.T.);
#3843=EDGE_CURVE('',#4836,#4834,#195,.T.);
#3844=EDGE_CURVE('',#4837,#4835,#5725,.T.);
#3845=EDGE_CURVE('',#4838,#4837,#5726,.T.);
#3846=EDGE_CURVE('',#4838,#4836,#5727,.T.);
#3847=EDGE_CURVE('',#4839,#4837,#196,.T.);
#3848=EDGE_CURVE('',#4840,#4839,#5728,.T.);
#3849=EDGE_CURVE('',#4840,#4838,#197,.T.);
#3850=EDGE_CURVE('',#4841,#4839,#5729,.T.);
#3851=EDGE_CURVE('',#4842,#4841,#5730,.T.);
#3852=EDGE_CURVE('',#4842,#4840,#5731,.T.);
#3853=EDGE_CURVE('',#4843,#4841,#198,.T.);
#3854=EDGE_CURVE('',#4844,#4843,#5732,.T.);
#3855=EDGE_CURVE('',#4844,#4842,#199,.T.);
#3856=EDGE_CURVE('',#4845,#4843,#5733,.T.);
#3857=EDGE_CURVE('',#4846,#4845,#5734,.T.);
#3858=EDGE_CURVE('',#4846,#4844,#5735,.T.);
#3859=EDGE_CURVE('',#4847,#4845,#200,.T.);
#3860=EDGE_CURVE('',#4848,#4847,#5736,.T.);
#3861=EDGE_CURVE('',#4848,#4846,#201,.T.);
#3862=EDGE_CURVE('',#4849,#4847,#5737,.T.);
#3863=EDGE_CURVE('',#4850,#4849,#5738,.T.);
#3864=EDGE_CURVE('',#4850,#4848,#5739,.T.);
#3865=EDGE_CURVE('',#4851,#4849,#202,.T.);
#3866=EDGE_CURVE('',#4852,#4851,#5740,.T.);
#3867=EDGE_CURVE('',#4852,#4850,#203,.T.);
#3868=EDGE_CURVE('',#4853,#4851,#5741,.T.);
#3869=EDGE_CURVE('',#4854,#4853,#5742,.T.);
#3870=EDGE_CURVE('',#4854,#4852,#5743,.T.);
#3871=EDGE_CURVE('',#4855,#4853,#204,.T.);
#3872=EDGE_CURVE('',#4856,#4855,#5744,.T.);
#3873=EDGE_CURVE('',#4856,#4854,#205,.T.);
#3874=EDGE_CURVE('',#4857,#4855,#5745,.T.);
#3875=EDGE_CURVE('',#4858,#4857,#5746,.T.);
#3876=EDGE_CURVE('',#4858,#4856,#5747,.T.);
#3877=EDGE_CURVE('',#4859,#4857,#206,.F.);
#3878=EDGE_CURVE('',#4860,#4859,#5748,.T.);
#3879=EDGE_CURVE('',#4860,#4858,#207,.F.);
#3880=EDGE_CURVE('',#4861,#4859,#208,.F.);
#3881=EDGE_CURVE('',#4862,#4861,#5749,.T.);
#3882=EDGE_CURVE('',#4862,#4860,#209,.F.);
#3883=EDGE_CURVE('',#4863,#4861,#210,.T.);
#3884=EDGE_CURVE('',#4864,#4863,#5750,.T.);
#3885=EDGE_CURVE('',#4864,#4862,#211,.T.);
#3886=EDGE_CURVE('',#4865,#4863,#5751,.T.);
#3887=EDGE_CURVE('',#4866,#4865,#5752,.T.);
#3888=EDGE_CURVE('',#4866,#4864,#5753,.T.);
#3889=EDGE_CURVE('',#4867,#4865,#212,.T.);
#3890=EDGE_CURVE('',#4868,#4867,#5754,.T.);
#3891=EDGE_CURVE('',#4868,#4866,#213,.T.);
#3892=EDGE_CURVE('',#4869,#4867,#5755,.T.);
#3893=EDGE_CURVE('',#4870,#4869,#5756,.T.);
#3894=EDGE_CURVE('',#4870,#4868,#5757,.T.);
#3895=EDGE_CURVE('',#4871,#4869,#214,.F.);
#3896=EDGE_CURVE('',#4872,#4871,#5758,.T.);
#3897=EDGE_CURVE('',#4872,#4870,#215,.F.);
#3898=EDGE_CURVE('',#4873,#4871,#216,.T.);
#3899=EDGE_CURVE('',#4874,#4873,#5759,.T.);
#3900=EDGE_CURVE('',#4874,#4872,#217,.T.);
#3901=EDGE_CURVE('',#4875,#4873,#5760,.T.);
#3902=EDGE_CURVE('',#4876,#4875,#5761,.T.);
#3903=EDGE_CURVE('',#4876,#4874,#5762,.T.);
#3904=EDGE_CURVE('',#4877,#4875,#218,.T.);
#3905=EDGE_CURVE('',#4878,#4877,#5763,.T.);
#3906=EDGE_CURVE('',#4878,#4876,#219,.T.);
#3907=EDGE_CURVE('',#4879,#4877,#5764,.T.);
#3908=EDGE_CURVE('',#4880,#4879,#5765,.T.);
#3909=EDGE_CURVE('',#4880,#4878,#5766,.T.);
#3910=EDGE_CURVE('',#4881,#4879,#220,.T.);
#3911=EDGE_CURVE('',#4882,#4881,#5767,.T.);
#3912=EDGE_CURVE('',#4882,#4880,#221,.T.);
#3913=EDGE_CURVE('',#4883,#4881,#5768,.T.);
#3914=EDGE_CURVE('',#4884,#4883,#5769,.T.);
#3915=EDGE_CURVE('',#4884,#4882,#5770,.T.);
#3916=EDGE_CURVE('',#4885,#4883,#222,.T.);
#3917=EDGE_CURVE('',#4886,#4885,#5771,.T.);
#3918=EDGE_CURVE('',#4886,#4884,#223,.T.);
#3919=EDGE_CURVE('',#4887,#4885,#224,.F.);
#3920=EDGE_CURVE('',#4888,#4887,#5772,.T.);
#3921=EDGE_CURVE('',#4888,#4886,#225,.F.);
#3922=EDGE_CURVE('',#4889,#4887,#5773,.T.);
#3923=EDGE_CURVE('',#4890,#4889,#5774,.T.);
#3924=EDGE_CURVE('',#4890,#4888,#5775,.T.);
#3925=EDGE_CURVE('',#4891,#4889,#5776,.T.);
#3926=EDGE_CURVE('',#4892,#4891,#5777,.T.);
#3927=EDGE_CURVE('',#4892,#4890,#5778,.T.);
#3928=EDGE_CURVE('',#4893,#4891,#226,.F.);
#3929=EDGE_CURVE('',#4894,#4893,#5779,.T.);
#3930=EDGE_CURVE('',#4894,#4892,#227,.F.);
#3931=EDGE_CURVE('',#4895,#4893,#5780,.T.);
#3932=EDGE_CURVE('',#4896,#4895,#5781,.T.);
#3933=EDGE_CURVE('',#4896,#4894,#5782,.T.);
#3934=EDGE_CURVE('',#4897,#4895,#228,.T.);
#3935=EDGE_CURVE('',#4898,#4897,#5783,.T.);
#3936=EDGE_CURVE('',#4898,#4896,#229,.T.);
#3937=EDGE_CURVE('',#4899,#4897,#5784,.T.);
#3938=EDGE_CURVE('',#4900,#4899,#5785,.T.);
#3939=EDGE_CURVE('',#4900,#4898,#5786,.T.);
#3940=EDGE_CURVE('',#4901,#4899,#5787,.T.);
#3941=EDGE_CURVE('',#4902,#4901,#5788,.T.);
#3942=EDGE_CURVE('',#4902,#4900,#5789,.T.);
#3943=EDGE_CURVE('',#4903,#4901,#230,.T.);
#3944=EDGE_CURVE('',#4904,#4903,#5790,.T.);
#3945=EDGE_CURVE('',#4904,#4902,#231,.T.);
#3946=EDGE_CURVE('',#4905,#4903,#5791,.T.);
#3947=EDGE_CURVE('',#4906,#4905,#5792,.T.);
#3948=EDGE_CURVE('',#4906,#4904,#5793,.T.);
#3949=EDGE_CURVE('',#4907,#4905,#232,.F.);
#3950=EDGE_CURVE('',#4908,#4907,#5794,.T.);
#3951=EDGE_CURVE('',#4908,#4906,#233,.F.);
#3952=EDGE_CURVE('',#4907,#4909,#5795,.T.);
#3953=EDGE_CURVE('',#4910,#4909,#5796,.T.);
#3954=EDGE_CURVE('',#4908,#4910,#5797,.T.);
#3955=EDGE_CURVE('',#4099,#4094,#5798,.T.);
#3956=EDGE_CURVE('',#4100,#4096,#5799,.T.);
#3957=EDGE_CURVE('',#4102,#4111,#234,.F.);
#3958=EDGE_CURVE('',#4104,#4112,#235,.F.);
#3959=EDGE_CURVE('',#4114,#4123,#236,.F.);
#3960=EDGE_CURVE('',#4116,#4124,#237,.F.);
#3961=EDGE_CURVE('',#4126,#4135,#238,.F.);
#3962=EDGE_CURVE('',#4128,#4136,#239,.F.);
#3963=EDGE_CURVE('',#4138,#4147,#240,.F.);
#3964=EDGE_CURVE('',#4140,#4148,#241,.F.);
#3965=EDGE_CURVE('',#4150,#4159,#242,.F.);
#3966=EDGE_CURVE('',#4152,#4160,#243,.F.);
#3967=EDGE_CURVE('',#4162,#4171,#244,.F.);
#3968=EDGE_CURVE('',#4164,#4172,#245,.F.);
#3969=EDGE_CURVE('',#4174,#4183,#246,.F.);
#3970=EDGE_CURVE('',#4176,#4184,#247,.F.);
#3971=EDGE_CURVE('',#4186,#4195,#248,.F.);
#3972=EDGE_CURVE('',#4188,#4196,#249,.F.);
#3973=EDGE_CURVE('',#4198,#4203,#5800,.T.);
#3974=EDGE_CURVE('',#4200,#4204,#5801,.T.);
#3975=EDGE_CURVE('',#4206,#4211,#5802,.T.);
#3976=EDGE_CURVE('',#4208,#4212,#5803,.T.);
#3977=EDGE_CURVE('',#4214,#4219,#5804,.T.);
#3978=EDGE_CURVE('',#4216,#4220,#5805,.T.);
#3979=EDGE_CURVE('',#4222,#4227,#5806,.T.);
#3980=EDGE_CURVE('',#4224,#4228,#5807,.T.);
#3981=EDGE_CURVE('',#4230,#4235,#5808,.T.);
#3982=EDGE_CURVE('',#4232,#4236,#5809,.T.);
#3983=EDGE_CURVE('',#4238,#4243,#5810,.T.);
#3984=EDGE_CURVE('',#4240,#4244,#5811,.T.);
#3985=EDGE_CURVE('',#4246,#4251,#5812,.T.);
#3986=EDGE_CURVE('',#4248,#4252,#5813,.T.);
#3987=EDGE_CURVE('',#4254,#4259,#5814,.T.);
#3988=EDGE_CURVE('',#4256,#4260,#5815,.T.);
#3989=EDGE_CURVE('',#4262,#4267,#5816,.T.);
#3990=EDGE_CURVE('',#4264,#4268,#5817,.T.);
#3991=EDGE_CURVE('',#4270,#4275,#5818,.T.);
#3992=EDGE_CURVE('',#4272,#4276,#5819,.T.);
#3993=EDGE_CURVE('',#4278,#4283,#5820,.T.);
#3994=EDGE_CURVE('',#4280,#4284,#5821,.T.);
#3995=EDGE_CURVE('',#4286,#4291,#5822,.T.);
#3996=EDGE_CURVE('',#4288,#4292,#5823,.T.);
#3997=EDGE_CURVE('',#4294,#4299,#5824,.T.);
#3998=EDGE_CURVE('',#4296,#4300,#5825,.T.);
#3999=EDGE_CURVE('',#4302,#4307,#5826,.T.);
#4000=EDGE_CURVE('',#4304,#4308,#5827,.T.);
#4001=EDGE_CURVE('',#4310,#4315,#5828,.T.);
#4002=EDGE_CURVE('',#4312,#4316,#5829,.T.);
#4003=EDGE_CURVE('',#4318,#4323,#5830,.T.);
#4004=EDGE_CURVE('',#4320,#4324,#5831,.T.);
#4005=EDGE_CURVE('',#4326,#4331,#5832,.T.);
#4006=EDGE_CURVE('',#4328,#4332,#5833,.T.);
#4007=EDGE_CURVE('',#4334,#4339,#5834,.T.);
#4008=EDGE_CURVE('',#4336,#4340,#5835,.T.);
#4009=EDGE_CURVE('',#4342,#4347,#5836,.T.);
#4010=EDGE_CURVE('',#4344,#4348,#5837,.T.);
#4011=EDGE_CURVE('',#4350,#4355,#5838,.T.);
#4012=EDGE_CURVE('',#4352,#4356,#5839,.T.);
#4013=EDGE_CURVE('',#4358,#4363,#5840,.T.);
#4014=EDGE_CURVE('',#4360,#4364,#5841,.T.);
#4015=EDGE_CURVE('',#4366,#4371,#5842,.T.);
#4016=EDGE_CURVE('',#4368,#4372,#5843,.T.);
#4017=EDGE_CURVE('',#4374,#4379,#5844,.T.);
#4018=EDGE_CURVE('',#4376,#4380,#5845,.T.);
#4019=EDGE_CURVE('',#4382,#4387,#5846,.T.);
#4020=EDGE_CURVE('',#4384,#4388,#5847,.T.);
#4021=EDGE_CURVE('',#4390,#4395,#5848,.T.);
#4022=EDGE_CURVE('',#4392,#4396,#5849,.T.);
#4023=EDGE_CURVE('',#4398,#4403,#5850,.T.);
#4024=EDGE_CURVE('',#4400,#4404,#5851,.T.);
#4025=EDGE_CURVE('',#4406,#4411,#5852,.T.);
#4026=EDGE_CURVE('',#4408,#4412,#5853,.T.);
#4027=EDGE_CURVE('',#4414,#4419,#5854,.T.);
#4028=EDGE_CURVE('',#4416,#4420,#5855,.T.);
#4029=EDGE_CURVE('',#4422,#4427,#5856,.T.);
#4030=EDGE_CURVE('',#4424,#4428,#5857,.T.);
#4031=EDGE_CURVE('',#4430,#4435,#5858,.T.);
#4032=EDGE_CURVE('',#4432,#4436,#5859,.T.);
#4033=EDGE_CURVE('',#4438,#4443,#5860,.T.);
#4034=EDGE_CURVE('',#4440,#4444,#5861,.T.);
#4035=EDGE_CURVE('',#4446,#4451,#5862,.T.);
#4036=EDGE_CURVE('',#4448,#4452,#5863,.T.);
#4037=EDGE_CURVE('',#4454,#4459,#5864,.T.);
#4038=EDGE_CURVE('',#4456,#4460,#5865,.T.);
#4039=EDGE_CURVE('',#4462,#4467,#5866,.T.);
#4040=EDGE_CURVE('',#4464,#4468,#5867,.T.);
#4041=EDGE_CURVE('',#4470,#4475,#5868,.T.);
#4042=EDGE_CURVE('',#4472,#4476,#5869,.T.);
#4043=EDGE_CURVE('',#4478,#4483,#5870,.T.);
#4044=EDGE_CURVE('',#4480,#4484,#5871,.T.);
#4045=EDGE_CURVE('',#4486,#4491,#5872,.T.);
#4046=EDGE_CURVE('',#4488,#4492,#5873,.T.);
#4047=EDGE_CURVE('',#4494,#4499,#5874,.T.);
#4048=EDGE_CURVE('',#4496,#4500,#5875,.T.);
#4049=EDGE_CURVE('',#4502,#4507,#5876,.T.);
#4050=EDGE_CURVE('',#4504,#4508,#5877,.T.);
#4051=EDGE_CURVE('',#4510,#4515,#5878,.T.);
#4052=EDGE_CURVE('',#4512,#4516,#5879,.T.);
#4053=EDGE_CURVE('',#4518,#4523,#5880,.T.);
#4054=EDGE_CURVE('',#4520,#4524,#5881,.T.);
#4055=EDGE_CURVE('',#4526,#4531,#5882,.T.);
#4056=EDGE_CURVE('',#4528,#4532,#5883,.T.);
#4057=EDGE_CURVE('',#4534,#4539,#5884,.T.);
#4058=EDGE_CURVE('',#4536,#4540,#5885,.T.);
#4059=EDGE_CURVE('',#4542,#4547,#5886,.T.);
#4060=EDGE_CURVE('',#4544,#4548,#5887,.T.);
#4061=EDGE_CURVE('',#4550,#4555,#5888,.T.);
#4062=EDGE_CURVE('',#4552,#4556,#5889,.T.);
#4063=EDGE_CURVE('',#4558,#4563,#5890,.T.);
#4064=EDGE_CURVE('',#4560,#4564,#5891,.T.);
#4065=EDGE_CURVE('',#4566,#4571,#5892,.T.);
#4066=EDGE_CURVE('',#4568,#4572,#5893,.T.);
#4067=EDGE_CURVE('',#4574,#4579,#5894,.T.);
#4068=EDGE_CURVE('',#4576,#4580,#5895,.T.);
#4069=EDGE_CURVE('',#4582,#4587,#5896,.T.);
#4070=EDGE_CURVE('',#4584,#4588,#5897,.T.);
#4071=EDGE_CURVE('',#4590,#4595,#5898,.T.);
#4072=EDGE_CURVE('',#4592,#4596,#5899,.T.);
#4073=EDGE_CURVE('',#4598,#4603,#5900,.T.);
#4074=EDGE_CURVE('',#4600,#4604,#5901,.T.);
#4075=EDGE_CURVE('',#4606,#4611,#5902,.T.);
#4076=EDGE_CURVE('',#4608,#4612,#5903,.T.);
#4077=EDGE_CURVE('',#4614,#4619,#5904,.T.);
#4078=EDGE_CURVE('',#4616,#4620,#5905,.T.);
#4079=EDGE_CURVE('',#4622,#4627,#5906,.T.);
#4080=EDGE_CURVE('',#4624,#4628,#5907,.T.);
#4081=EDGE_CURVE('',#4630,#4909,#5908,.T.);
#4082=EDGE_CURVE('',#4632,#4910,#5909,.T.);
#4083=EDGE_CURVE('',#4091,#4085,#5910,.T.);
#4084=EDGE_CURVE('',#4092,#4088,#5911,.T.);
#4085=VERTEX_POINT('',#11683);
#4086=VERTEX_POINT('',#11684);
#4087=VERTEX_POINT('',#11686);
#4088=VERTEX_POINT('',#11688);
#4089=VERTEX_POINT('',#11692);
#4090=VERTEX_POINT('',#11694);
#4091=VERTEX_POINT('',#11698);
#4092=VERTEX_POINT('',#11700);
#4093=VERTEX_POINT('',#11704);
#4094=VERTEX_POINT('',#11705);
#4095=VERTEX_POINT('',#11707);
#4096=VERTEX_POINT('',#11709);
#4097=VERTEX_POINT('',#11713);
#4098=VERTEX_POINT('',#11715);
#4099=VERTEX_POINT('',#11719);
#4100=VERTEX_POINT('',#11721);
#4101=VERTEX_POINT('',#11725);
#4102=VERTEX_POINT('',#11726);
#4103=VERTEX_POINT('',#11728);
#4104=VERTEX_POINT('',#11730);
#4105=VERTEX_POINT('',#11734);
#4106=VERTEX_POINT('',#11736);
#4107=VERTEX_POINT('',#11740);
#4108=VERTEX_POINT('',#11742);
#4109=VERTEX_POINT('',#11746);
#4110=VERTEX_POINT('',#11748);
#4111=VERTEX_POINT('',#11752);
#4112=VERTEX_POINT('',#11754);
#4113=VERTEX_POINT('',#11758);
#4114=VERTEX_POINT('',#11759);
#4115=VERTEX_POINT('',#11761);
#4116=VERTEX_POINT('',#11763);
#4117=VERTEX_POINT('',#11767);
#4118=VERTEX_POINT('',#11769);
#4119=VERTEX_POINT('',#11773);
#4120=VERTEX_POINT('',#11775);
#4121=VERTEX_POINT('',#11779);
#4122=VERTEX_POINT('',#11781);
#4123=VERTEX_POINT('',#11785);
#4124=VERTEX_POINT('',#11787);
#4125=VERTEX_POINT('',#11791);
#4126=VERTEX_POINT('',#11792);
#4127=VERTEX_POINT('',#11794);
#4128=VERTEX_POINT('',#11796);
#4129=VERTEX_POINT('',#11800);
#4130=VERTEX_POINT('',#11802);
#4131=VERTEX_POINT('',#11806);
#4132=VERTEX_POINT('',#11808);
#4133=VERTEX_POINT('',#11812);
#4134=VERTEX_POINT('',#11814);
#4135=VERTEX_POINT('',#11818);
#4136=VERTEX_POINT('',#11820);
#4137=VERTEX_POINT('',#11824);
#4138=VERTEX_POINT('',#11825);
#4139=VERTEX_POINT('',#11827);
#4140=VERTEX_POINT('',#11829);
#4141=VERTEX_POINT('',#11833);
#4142=VERTEX_POINT('',#11835);
#4143=VERTEX_POINT('',#11839);
#4144=VERTEX_POINT('',#11841);
#4145=VERTEX_POINT('',#11845);
#4146=VERTEX_POINT('',#11847);
#4147=VERTEX_POINT('',#11851);
#4148=VERTEX_POINT('',#11853);
#4149=VERTEX_POINT('',#11857);
#4150=VERTEX_POINT('',#11858);
#4151=VERTEX_POINT('',#11860);
#4152=VERTEX_POINT('',#11862);
#4153=VERTEX_POINT('',#11866);
#4154=VERTEX_POINT('',#11868);
#4155=VERTEX_POINT('',#11872);
#4156=VERTEX_POINT('',#11874);
#4157=VERTEX_POINT('',#11878);
#4158=VERTEX_POINT('',#11880);
#4159=VERTEX_POINT('',#11884);
#4160=VERTEX_POINT('',#11886);
#4161=VERTEX_POINT('',#11890);
#4162=VERTEX_POINT('',#11891);
#4163=VERTEX_POINT('',#11893);
#4164=VERTEX_POINT('',#11895);
#4165=VERTEX_POINT('',#11899);
#4166=VERTEX_POINT('',#11901);
#4167=VERTEX_POINT('',#11905);
#4168=VERTEX_POINT('',#11907);
#4169=VERTEX_POINT('',#11911);
#4170=VERTEX_POINT('',#11913);
#4171=VERTEX_POINT('',#11917);
#4172=VERTEX_POINT('',#11919);
#4173=VERTEX_POINT('',#11923);
#4174=VERTEX_POINT('',#11924);
#4175=VERTEX_POINT('',#11926);
#4176=VERTEX_POINT('',#11928);
#4177=VERTEX_POINT('',#11932);
#4178=VERTEX_POINT('',#11934);
#4179=VERTEX_POINT('',#11938);
#4180=VERTEX_POINT('',#11940);
#4181=VERTEX_POINT('',#11944);
#4182=VERTEX_POINT('',#11946);
#4183=VERTEX_POINT('',#11950);
#4184=VERTEX_POINT('',#11952);
#4185=VERTEX_POINT('',#11956);
#4186=VERTEX_POINT('',#11957);
#4187=VERTEX_POINT('',#11959);
#4188=VERTEX_POINT('',#11961);
#4189=VERTEX_POINT('',#11965);
#4190=VERTEX_POINT('',#11967);
#4191=VERTEX_POINT('',#11971);
#4192=VERTEX_POINT('',#11973);
#4193=VERTEX_POINT('',#11977);
#4194=VERTEX_POINT('',#11979);
#4195=VERTEX_POINT('',#11983);
#4196=VERTEX_POINT('',#11985);
#4197=VERTEX_POINT('',#11989);
#4198=VERTEX_POINT('',#11990);
#4199=VERTEX_POINT('',#11992);
#4200=VERTEX_POINT('',#11994);
#4201=VERTEX_POINT('',#11998);
#4202=VERTEX_POINT('',#12000);
#4203=VERTEX_POINT('',#12004);
#4204=VERTEX_POINT('',#12006);
#4205=VERTEX_POINT('',#12010);
#4206=VERTEX_POINT('',#12011);
#4207=VERTEX_POINT('',#12013);
#4208=VERTEX_POINT('',#12015);
#4209=VERTEX_POINT('',#12019);
#4210=VERTEX_POINT('',#12021);
#4211=VERTEX_POINT('',#12025);
#4212=VERTEX_POINT('',#12027);
#4213=VERTEX_POINT('',#12031);
#4214=VERTEX_POINT('',#12032);
#4215=VERTEX_POINT('',#12034);
#4216=VERTEX_POINT('',#12036);
#4217=VERTEX_POINT('',#12040);
#4218=VERTEX_POINT('',#12042);
#4219=VERTEX_POINT('',#12046);
#4220=VERTEX_POINT('',#12048);
#4221=VERTEX_POINT('',#12052);
#4222=VERTEX_POINT('',#12053);
#4223=VERTEX_POINT('',#12055);
#4224=VERTEX_POINT('',#12057);
#4225=VERTEX_POINT('',#12061);
#4226=VERTEX_POINT('',#12063);
#4227=VERTEX_POINT('',#12067);
#4228=VERTEX_POINT('',#12069);
#4229=VERTEX_POINT('',#12073);
#4230=VERTEX_POINT('',#12074);
#4231=VERTEX_POINT('',#12076);
#4232=VERTEX_POINT('',#12078);
#4233=VERTEX_POINT('',#12082);
#4234=VERTEX_POINT('',#12084);
#4235=VERTEX_POINT('',#12088);
#4236=VERTEX_POINT('',#12090);
#4237=VERTEX_POINT('',#12094);
#4238=VERTEX_POINT('',#12095);
#4239=VERTEX_POINT('',#12097);
#4240=VERTEX_POINT('',#12099);
#4241=VERTEX_POINT('',#12103);
#4242=VERTEX_POINT('',#12105);
#4243=VERTEX_POINT('',#12109);
#4244=VERTEX_POINT('',#12111);
#4245=VERTEX_POINT('',#12115);
#4246=VERTEX_POINT('',#12116);
#4247=VERTEX_POINT('',#12118);
#4248=VERTEX_POINT('',#12120);
#4249=VERTEX_POINT('',#12124);
#4250=VERTEX_POINT('',#12126);
#4251=VERTEX_POINT('',#12130);
#4252=VERTEX_POINT('',#12132);
#4253=VERTEX_POINT('',#12136);
#4254=VERTEX_POINT('',#12137);
#4255=VERTEX_POINT('',#12139);
#4256=VERTEX_POINT('',#12141);
#4257=VERTEX_POINT('',#12145);
#4258=VERTEX_POINT('',#12147);
#4259=VERTEX_POINT('',#12151);
#4260=VERTEX_POINT('',#12153);
#4261=VERTEX_POINT('',#12157);
#4262=VERTEX_POINT('',#12158);
#4263=VERTEX_POINT('',#12160);
#4264=VERTEX_POINT('',#12162);
#4265=VERTEX_POINT('',#12166);
#4266=VERTEX_POINT('',#12168);
#4267=VERTEX_POINT('',#12172);
#4268=VERTEX_POINT('',#12174);
#4269=VERTEX_POINT('',#12178);
#4270=VERTEX_POINT('',#12179);
#4271=VERTEX_POINT('',#12181);
#4272=VERTEX_POINT('',#12183);
#4273=VERTEX_POINT('',#12187);
#4274=VERTEX_POINT('',#12189);
#4275=VERTEX_POINT('',#12193);
#4276=VERTEX_POINT('',#12195);
#4277=VERTEX_POINT('',#12199);
#4278=VERTEX_POINT('',#12200);
#4279=VERTEX_POINT('',#12202);
#4280=VERTEX_POINT('',#12204);
#4281=VERTEX_POINT('',#12208);
#4282=VERTEX_POINT('',#12210);
#4283=VERTEX_POINT('',#12214);
#4284=VERTEX_POINT('',#12216);
#4285=VERTEX_POINT('',#12220);
#4286=VERTEX_POINT('',#12221);
#4287=VERTEX_POINT('',#12223);
#4288=VERTEX_POINT('',#12225);
#4289=VERTEX_POINT('',#12229);
#4290=VERTEX_POINT('',#12231);
#4291=VERTEX_POINT('',#12235);
#4292=VERTEX_POINT('',#12237);
#4293=VERTEX_POINT('',#12241);
#4294=VERTEX_POINT('',#12242);
#4295=VERTEX_POINT('',#12244);
#4296=VERTEX_POINT('',#12246);
#4297=VERTEX_POINT('',#12250);
#4298=VERTEX_POINT('',#12252);
#4299=VERTEX_POINT('',#12256);
#4300=VERTEX_POINT('',#12258);
#4301=VERTEX_POINT('',#12262);
#4302=VERTEX_POINT('',#12263);
#4303=VERTEX_POINT('',#12265);
#4304=VERTEX_POINT('',#12267);
#4305=VERTEX_POINT('',#12271);
#4306=VERTEX_POINT('',#12273);
#4307=VERTEX_POINT('',#12277);
#4308=VERTEX_POINT('',#12279);
#4309=VERTEX_POINT('',#12283);
#4310=VERTEX_POINT('',#12284);
#4311=VERTEX_POINT('',#12286);
#4312=VERTEX_POINT('',#12288);
#4313=VERTEX_POINT('',#12292);
#4314=VERTEX_POINT('',#12294);
#4315=VERTEX_POINT('',#12298);
#4316=VERTEX_POINT('',#12300);
#4317=VERTEX_POINT('',#12304);
#4318=VERTEX_POINT('',#12305);
#4319=VERTEX_POINT('',#12307);
#4320=VERTEX_POINT('',#12309);
#4321=VERTEX_POINT('',#12313);
#4322=VERTEX_POINT('',#12315);
#4323=VERTEX_POINT('',#12319);
#4324=VERTEX_POINT('',#12321);
#4325=VERTEX_POINT('',#12325);
#4326=VERTEX_POINT('',#12326);
#4327=VERTEX_POINT('',#12328);
#4328=VERTEX_POINT('',#12330);
#4329=VERTEX_POINT('',#12334);
#4330=VERTEX_POINT('',#12336);
#4331=VERTEX_POINT('',#12340);
#4332=VERTEX_POINT('',#12342);
#4333=VERTEX_POINT('',#12346);
#4334=VERTEX_POINT('',#12347);
#4335=VERTEX_POINT('',#12349);
#4336=VERTEX_POINT('',#12351);
#4337=VERTEX_POINT('',#12355);
#4338=VERTEX_POINT('',#12357);
#4339=VERTEX_POINT('',#12361);
#4340=VERTEX_POINT('',#12363);
#4341=VERTEX_POINT('',#12367);
#4342=VERTEX_POINT('',#12368);
#4343=VERTEX_POINT('',#12370);
#4344=VERTEX_POINT('',#12372);
#4345=VERTEX_POINT('',#12376);
#4346=VERTEX_POINT('',#12378);
#4347=VERTEX_POINT('',#12382);
#4348=VERTEX_POINT('',#12384);
#4349=VERTEX_POINT('',#12388);
#4350=VERTEX_POINT('',#12389);
#4351=VERTEX_POINT('',#12391);
#4352=VERTEX_POINT('',#12393);
#4353=VERTEX_POINT('',#12397);
#4354=VERTEX_POINT('',#12399);
#4355=VERTEX_POINT('',#12403);
#4356=VERTEX_POINT('',#12405);
#4357=VERTEX_POINT('',#12409);
#4358=VERTEX_POINT('',#12410);
#4359=VERTEX_POINT('',#12412);
#4360=VERTEX_POINT('',#12414);
#4361=VERTEX_POINT('',#12418);
#4362=VERTEX_POINT('',#12420);
#4363=VERTEX_POINT('',#12424);
#4364=VERTEX_POINT('',#12426);
#4365=VERTEX_POINT('',#12430);
#4366=VERTEX_POINT('',#12431);
#4367=VERTEX_POINT('',#12433);
#4368=VERTEX_POINT('',#12435);
#4369=VERTEX_POINT('',#12439);
#4370=VERTEX_POINT('',#12441);
#4371=VERTEX_POINT('',#12445);
#4372=VERTEX_POINT('',#12447);
#4373=VERTEX_POINT('',#12451);
#4374=VERTEX_POINT('',#12452);
#4375=VERTEX_POINT('',#12454);
#4376=VERTEX_POINT('',#12456);
#4377=VERTEX_POINT('',#12460);
#4378=VERTEX_POINT('',#12462);
#4379=VERTEX_POINT('',#12466);
#4380=VERTEX_POINT('',#12468);
#4381=VERTEX_POINT('',#12472);
#4382=VERTEX_POINT('',#12473);
#4383=VERTEX_POINT('',#12475);
#4384=VERTEX_POINT('',#12477);
#4385=VERTEX_POINT('',#12481);
#4386=VERTEX_POINT('',#12483);
#4387=VERTEX_POINT('',#12487);
#4388=VERTEX_POINT('',#12489);
#4389=VERTEX_POINT('',#12493);
#4390=VERTEX_POINT('',#12494);
#4391=VERTEX_POINT('',#12496);
#4392=VERTEX_POINT('',#12498);
#4393=VERTEX_POINT('',#12502);
#4394=VERTEX_POINT('',#12504);
#4395=VERTEX_POINT('',#12508);
#4396=VERTEX_POINT('',#12510);
#4397=VERTEX_POINT('',#12514);
#4398=VERTEX_POINT('',#12515);
#4399=VERTEX_POINT('',#12517);
#4400=VERTEX_POINT('',#12519);
#4401=VERTEX_POINT('',#12523);
#4402=VERTEX_POINT('',#12525);
#4403=VERTEX_POINT('',#12529);
#4404=VERTEX_POINT('',#12531);
#4405=VERTEX_POINT('',#12535);
#4406=VERTEX_POINT('',#12536);
#4407=VERTEX_POINT('',#12538);
#4408=VERTEX_POINT('',#12540);
#4409=VERTEX_POINT('',#12544);
#4410=VERTEX_POINT('',#12546);
#4411=VERTEX_POINT('',#12550);
#4412=VERTEX_POINT('',#12552);
#4413=VERTEX_POINT('',#12556);
#4414=VERTEX_POINT('',#12557);
#4415=VERTEX_POINT('',#12559);
#4416=VERTEX_POINT('',#12561);
#4417=VERTEX_POINT('',#12565);
#4418=VERTEX_POINT('',#12567);
#4419=VERTEX_POINT('',#12571);
#4420=VERTEX_POINT('',#12573);
#4421=VERTEX_POINT('',#12577);
#4422=VERTEX_POINT('',#12578);
#4423=VERTEX_POINT('',#12580);
#4424=VERTEX_POINT('',#12582);
#4425=VERTEX_POINT('',#12586);
#4426=VERTEX_POINT('',#12588);
#4427=VERTEX_POINT('',#12592);
#4428=VERTEX_POINT('',#12594);
#4429=VERTEX_POINT('',#12598);
#4430=VERTEX_POINT('',#12599);
#4431=VERTEX_POINT('',#12601);
#4432=VERTEX_POINT('',#12603);
#4433=VERTEX_POINT('',#12607);
#4434=VERTEX_POINT('',#12609);
#4435=VERTEX_POINT('',#12613);
#4436=VERTEX_POINT('',#12615);
#4437=VERTEX_POINT('',#12619);
#4438=VERTEX_POINT('',#12620);
#4439=VERTEX_POINT('',#12622);
#4440=VERTEX_POINT('',#12624);
#4441=VERTEX_POINT('',#12628);
#4442=VERTEX_POINT('',#12630);
#4443=VERTEX_POINT('',#12634);
#4444=VERTEX_POINT('',#12636);
#4445=VERTEX_POINT('',#12640);
#4446=VERTEX_POINT('',#12641);
#4447=VERTEX_POINT('',#12643);
#4448=VERTEX_POINT('',#12645);
#4449=VERTEX_POINT('',#12649);
#4450=VERTEX_POINT('',#12651);
#4451=VERTEX_POINT('',#12655);
#4452=VERTEX_POINT('',#12657);
#4453=VERTEX_POINT('',#12661);
#4454=VERTEX_POINT('',#12662);
#4455=VERTEX_POINT('',#12664);
#4456=VERTEX_POINT('',#12666);
#4457=VERTEX_POINT('',#12670);
#4458=VERTEX_POINT('',#12672);
#4459=VERTEX_POINT('',#12676);
#4460=VERTEX_POINT('',#12678);
#4461=VERTEX_POINT('',#12682);
#4462=VERTEX_POINT('',#12683);
#4463=VERTEX_POINT('',#12685);
#4464=VERTEX_POINT('',#12687);
#4465=VERTEX_POINT('',#12691);
#4466=VERTEX_POINT('',#12693);
#4467=VERTEX_POINT('',#12697);
#4468=VERTEX_POINT('',#12699);
#4469=VERTEX_POINT('',#12703);
#4470=VERTEX_POINT('',#12704);
#4471=VERTEX_POINT('',#12706);
#4472=VERTEX_POINT('',#12708);
#4473=VERTEX_POINT('',#12712);
#4474=VERTEX_POINT('',#12714);
#4475=VERTEX_POINT('',#12718);
#4476=VERTEX_POINT('',#12720);
#4477=VERTEX_POINT('',#12724);
#4478=VERTEX_POINT('',#12725);
#4479=VERTEX_POINT('',#12727);
#4480=VERTEX_POINT('',#12729);
#4481=VERTEX_POINT('',#12733);
#4482=VERTEX_POINT('',#12735);
#4483=VERTEX_POINT('',#12739);
#4484=VERTEX_POINT('',#12741);
#4485=VERTEX_POINT('',#12745);
#4486=VERTEX_POINT('',#12746);
#4487=VERTEX_POINT('',#12748);
#4488=VERTEX_POINT('',#12750);
#4489=VERTEX_POINT('',#12754);
#4490=VERTEX_POINT('',#12756);
#4491=VERTEX_POINT('',#12760);
#4492=VERTEX_POINT('',#12762);
#4493=VERTEX_POINT('',#12766);
#4494=VERTEX_POINT('',#12767);
#4495=VERTEX_POINT('',#12769);
#4496=VERTEX_POINT('',#12771);
#4497=VERTEX_POINT('',#12775);
#4498=VERTEX_POINT('',#12777);
#4499=VERTEX_POINT('',#12781);
#4500=VERTEX_POINT('',#12783);
#4501=VERTEX_POINT('',#12787);
#4502=VERTEX_POINT('',#12788);
#4503=VERTEX_POINT('',#12790);
#4504=VERTEX_POINT('',#12792);
#4505=VERTEX_POINT('',#12796);
#4506=VERTEX_POINT('',#12798);
#4507=VERTEX_POINT('',#12802);
#4508=VERTEX_POINT('',#12804);
#4509=VERTEX_POINT('',#12808);
#4510=VERTEX_POINT('',#12809);
#4511=VERTEX_POINT('',#12811);
#4512=VERTEX_POINT('',#12813);
#4513=VERTEX_POINT('',#12817);
#4514=VERTEX_POINT('',#12819);
#4515=VERTEX_POINT('',#12823);
#4516=VERTEX_POINT('',#12825);
#4517=VERTEX_POINT('',#12829);
#4518=VERTEX_POINT('',#12830);
#4519=VERTEX_POINT('',#12832);
#4520=VERTEX_POINT('',#12834);
#4521=VERTEX_POINT('',#12838);
#4522=VERTEX_POINT('',#12840);
#4523=VERTEX_POINT('',#12844);
#4524=VERTEX_POINT('',#12846);
#4525=VERTEX_POINT('',#12850);
#4526=VERTEX_POINT('',#12851);
#4527=VERTEX_POINT('',#12853);
#4528=VERTEX_POINT('',#12855);
#4529=VERTEX_POINT('',#12859);
#4530=VERTEX_POINT('',#12861);
#4531=VERTEX_POINT('',#12865);
#4532=VERTEX_POINT('',#12867);
#4533=VERTEX_POINT('',#12871);
#4534=VERTEX_POINT('',#12872);
#4535=VERTEX_POINT('',#12874);
#4536=VERTEX_POINT('',#12876);
#4537=VERTEX_POINT('',#12880);
#4538=VERTEX_POINT('',#12882);
#4539=VERTEX_POINT('',#12886);
#4540=VERTEX_POINT('',#12888);
#4541=VERTEX_POINT('',#12892);
#4542=VERTEX_POINT('',#12893);
#4543=VERTEX_POINT('',#12895);
#4544=VERTEX_POINT('',#12897);
#4545=VERTEX_POINT('',#12901);
#4546=VERTEX_POINT('',#12903);
#4547=VERTEX_POINT('',#12907);
#4548=VERTEX_POINT('',#12909);
#4549=VERTEX_POINT('',#12913);
#4550=VERTEX_POINT('',#12914);
#4551=VERTEX_POINT('',#12916);
#4552=VERTEX_POINT('',#12918);
#4553=VERTEX_POINT('',#12922);
#4554=VERTEX_POINT('',#12924);
#4555=VERTEX_POINT('',#12928);
#4556=VERTEX_POINT('',#12930);
#4557=VERTEX_POINT('',#12934);
#4558=VERTEX_POINT('',#12935);
#4559=VERTEX_POINT('',#12937);
#4560=VERTEX_POINT('',#12939);
#4561=VERTEX_POINT('',#12943);
#4562=VERTEX_POINT('',#12945);
#4563=VERTEX_POINT('',#12949);
#4564=VERTEX_POINT('',#12951);
#4565=VERTEX_POINT('',#12955);
#4566=VERTEX_POINT('',#12956);
#4567=VERTEX_POINT('',#12958);
#4568=VERTEX_POINT('',#12960);
#4569=VERTEX_POINT('',#12964);
#4570=VERTEX_POINT('',#12966);
#4571=VERTEX_POINT('',#12970);
#4572=VERTEX_POINT('',#12972);
#4573=VERTEX_POINT('',#12976);
#4574=VERTEX_POINT('',#12977);
#4575=VERTEX_POINT('',#12979);
#4576=VERTEX_POINT('',#12981);
#4577=VERTEX_POINT('',#12985);
#4578=VERTEX_POINT('',#12987);
#4579=VERTEX_POINT('',#12991);
#4580=VERTEX_POINT('',#12993);
#4581=VERTEX_POINT('',#12997);
#4582=VERTEX_POINT('',#12998);
#4583=VERTEX_POINT('',#13000);
#4584=VERTEX_POINT('',#13002);
#4585=VERTEX_POINT('',#13006);
#4586=VERTEX_POINT('',#13008);
#4587=VERTEX_POINT('',#13012);
#4588=VERTEX_POINT('',#13014);
#4589=VERTEX_POINT('',#13018);
#4590=VERTEX_POINT('',#13019);
#4591=VERTEX_POINT('',#13021);
#4592=VERTEX_POINT('',#13023);
#4593=VERTEX_POINT('',#13027);
#4594=VERTEX_POINT('',#13029);
#4595=VERTEX_POINT('',#13033);
#4596=VERTEX_POINT('',#13035);
#4597=VERTEX_POINT('',#13039);
#4598=VERTEX_POINT('',#13040);
#4599=VERTEX_POINT('',#13042);
#4600=VERTEX_POINT('',#13044);
#4601=VERTEX_POINT('',#13048);
#4602=VERTEX_POINT('',#13050);
#4603=VERTEX_POINT('',#13054);
#4604=VERTEX_POINT('',#13056);
#4605=VERTEX_POINT('',#13060);
#4606=VERTEX_POINT('',#13061);
#4607=VERTEX_POINT('',#13063);
#4608=VERTEX_POINT('',#13065);
#4609=VERTEX_POINT('',#13069);
#4610=VERTEX_POINT('',#13071);
#4611=VERTEX_POINT('',#13075);
#4612=VERTEX_POINT('',#13077);
#4613=VERTEX_POINT('',#13081);
#4614=VERTEX_POINT('',#13082);
#4615=VERTEX_POINT('',#13084);
#4616=VERTEX_POINT('',#13086);
#4617=VERTEX_POINT('',#13090);
#4618=VERTEX_POINT('',#13092);
#4619=VERTEX_POINT('',#13096);
#4620=VERTEX_POINT('',#13098);
#4621=VERTEX_POINT('',#13102);
#4622=VERTEX_POINT('',#13103);
#4623=VERTEX_POINT('',#13105);
#4624=VERTEX_POINT('',#13107);
#4625=VERTEX_POINT('',#13111);
#4626=VERTEX_POINT('',#13113);
#4627=VERTEX_POINT('',#13117);
#4628=VERTEX_POINT('',#13119);
#4629=VERTEX_POINT('',#13123);
#4630=VERTEX_POINT('',#13124);
#4631=VERTEX_POINT('',#13126);
#4632=VERTEX_POINT('',#13128);
#4633=VERTEX_POINT('',#13132);
#4634=VERTEX_POINT('',#13134);
#4635=VERTEX_POINT('',#13138);
#4636=VERTEX_POINT('',#13140);
#4637=VERTEX_POINT('',#13144);
#4638=VERTEX_POINT('',#13146);
#4639=VERTEX_POINT('',#13150);
#4640=VERTEX_POINT('',#13152);
#4641=VERTEX_POINT('',#13156);
#4642=VERTEX_POINT('',#13158);
#4643=VERTEX_POINT('',#13162);
#4644=VERTEX_POINT('',#13164);
#4645=VERTEX_POINT('',#13168);
#4646=VERTEX_POINT('',#13170);
#4647=VERTEX_POINT('',#13174);
#4648=VERTEX_POINT('',#13176);
#4649=VERTEX_POINT('',#13180);
#4650=VERTEX_POINT('',#13182);
#4651=VERTEX_POINT('',#13186);
#4652=VERTEX_POINT('',#13188);
#4653=VERTEX_POINT('',#13195);
#4654=VERTEX_POINT('',#13197);
#4655=VERTEX_POINT('',#13204);
#4656=VERTEX_POINT('',#13206);
#4657=VERTEX_POINT('',#13210);
#4658=VERTEX_POINT('',#13212);
#4659=VERTEX_POINT('',#13216);
#4660=VERTEX_POINT('',#13218);
#4661=VERTEX_POINT('',#13222);
#4662=VERTEX_POINT('',#13224);
#4663=VERTEX_POINT('',#13228);
#4664=VERTEX_POINT('',#13230);
#4665=VERTEX_POINT('',#13234);
#4666=VERTEX_POINT('',#13236);
#4667=VERTEX_POINT('',#13240);
#4668=VERTEX_POINT('',#13242);
#4669=VERTEX_POINT('',#13246);
#4670=VERTEX_POINT('',#13248);
#4671=VERTEX_POINT('',#13252);
#4672=VERTEX_POINT('',#13254);
#4673=VERTEX_POINT('',#13258);
#4674=VERTEX_POINT('',#13260);
#4675=VERTEX_POINT('',#13264);
#4676=VERTEX_POINT('',#13266);
#4677=VERTEX_POINT('',#13270);
#4678=VERTEX_POINT('',#13272);
#4679=VERTEX_POINT('',#13276);
#4680=VERTEX_POINT('',#13278);
#4681=VERTEX_POINT('',#13282);
#4682=VERTEX_POINT('',#13284);
#4683=VERTEX_POINT('',#13288);
#4684=VERTEX_POINT('',#13290);
#4685=VERTEX_POINT('',#13294);
#4686=VERTEX_POINT('',#13296);
#4687=VERTEX_POINT('',#13300);
#4688=VERTEX_POINT('',#13302);
#4689=VERTEX_POINT('',#13306);
#4690=VERTEX_POINT('',#13308);
#4691=VERTEX_POINT('',#13312);
#4692=VERTEX_POINT('',#13314);
#4693=VERTEX_POINT('',#13318);
#4694=VERTEX_POINT('',#13320);
#4695=VERTEX_POINT('',#13324);
#4696=VERTEX_POINT('',#13326);
#4697=VERTEX_POINT('',#13330);
#4698=VERTEX_POINT('',#13332);
#4699=VERTEX_POINT('',#13336);
#4700=VERTEX_POINT('',#13338);
#4701=VERTEX_POINT('',#13342);
#4702=VERTEX_POINT('',#13344);
#4703=VERTEX_POINT('',#13348);
#4704=VERTEX_POINT('',#13350);
#4705=VERTEX_POINT('',#13354);
#4706=VERTEX_POINT('',#13356);
#4707=VERTEX_POINT('',#13360);
#4708=VERTEX_POINT('',#13362);
#4709=VERTEX_POINT('',#13366);
#4710=VERTEX_POINT('',#13368);
#4711=VERTEX_POINT('',#13372);
#4712=VERTEX_POINT('',#13374);
#4713=VERTEX_POINT('',#13378);
#4714=VERTEX_POINT('',#13380);
#4715=VERTEX_POINT('',#13384);
#4716=VERTEX_POINT('',#13386);
#4717=VERTEX_POINT('',#13390);
#4718=VERTEX_POINT('',#13392);
#4719=VERTEX_POINT('',#13396);
#4720=VERTEX_POINT('',#13398);
#4721=VERTEX_POINT('',#13402);
#4722=VERTEX_POINT('',#13404);
#4723=VERTEX_POINT('',#13408);
#4724=VERTEX_POINT('',#13410);
#4725=VERTEX_POINT('',#13414);
#4726=VERTEX_POINT('',#13416);
#4727=VERTEX_POINT('',#13420);
#4728=VERTEX_POINT('',#13422);
#4729=VERTEX_POINT('',#13426);
#4730=VERTEX_POINT('',#13428);
#4731=VERTEX_POINT('',#13432);
#4732=VERTEX_POINT('',#13434);
#4733=VERTEX_POINT('',#13438);
#4734=VERTEX_POINT('',#13440);
#4735=VERTEX_POINT('',#13444);
#4736=VERTEX_POINT('',#13446);
#4737=VERTEX_POINT('',#13450);
#4738=VERTEX_POINT('',#13452);
#4739=VERTEX_POINT('',#13456);
#4740=VERTEX_POINT('',#13458);
#4741=VERTEX_POINT('',#13462);
#4742=VERTEX_POINT('',#13464);
#4743=VERTEX_POINT('',#13468);
#4744=VERTEX_POINT('',#13470);
#4745=VERTEX_POINT('',#13474);
#4746=VERTEX_POINT('',#13476);
#4747=VERTEX_POINT('',#13480);
#4748=VERTEX_POINT('',#13482);
#4749=VERTEX_POINT('',#13486);
#4750=VERTEX_POINT('',#13488);
#4751=VERTEX_POINT('',#13492);
#4752=VERTEX_POINT('',#13494);
#4753=VERTEX_POINT('',#13498);
#4754=VERTEX_POINT('',#13500);
#4755=VERTEX_POINT('',#13504);
#4756=VERTEX_POINT('',#13506);
#4757=VERTEX_POINT('',#13510);
#4758=VERTEX_POINT('',#13512);
#4759=VERTEX_POINT('',#13516);
#4760=VERTEX_POINT('',#13518);
#4761=VERTEX_POINT('',#13522);
#4762=VERTEX_POINT('',#13524);
#4763=VERTEX_POINT('',#13528);
#4764=VERTEX_POINT('',#13530);
#4765=VERTEX_POINT('',#13534);
#4766=VERTEX_POINT('',#13536);
#4767=VERTEX_POINT('',#13540);
#4768=VERTEX_POINT('',#13542);
#4769=VERTEX_POINT('',#13546);
#4770=VERTEX_POINT('',#13548);
#4771=VERTEX_POINT('',#13552);
#4772=VERTEX_POINT('',#13554);
#4773=VERTEX_POINT('',#13558);
#4774=VERTEX_POINT('',#13560);
#4775=VERTEX_POINT('',#13564);
#4776=VERTEX_POINT('',#13566);
#4777=VERTEX_POINT('',#13570);
#4778=VERTEX_POINT('',#13572);
#4779=VERTEX_POINT('',#13576);
#4780=VERTEX_POINT('',#13578);
#4781=VERTEX_POINT('',#13582);
#4782=VERTEX_POINT('',#13584);
#4783=VERTEX_POINT('',#13588);
#4784=VERTEX_POINT('',#13590);
#4785=VERTEX_POINT('',#13594);
#4786=VERTEX_POINT('',#13596);
#4787=VERTEX_POINT('',#13600);
#4788=VERTEX_POINT('',#13602);
#4789=VERTEX_POINT('',#13606);
#4790=VERTEX_POINT('',#13608);
#4791=VERTEX_POINT('',#13612);
#4792=VERTEX_POINT('',#13614);
#4793=VERTEX_POINT('',#13618);
#4794=VERTEX_POINT('',#13620);
#4795=VERTEX_POINT('',#13624);
#4796=VERTEX_POINT('',#13626);
#4797=VERTEX_POINT('',#13630);
#4798=VERTEX_POINT('',#13632);
#4799=VERTEX_POINT('',#13636);
#4800=VERTEX_POINT('',#13638);
#4801=VERTEX_POINT('',#13642);
#4802=VERTEX_POINT('',#13644);
#4803=VERTEX_POINT('',#13648);
#4804=VERTEX_POINT('',#13650);
#4805=VERTEX_POINT('',#13654);
#4806=VERTEX_POINT('',#13656);
#4807=VERTEX_POINT('',#13660);
#4808=VERTEX_POINT('',#13662);
#4809=VERTEX_POINT('',#13666);
#4810=VERTEX_POINT('',#13668);
#4811=VERTEX_POINT('',#13672);
#4812=VERTEX_POINT('',#13674);
#4813=VERTEX_POINT('',#13678);
#4814=VERTEX_POINT('',#13680);
#4815=VERTEX_POINT('',#13684);
#4816=VERTEX_POINT('',#13686);
#4817=VERTEX_POINT('',#13690);
#4818=VERTEX_POINT('',#13692);
#4819=VERTEX_POINT('',#13696);
#4820=VERTEX_POINT('',#13698);
#4821=VERTEX_POINT('',#13702);
#4822=VERTEX_POINT('',#13704);
#4823=VERTEX_POINT('',#13708);
#4824=VERTEX_POINT('',#13710);
#4825=VERTEX_POINT('',#13714);
#4826=VERTEX_POINT('',#13716);
#4827=VERTEX_POINT('',#13720);
#4828=VERTEX_POINT('',#13722);
#4829=VERTEX_POINT('',#13726);
#4830=VERTEX_POINT('',#13728);
#4831=VERTEX_POINT('',#13732);
#4832=VERTEX_POINT('',#13734);
#4833=VERTEX_POINT('',#13738);
#4834=VERTEX_POINT('',#13740);
#4835=VERTEX_POINT('',#13744);
#4836=VERTEX_POINT('',#13746);
#4837=VERTEX_POINT('',#13750);
#4838=VERTEX_POINT('',#13752);
#4839=VERTEX_POINT('',#13756);
#4840=VERTEX_POINT('',#13758);
#4841=VERTEX_POINT('',#13762);
#4842=VERTEX_POINT('',#13764);
#4843=VERTEX_POINT('',#13768);
#4844=VERTEX_POINT('',#13770);
#4845=VERTEX_POINT('',#13774);
#4846=VERTEX_POINT('',#13776);
#4847=VERTEX_POINT('',#13780);
#4848=VERTEX_POINT('',#13782);
#4849=VERTEX_POINT('',#13786);
#4850=VERTEX_POINT('',#13788);
#4851=VERTEX_POINT('',#13792);
#4852=VERTEX_POINT('',#13794);
#4853=VERTEX_POINT('',#13798);
#4854=VERTEX_POINT('',#13800);
#4855=VERTEX_POINT('',#13804);
#4856=VERTEX_POINT('',#13806);
#4857=VERTEX_POINT('',#13810);
#4858=VERTEX_POINT('',#13812);
#4859=VERTEX_POINT('',#13816);
#4860=VERTEX_POINT('',#13818);
#4861=VERTEX_POINT('',#13822);
#4862=VERTEX_POINT('',#13824);
#4863=VERTEX_POINT('',#13828);
#4864=VERTEX_POINT('',#13830);
#4865=VERTEX_POINT('',#13834);
#4866=VERTEX_POINT('',#13836);
#4867=VERTEX_POINT('',#13840);
#4868=VERTEX_POINT('',#13842);
#4869=VERTEX_POINT('',#13846);
#4870=VERTEX_POINT('',#13848);
#4871=VERTEX_POINT('',#13852);
#4872=VERTEX_POINT('',#13854);
#4873=VERTEX_POINT('',#13858);
#4874=VERTEX_POINT('',#13860);
#4875=VERTEX_POINT('',#13864);
#4876=VERTEX_POINT('',#13866);
#4877=VERTEX_POINT('',#13870);
#4878=VERTEX_POINT('',#13872);
#4879=VERTEX_POINT('',#13876);
#4880=VERTEX_POINT('',#13878);
#4881=VERTEX_POINT('',#13882);
#4882=VERTEX_POINT('',#13884);
#4883=VERTEX_POINT('',#13888);
#4884=VERTEX_POINT('',#13890);
#4885=VERTEX_POINT('',#13894);
#4886=VERTEX_POINT('',#13896);
#4887=VERTEX_POINT('',#13900);
#4888=VERTEX_POINT('',#13902);
#4889=VERTEX_POINT('',#13906);
#4890=VERTEX_POINT('',#13908);
#4891=VERTEX_POINT('',#13912);
#4892=VERTEX_POINT('',#13914);
#4893=VERTEX_POINT('',#13918);
#4894=VERTEX_POINT('',#13920);
#4895=VERTEX_POINT('',#13924);
#4896=VERTEX_POINT('',#13926);
#4897=VERTEX_POINT('',#13930);
#4898=VERTEX_POINT('',#13932);
#4899=VERTEX_POINT('',#13936);
#4900=VERTEX_POINT('',#13938);
#4901=VERTEX_POINT('',#13942);
#4902=VERTEX_POINT('',#13944);
#4903=VERTEX_POINT('',#13948);
#4904=VERTEX_POINT('',#13950);
#4905=VERTEX_POINT('',#13954);
#4906=VERTEX_POINT('',#13956);
#4907=VERTEX_POINT('',#13960);
#4908=VERTEX_POINT('',#13962);
#4909=VERTEX_POINT('',#13966);
#4910=VERTEX_POINT('',#13968);
#4911=LINE('',#11682,#5912);
#4912=LINE('',#11685,#5913);
#4913=LINE('',#11687,#5914);
#4914=LINE('',#11689,#5915);
#4915=LINE('',#11691,#5916);
#4916=LINE('',#11693,#5917);
#4917=LINE('',#11695,#5918);
#4918=LINE('',#11697,#5919);
#4919=LINE('',#11699,#5920);
#4920=LINE('',#11701,#5921);
#4921=LINE('',#11703,#5922);
#4922=LINE('',#11706,#5923);
#4923=LINE('',#11708,#5924);
#4924=LINE('',#11710,#5925);
#4925=LINE('',#11712,#5926);
#4926=LINE('',#11714,#5927);
#4927=LINE('',#11716,#5928);
#4928=LINE('',#11718,#5929);
#4929=LINE('',#11720,#5930);
#4930=LINE('',#11722,#5931);
#4931=LINE('',#11727,#5932);
#4932=LINE('',#11731,#5933);
#4933=LINE('',#11735,#5934);
#4934=LINE('',#11741,#5935);
#4935=LINE('',#11747,#5936);
#4936=LINE('',#11753,#5937);
#4937=LINE('',#11760,#5938);
#4938=LINE('',#11764,#5939);
#4939=LINE('',#11768,#5940);
#4940=LINE('',#11774,#5941);
#4941=LINE('',#11780,#5942);
#4942=LINE('',#11786,#5943);
#4943=LINE('',#11793,#5944);
#4944=LINE('',#11797,#5945);
#4945=LINE('',#11801,#5946);
#4946=LINE('',#11807,#5947);
#4947=LINE('',#11813,#5948);
#4948=LINE('',#11819,#5949);
#4949=LINE('',#11826,#5950);
#4950=LINE('',#11830,#5951);
#4951=LINE('',#11834,#5952);
#4952=LINE('',#11840,#5953);
#4953=LINE('',#11846,#5954);
#4954=LINE('',#11852,#5955);
#4955=LINE('',#11859,#5956);
#4956=LINE('',#11863,#5957);
#4957=LINE('',#11867,#5958);
#4958=LINE('',#11873,#5959);
#4959=LINE('',#11879,#5960);
#4960=LINE('',#11885,#5961);
#4961=LINE('',#11892,#5962);
#4962=LINE('',#11896,#5963);
#4963=LINE('',#11900,#5964);
#4964=LINE('',#11906,#5965);
#4965=LINE('',#11912,#5966);
#4966=LINE('',#11918,#5967);
#4967=LINE('',#11925,#5968);
#4968=LINE('',#11929,#5969);
#4969=LINE('',#11933,#5970);
#4970=LINE('',#11939,#5971);
#4971=LINE('',#11945,#5972);
#4972=LINE('',#11951,#5973);
#4973=LINE('',#11958,#5974);
#4974=LINE('',#11962,#5975);
#4975=LINE('',#11966,#5976);
#4976=LINE('',#11972,#5977);
#4977=LINE('',#11978,#5978);
#4978=LINE('',#11984,#5979);
#4979=LINE('',#11988,#5980);
#4980=LINE('',#11991,#5981);
#4981=LINE('',#11993,#5982);
#4982=LINE('',#11995,#5983);
#4983=LINE('',#11997,#5984);
#4984=LINE('',#11999,#5985);
#4985=LINE('',#12001,#5986);
#4986=LINE('',#12003,#5987);
#4987=LINE('',#12005,#5988);
#4988=LINE('',#12007,#5989);
#4989=LINE('',#12009,#5990);
#4990=LINE('',#12012,#5991);
#4991=LINE('',#12014,#5992);
#4992=LINE('',#12016,#5993);
#4993=LINE('',#12018,#5994);
#4994=LINE('',#12020,#5995);
#4995=LINE('',#12022,#5996);
#4996=LINE('',#12024,#5997);
#4997=LINE('',#12026,#5998);
#4998=LINE('',#12028,#5999);
#4999=LINE('',#12030,#6000);
#5000=LINE('',#12033,#6001);
#5001=LINE('',#12035,#6002);
#5002=LINE('',#12037,#6003);
#5003=LINE('',#12039,#6004);
#5004=LINE('',#12041,#6005);
#5005=LINE('',#12043,#6006);
#5006=LINE('',#12045,#6007);
#5007=LINE('',#12047,#6008);
#5008=LINE('',#12049,#6009);
#5009=LINE('',#12051,#6010);
#5010=LINE('',#12054,#6011);
#5011=LINE('',#12056,#6012);
#5012=LINE('',#12058,#6013);
#5013=LINE('',#12060,#6014);
#5014=LINE('',#12062,#6015);
#5015=LINE('',#12064,#6016);
#5016=LINE('',#12066,#6017);
#5017=LINE('',#12068,#6018);
#5018=LINE('',#12070,#6019);
#5019=LINE('',#12072,#6020);
#5020=LINE('',#12075,#6021);
#5021=LINE('',#12077,#6022);
#5022=LINE('',#12079,#6023);
#5023=LINE('',#12081,#6024);
#5024=LINE('',#12083,#6025);
#5025=LINE('',#12085,#6026);
#5026=LINE('',#12087,#6027);
#5027=LINE('',#12089,#6028);
#5028=LINE('',#12091,#6029);
#5029=LINE('',#12093,#6030);
#5030=LINE('',#12096,#6031);
#5031=LINE('',#12098,#6032);
#5032=LINE('',#12100,#6033);
#5033=LINE('',#12102,#6034);
#5034=LINE('',#12104,#6035);
#5035=LINE('',#12106,#6036);
#5036=LINE('',#12108,#6037);
#5037=LINE('',#12110,#6038);
#5038=LINE('',#12112,#6039);
#5039=LINE('',#12114,#6040);
#5040=LINE('',#12117,#6041);
#5041=LINE('',#12119,#6042);
#5042=LINE('',#12121,#6043);
#5043=LINE('',#12123,#6044);
#5044=LINE('',#12125,#6045);
#5045=LINE('',#12127,#6046);
#5046=LINE('',#12129,#6047);
#5047=LINE('',#12131,#6048);
#5048=LINE('',#12133,#6049);
#5049=LINE('',#12135,#6050);
#5050=LINE('',#12138,#6051);
#5051=LINE('',#12140,#6052);
#5052=LINE('',#12142,#6053);
#5053=LINE('',#12144,#6054);
#5054=LINE('',#12146,#6055);
#5055=LINE('',#12148,#6056);
#5056=LINE('',#12150,#6057);
#5057=LINE('',#12152,#6058);
#5058=LINE('',#12154,#6059);
#5059=LINE('',#12156,#6060);
#5060=LINE('',#12159,#6061);
#5061=LINE('',#12161,#6062);
#5062=LINE('',#12163,#6063);
#5063=LINE('',#12165,#6064);
#5064=LINE('',#12167,#6065);
#5065=LINE('',#12169,#6066);
#5066=LINE('',#12171,#6067);
#5067=LINE('',#12173,#6068);
#5068=LINE('',#12175,#6069);
#5069=LINE('',#12177,#6070);
#5070=LINE('',#12180,#6071);
#5071=LINE('',#12182,#6072);
#5072=LINE('',#12184,#6073);
#5073=LINE('',#12186,#6074);
#5074=LINE('',#12188,#6075);
#5075=LINE('',#12190,#6076);
#5076=LINE('',#12192,#6077);
#5077=LINE('',#12194,#6078);
#5078=LINE('',#12196,#6079);
#5079=LINE('',#12198,#6080);
#5080=LINE('',#12201,#6081);
#5081=LINE('',#12203,#6082);
#5082=LINE('',#12205,#6083);
#5083=LINE('',#12207,#6084);
#5084=LINE('',#12209,#6085);
#5085=LINE('',#12211,#6086);
#5086=LINE('',#12213,#6087);
#5087=LINE('',#12215,#6088);
#5088=LINE('',#12217,#6089);
#5089=LINE('',#12219,#6090);
#5090=LINE('',#12222,#6091);
#5091=LINE('',#12224,#6092);
#5092=LINE('',#12226,#6093);
#5093=LINE('',#12228,#6094);
#5094=LINE('',#12230,#6095);
#5095=LINE('',#12232,#6096);
#5096=LINE('',#12234,#6097);
#5097=LINE('',#12236,#6098);
#5098=LINE('',#12238,#6099);
#5099=LINE('',#12240,#6100);
#5100=LINE('',#12243,#6101);
#5101=LINE('',#12245,#6102);
#5102=LINE('',#12247,#6103);
#5103=LINE('',#12249,#6104);
#5104=LINE('',#12251,#6105);
#5105=LINE('',#12253,#6106);
#5106=LINE('',#12255,#6107);
#5107=LINE('',#12257,#6108);
#5108=LINE('',#12259,#6109);
#5109=LINE('',#12261,#6110);
#5110=LINE('',#12264,#6111);
#5111=LINE('',#12266,#6112);
#5112=LINE('',#12268,#6113);
#5113=LINE('',#12270,#6114);
#5114=LINE('',#12272,#6115);
#5115=LINE('',#12274,#6116);
#5116=LINE('',#12276,#6117);
#5117=LINE('',#12278,#6118);
#5118=LINE('',#12280,#6119);
#5119=LINE('',#12282,#6120);
#5120=LINE('',#12285,#6121);
#5121=LINE('',#12287,#6122);
#5122=LINE('',#12289,#6123);
#5123=LINE('',#12291,#6124);
#5124=LINE('',#12293,#6125);
#5125=LINE('',#12295,#6126);
#5126=LINE('',#12297,#6127);
#5127=LINE('',#12299,#6128);
#5128=LINE('',#12301,#6129);
#5129=LINE('',#12303,#6130);
#5130=LINE('',#12306,#6131);
#5131=LINE('',#12308,#6132);
#5132=LINE('',#12310,#6133);
#5133=LINE('',#12312,#6134);
#5134=LINE('',#12314,#6135);
#5135=LINE('',#12316,#6136);
#5136=LINE('',#12318,#6137);
#5137=LINE('',#12320,#6138);
#5138=LINE('',#12322,#6139);
#5139=LINE('',#12324,#6140);
#5140=LINE('',#12327,#6141);
#5141=LINE('',#12329,#6142);
#5142=LINE('',#12331,#6143);
#5143=LINE('',#12333,#6144);
#5144=LINE('',#12335,#6145);
#5145=LINE('',#12337,#6146);
#5146=LINE('',#12339,#6147);
#5147=LINE('',#12341,#6148);
#5148=LINE('',#12343,#6149);
#5149=LINE('',#12345,#6150);
#5150=LINE('',#12348,#6151);
#5151=LINE('',#12350,#6152);
#5152=LINE('',#12352,#6153);
#5153=LINE('',#12354,#6154);
#5154=LINE('',#12356,#6155);
#5155=LINE('',#12358,#6156);
#5156=LINE('',#12360,#6157);
#5157=LINE('',#12362,#6158);
#5158=LINE('',#12364,#6159);
#5159=LINE('',#12366,#6160);
#5160=LINE('',#12369,#6161);
#5161=LINE('',#12371,#6162);
#5162=LINE('',#12373,#6163);
#5163=LINE('',#12375,#6164);
#5164=LINE('',#12377,#6165);
#5165=LINE('',#12379,#6166);
#5166=LINE('',#12381,#6167);
#5167=LINE('',#12383,#6168);
#5168=LINE('',#12385,#6169);
#5169=LINE('',#12387,#6170);
#5170=LINE('',#12390,#6171);
#5171=LINE('',#12392,#6172);
#5172=LINE('',#12394,#6173);
#5173=LINE('',#12396,#6174);
#5174=LINE('',#12398,#6175);
#5175=LINE('',#12400,#6176);
#5176=LINE('',#12402,#6177);
#5177=LINE('',#12404,#6178);
#5178=LINE('',#12406,#6179);
#5179=LINE('',#12408,#6180);
#5180=LINE('',#12411,#6181);
#5181=LINE('',#12413,#6182);
#5182=LINE('',#12415,#6183);
#5183=LINE('',#12417,#6184);
#5184=LINE('',#12419,#6185);
#5185=LINE('',#12421,#6186);
#5186=LINE('',#12423,#6187);
#5187=LINE('',#12425,#6188);
#5188=LINE('',#12427,#6189);
#5189=LINE('',#12429,#6190);
#5190=LINE('',#12432,#6191);
#5191=LINE('',#12434,#6192);
#5192=LINE('',#12436,#6193);
#5193=LINE('',#12438,#6194);
#5194=LINE('',#12440,#6195);
#5195=LINE('',#12442,#6196);
#5196=LINE('',#12444,#6197);
#5197=LINE('',#12446,#6198);
#5198=LINE('',#12448,#6199);
#5199=LINE('',#12450,#6200);
#5200=LINE('',#12453,#6201);
#5201=LINE('',#12455,#6202);
#5202=LINE('',#12457,#6203);
#5203=LINE('',#12459,#6204);
#5204=LINE('',#12461,#6205);
#5205=LINE('',#12463,#6206);
#5206=LINE('',#12465,#6207);
#5207=LINE('',#12467,#6208);
#5208=LINE('',#12469,#6209);
#5209=LINE('',#12471,#6210);
#5210=LINE('',#12474,#6211);
#5211=LINE('',#12476,#6212);
#5212=LINE('',#12478,#6213);
#5213=LINE('',#12480,#6214);
#5214=LINE('',#12482,#6215);
#5215=LINE('',#12484,#6216);
#5216=LINE('',#12486,#6217);
#5217=LINE('',#12488,#6218);
#5218=LINE('',#12490,#6219);
#5219=LINE('',#12492,#6220);
#5220=LINE('',#12495,#6221);
#5221=LINE('',#12497,#6222);
#5222=LINE('',#12499,#6223);
#5223=LINE('',#12501,#6224);
#5224=LINE('',#12503,#6225);
#5225=LINE('',#12505,#6226);
#5226=LINE('',#12507,#6227);
#5227=LINE('',#12509,#6228);
#5228=LINE('',#12511,#6229);
#5229=LINE('',#12513,#6230);
#5230=LINE('',#12516,#6231);
#5231=LINE('',#12518,#6232);
#5232=LINE('',#12520,#6233);
#5233=LINE('',#12522,#6234);
#5234=LINE('',#12524,#6235);
#5235=LINE('',#12526,#6236);
#5236=LINE('',#12528,#6237);
#5237=LINE('',#12530,#6238);
#5238=LINE('',#12532,#6239);
#5239=LINE('',#12534,#6240);
#5240=LINE('',#12537,#6241);
#5241=LINE('',#12539,#6242);
#5242=LINE('',#12541,#6243);
#5243=LINE('',#12543,#6244);
#5244=LINE('',#12545,#6245);
#5245=LINE('',#12547,#6246);
#5246=LINE('',#12549,#6247);
#5247=LINE('',#12551,#6248);
#5248=LINE('',#12553,#6249);
#5249=LINE('',#12555,#6250);
#5250=LINE('',#12558,#6251);
#5251=LINE('',#12560,#6252);
#5252=LINE('',#12562,#6253);
#5253=LINE('',#12564,#6254);
#5254=LINE('',#12566,#6255);
#5255=LINE('',#12568,#6256);
#5256=LINE('',#12570,#6257);
#5257=LINE('',#12572,#6258);
#5258=LINE('',#12574,#6259);
#5259=LINE('',#12576,#6260);
#5260=LINE('',#12579,#6261);
#5261=LINE('',#12581,#6262);
#5262=LINE('',#12583,#6263);
#5263=LINE('',#12585,#6264);
#5264=LINE('',#12587,#6265);
#5265=LINE('',#12589,#6266);
#5266=LINE('',#12591,#6267);
#5267=LINE('',#12593,#6268);
#5268=LINE('',#12595,#6269);
#5269=LINE('',#12597,#6270);
#5270=LINE('',#12600,#6271);
#5271=LINE('',#12602,#6272);
#5272=LINE('',#12604,#6273);
#5273=LINE('',#12606,#6274);
#5274=LINE('',#12608,#6275);
#5275=LINE('',#12610,#6276);
#5276=LINE('',#12612,#6277);
#5277=LINE('',#12614,#6278);
#5278=LINE('',#12616,#6279);
#5279=LINE('',#12618,#6280);
#5280=LINE('',#12621,#6281);
#5281=LINE('',#12623,#6282);
#5282=LINE('',#12625,#6283);
#5283=LINE('',#12627,#6284);
#5284=LINE('',#12629,#6285);
#5285=LINE('',#12631,#6286);
#5286=LINE('',#12633,#6287);
#5287=LINE('',#12635,#6288);
#5288=LINE('',#12637,#6289);
#5289=LINE('',#12639,#6290);
#5290=LINE('',#12642,#6291);
#5291=LINE('',#12644,#6292);
#5292=LINE('',#12646,#6293);
#5293=LINE('',#12648,#6294);
#5294=LINE('',#12650,#6295);
#5295=LINE('',#12652,#6296);
#5296=LINE('',#12654,#6297);
#5297=LINE('',#12656,#6298);
#5298=LINE('',#12658,#6299);
#5299=LINE('',#12660,#6300);
#5300=LINE('',#12663,#6301);
#5301=LINE('',#12665,#6302);
#5302=LINE('',#12667,#6303);
#5303=LINE('',#12669,#6304);
#5304=LINE('',#12671,#6305);
#5305=LINE('',#12673,#6306);
#5306=LINE('',#12675,#6307);
#5307=LINE('',#12677,#6308);
#5308=LINE('',#12679,#6309);
#5309=LINE('',#12681,#6310);
#5310=LINE('',#12684,#6311);
#5311=LINE('',#12686,#6312);
#5312=LINE('',#12688,#6313);
#5313=LINE('',#12690,#6314);
#5314=LINE('',#12692,#6315);
#5315=LINE('',#12694,#6316);
#5316=LINE('',#12696,#6317);
#5317=LINE('',#12698,#6318);
#5318=LINE('',#12700,#6319);
#5319=LINE('',#12702,#6320);
#5320=LINE('',#12705,#6321);
#5321=LINE('',#12707,#6322);
#5322=LINE('',#12709,#6323);
#5323=LINE('',#12711,#6324);
#5324=LINE('',#12713,#6325);
#5325=LINE('',#12715,#6326);
#5326=LINE('',#12717,#6327);
#5327=LINE('',#12719,#6328);
#5328=LINE('',#12721,#6329);
#5329=LINE('',#12723,#6330);
#5330=LINE('',#12726,#6331);
#5331=LINE('',#12728,#6332);
#5332=LINE('',#12730,#6333);
#5333=LINE('',#12732,#6334);
#5334=LINE('',#12734,#6335);
#5335=LINE('',#12736,#6336);
#5336=LINE('',#12738,#6337);
#5337=LINE('',#12740,#6338);
#5338=LINE('',#12742,#6339);
#5339=LINE('',#12744,#6340);
#5340=LINE('',#12747,#6341);
#5341=LINE('',#12749,#6342);
#5342=LINE('',#12751,#6343);
#5343=LINE('',#12753,#6344);
#5344=LINE('',#12755,#6345);
#5345=LINE('',#12757,#6346);
#5346=LINE('',#12759,#6347);
#5347=LINE('',#12761,#6348);
#5348=LINE('',#12763,#6349);
#5349=LINE('',#12765,#6350);
#5350=LINE('',#12768,#6351);
#5351=LINE('',#12770,#6352);
#5352=LINE('',#12772,#6353);
#5353=LINE('',#12774,#6354);
#5354=LINE('',#12776,#6355);
#5355=LINE('',#12778,#6356);
#5356=LINE('',#12780,#6357);
#5357=LINE('',#12782,#6358);
#5358=LINE('',#12784,#6359);
#5359=LINE('',#12786,#6360);
#5360=LINE('',#12789,#6361);
#5361=LINE('',#12791,#6362);
#5362=LINE('',#12793,#6363);
#5363=LINE('',#12795,#6364);
#5364=LINE('',#12797,#6365);
#5365=LINE('',#12799,#6366);
#5366=LINE('',#12801,#6367);
#5367=LINE('',#12803,#6368);
#5368=LINE('',#12805,#6369);
#5369=LINE('',#12807,#6370);
#5370=LINE('',#12810,#6371);
#5371=LINE('',#12812,#6372);
#5372=LINE('',#12814,#6373);
#5373=LINE('',#12816,#6374);
#5374=LINE('',#12818,#6375);
#5375=LINE('',#12820,#6376);
#5376=LINE('',#12822,#6377);
#5377=LINE('',#12824,#6378);
#5378=LINE('',#12826,#6379);
#5379=LINE('',#12828,#6380);
#5380=LINE('',#12831,#6381);
#5381=LINE('',#12833,#6382);
#5382=LINE('',#12835,#6383);
#5383=LINE('',#12837,#6384);
#5384=LINE('',#12839,#6385);
#5385=LINE('',#12841,#6386);
#5386=LINE('',#12843,#6387);
#5387=LINE('',#12845,#6388);
#5388=LINE('',#12847,#6389);
#5389=LINE('',#12849,#6390);
#5390=LINE('',#12852,#6391);
#5391=LINE('',#12854,#6392);
#5392=LINE('',#12856,#6393);
#5393=LINE('',#12858,#6394);
#5394=LINE('',#12860,#6395);
#5395=LINE('',#12862,#6396);
#5396=LINE('',#12864,#6397);
#5397=LINE('',#12866,#6398);
#5398=LINE('',#12868,#6399);
#5399=LINE('',#12870,#6400);
#5400=LINE('',#12873,#6401);
#5401=LINE('',#12875,#6402);
#5402=LINE('',#12877,#6403);
#5403=LINE('',#12879,#6404);
#5404=LINE('',#12881,#6405);
#5405=LINE('',#12883,#6406);
#5406=LINE('',#12885,#6407);
#5407=LINE('',#12887,#6408);
#5408=LINE('',#12889,#6409);
#5409=LINE('',#12891,#6410);
#5410=LINE('',#12894,#6411);
#5411=LINE('',#12896,#6412);
#5412=LINE('',#12898,#6413);
#5413=LINE('',#12900,#6414);
#5414=LINE('',#12902,#6415);
#5415=LINE('',#12904,#6416);
#5416=LINE('',#12906,#6417);
#5417=LINE('',#12908,#6418);
#5418=LINE('',#12910,#6419);
#5419=LINE('',#12912,#6420);
#5420=LINE('',#12915,#6421);
#5421=LINE('',#12917,#6422);
#5422=LINE('',#12919,#6423);
#5423=LINE('',#12921,#6424);
#5424=LINE('',#12923,#6425);
#5425=LINE('',#12925,#6426);
#5426=LINE('',#12927,#6427);
#5427=LINE('',#12929,#6428);
#5428=LINE('',#12931,#6429);
#5429=LINE('',#12933,#6430);
#5430=LINE('',#12936,#6431);
#5431=LINE('',#12938,#6432);
#5432=LINE('',#12940,#6433);
#5433=LINE('',#12942,#6434);
#5434=LINE('',#12944,#6435);
#5435=LINE('',#12946,#6436);
#5436=LINE('',#12948,#6437);
#5437=LINE('',#12950,#6438);
#5438=LINE('',#12952,#6439);
#5439=LINE('',#12954,#6440);
#5440=LINE('',#12957,#6441);
#5441=LINE('',#12959,#6442);
#5442=LINE('',#12961,#6443);
#5443=LINE('',#12963,#6444);
#5444=LINE('',#12965,#6445);
#5445=LINE('',#12967,#6446);
#5446=LINE('',#12969,#6447);
#5447=LINE('',#12971,#6448);
#5448=LINE('',#12973,#6449);
#5449=LINE('',#12975,#6450);
#5450=LINE('',#12978,#6451);
#5451=LINE('',#12980,#6452);
#5452=LINE('',#12982,#6453);
#5453=LINE('',#12984,#6454);
#5454=LINE('',#12986,#6455);
#5455=LINE('',#12988,#6456);
#5456=LINE('',#12990,#6457);
#5457=LINE('',#12992,#6458);
#5458=LINE('',#12994,#6459);
#5459=LINE('',#12996,#6460);
#5460=LINE('',#12999,#6461);
#5461=LINE('',#13001,#6462);
#5462=LINE('',#13003,#6463);
#5463=LINE('',#13005,#6464);
#5464=LINE('',#13007,#6465);
#5465=LINE('',#13009,#6466);
#5466=LINE('',#13011,#6467);
#5467=LINE('',#13013,#6468);
#5468=LINE('',#13015,#6469);
#5469=LINE('',#13017,#6470);
#5470=LINE('',#13020,#6471);
#5471=LINE('',#13022,#6472);
#5472=LINE('',#13024,#6473);
#5473=LINE('',#13026,#6474);
#5474=LINE('',#13028,#6475);
#5475=LINE('',#13030,#6476);
#5476=LINE('',#13032,#6477);
#5477=LINE('',#13034,#6478);
#5478=LINE('',#13036,#6479);
#5479=LINE('',#13038,#6480);
#5480=LINE('',#13041,#6481);
#5481=LINE('',#13043,#6482);
#5482=LINE('',#13045,#6483);
#5483=LINE('',#13047,#6484);
#5484=LINE('',#13049,#6485);
#5485=LINE('',#13051,#6486);
#5486=LINE('',#13053,#6487);
#5487=LINE('',#13055,#6488);
#5488=LINE('',#13057,#6489);
#5489=LINE('',#13059,#6490);
#5490=LINE('',#13062,#6491);
#5491=LINE('',#13064,#6492);
#5492=LINE('',#13066,#6493);
#5493=LINE('',#13068,#6494);
#5494=LINE('',#13070,#6495);
#5495=LINE('',#13072,#6496);
#5496=LINE('',#13074,#6497);
#5497=LINE('',#13076,#6498);
#5498=LINE('',#13078,#6499);
#5499=LINE('',#13080,#6500);
#5500=LINE('',#13083,#6501);
#5501=LINE('',#13085,#6502);
#5502=LINE('',#13087,#6503);
#5503=LINE('',#13089,#6504);
#5504=LINE('',#13091,#6505);
#5505=LINE('',#13093,#6506);
#5506=LINE('',#13095,#6507);
#5507=LINE('',#13097,#6508);
#5508=LINE('',#13099,#6509);
#5509=LINE('',#13101,#6510);
#5510=LINE('',#13104,#6511);
#5511=LINE('',#13106,#6512);
#5512=LINE('',#13108,#6513);
#5513=LINE('',#13110,#6514);
#5514=LINE('',#13112,#6515);
#5515=LINE('',#13114,#6516);
#5516=LINE('',#13116,#6517);
#5517=LINE('',#13118,#6518);
#5518=LINE('',#13120,#6519);
#5519=LINE('',#13122,#6520);
#5520=LINE('',#13125,#6521);
#5521=LINE('',#13127,#6522);
#5522=LINE('',#13129,#6523);
#5523=LINE('',#13133,#6524);
#5524=LINE('',#13139,#6525);
#5525=LINE('',#13143,#6526);
#5526=LINE('',#13145,#6527);
#5527=LINE('',#13147,#6528);
#5528=LINE('',#13151,#6529);
#5529=LINE('',#13155,#6530);
#5530=LINE('',#13157,#6531);
#5531=LINE('',#13159,#6532);
#5532=LINE('',#13163,#6533);
#5533=LINE('',#13167,#6534);
#5534=LINE('',#13169,#6535);
#5535=LINE('',#13171,#6536);
#5536=LINE('',#13175,#6537);
#5537=LINE('',#13179,#6538);
#5538=LINE('',#13181,#6539);
#5539=LINE('',#13183,#6540);
#5540=LINE('',#13187,#6541);
#5541=LINE('',#13196,#6542);
#5542=LINE('',#13203,#6543);
#5543=LINE('',#13205,#6544);
#5544=LINE('',#13207,#6545);
#5545=LINE('',#13211,#6546);
#5546=LINE('',#13215,#6547);
#5547=LINE('',#13217,#6548);
#5548=LINE('',#13219,#6549);
#5549=LINE('',#13223,#6550);
#5550=LINE('',#13229,#6551);
#5551=LINE('',#13233,#6552);
#5552=LINE('',#13235,#6553);
#5553=LINE('',#13237,#6554);
#5554=LINE('',#13241,#6555);
#5555=LINE('',#13245,#6556);
#5556=LINE('',#13247,#6557);
#5557=LINE('',#13249,#6558);
#5558=LINE('',#13253,#6559);
#5559=LINE('',#13257,#6560);
#5560=LINE('',#13259,#6561);
#5561=LINE('',#13261,#6562);
#5562=LINE('',#13265,#6563);
#5563=LINE('',#13269,#6564);
#5564=LINE('',#13271,#6565);
#5565=LINE('',#13273,#6566);
#5566=LINE('',#13277,#6567);
#5567=LINE('',#13281,#6568);
#5568=LINE('',#13283,#6569);
#5569=LINE('',#13285,#6570);
#5570=LINE('',#13289,#6571);
#5571=LINE('',#13293,#6572);
#5572=LINE('',#13295,#6573);
#5573=LINE('',#13297,#6574);
#5574=LINE('',#13301,#6575);
#5575=LINE('',#13305,#6576);
#5576=LINE('',#13307,#6577);
#5577=LINE('',#13309,#6578);
#5578=LINE('',#13313,#6579);
#5579=LINE('',#13317,#6580);
#5580=LINE('',#13319,#6581);
#5581=LINE('',#13321,#6582);
#5582=LINE('',#13325,#6583);
#5583=LINE('',#13329,#6584);
#5584=LINE('',#13331,#6585);
#5585=LINE('',#13333,#6586);
#5586=LINE('',#13337,#6587);
#5587=LINE('',#13341,#6588);
#5588=LINE('',#13343,#6589);
#5589=LINE('',#13345,#6590);
#5590=LINE('',#13349,#6591);
#5591=LINE('',#13353,#6592);
#5592=LINE('',#13355,#6593);
#5593=LINE('',#13357,#6594);
#5594=LINE('',#13361,#6595);
#5595=LINE('',#13365,#6596);
#5596=LINE('',#13367,#6597);
#5597=LINE('',#13369,#6598);
#5598=LINE('',#13373,#6599);
#5599=LINE('',#13377,#6600);
#5600=LINE('',#13379,#6601);
#5601=LINE('',#13381,#6602);
#5602=LINE('',#13383,#6603);
#5603=LINE('',#13385,#6604);
#5604=LINE('',#13387,#6605);
#5605=LINE('',#13391,#6606);
#5606=LINE('',#13395,#6607);
#5607=LINE('',#13397,#6608);
#5608=LINE('',#13399,#6609);
#5609=LINE('',#13403,#6610);
#5610=LINE('',#13407,#6611);
#5611=LINE('',#13409,#6612);
#5612=LINE('',#13411,#6613);
#5613=LINE('',#13415,#6614);
#5614=LINE('',#13419,#6615);
#5615=LINE('',#13421,#6616);
#5616=LINE('',#13423,#6617);
#5617=LINE('',#13427,#6618);
#5618=LINE('',#13431,#6619);
#5619=LINE('',#13433,#6620);
#5620=LINE('',#13435,#6621);
#5621=LINE('',#13439,#6622);
#5622=LINE('',#13443,#6623);
#5623=LINE('',#13445,#6624);
#5624=LINE('',#13447,#6625);
#5625=LINE('',#13451,#6626);
#5626=LINE('',#13455,#6627);
#5627=LINE('',#13457,#6628);
#5628=LINE('',#13459,#6629);
#5629=LINE('',#13463,#6630);
#5630=LINE('',#13467,#6631);
#5631=LINE('',#13469,#6632);
#5632=LINE('',#13471,#6633);
#5633=LINE('',#13475,#6634);
#5634=LINE('',#13479,#6635);
#5635=LINE('',#13481,#6636);
#5636=LINE('',#13483,#6637);
#5637=LINE('',#13487,#6638);
#5638=LINE('',#13491,#6639);
#5639=LINE('',#13493,#6640);
#5640=LINE('',#13495,#6641);
#5641=LINE('',#13499,#6642);
#5642=LINE('',#13503,#6643);
#5643=LINE('',#13505,#6644);
#5644=LINE('',#13507,#6645);
#5645=LINE('',#13511,#6646);
#5646=LINE('',#13515,#6647);
#5647=LINE('',#13517,#6648);
#5648=LINE('',#13519,#6649);
#5649=LINE('',#13521,#6650);
#5650=LINE('',#13523,#6651);
#5651=LINE('',#13525,#6652);
#5652=LINE('',#13529,#6653);
#5653=LINE('',#13533,#6654);
#5654=LINE('',#13535,#6655);
#5655=LINE('',#13537,#6656);
#5656=LINE('',#13541,#6657);
#5657=LINE('',#13545,#6658);
#5658=LINE('',#13547,#6659);
#5659=LINE('',#13549,#6660);
#5660=LINE('',#13553,#6661);
#5661=LINE('',#13557,#6662);
#5662=LINE('',#13559,#6663);
#5663=LINE('',#13561,#6664);
#5664=LINE('',#13565,#6665);
#5665=LINE('',#13569,#6666);
#5666=LINE('',#13571,#6667);
#5667=LINE('',#13573,#6668);
#5668=LINE('',#13577,#6669);
#5669=LINE('',#13581,#6670);
#5670=LINE('',#13583,#6671);
#5671=LINE('',#13585,#6672);
#5672=LINE('',#13589,#6673);
#5673=LINE('',#13593,#6674);
#5674=LINE('',#13595,#6675);
#5675=LINE('',#13597,#6676);
#5676=LINE('',#13601,#6677);
#5677=LINE('',#13605,#6678);
#5678=LINE('',#13607,#6679);
#5679=LINE('',#13609,#6680);
#5680=LINE('',#13613,#6681);
#5681=LINE('',#13617,#6682);
#5682=LINE('',#13619,#6683);
#5683=LINE('',#13621,#6684);
#5684=LINE('',#13625,#6685);
#5685=LINE('',#13629,#6686);
#5686=LINE('',#13631,#6687);
#5687=LINE('',#13633,#6688);
#5688=LINE('',#13637,#6689);
#5689=LINE('',#13641,#6690);
#5690=LINE('',#13643,#6691);
#5691=LINE('',#13645,#6692);
#5692=LINE('',#13649,#6693);
#5693=LINE('',#13653,#6694);
#5694=LINE('',#13655,#6695);
#5695=LINE('',#13657,#6696);
#5696=LINE('',#13659,#6697);
#5697=LINE('',#13661,#6698);
#5698=LINE('',#13663,#6699);
#5699=LINE('',#13667,#6700);
#5700=LINE('',#13671,#6701);
#5701=LINE('',#13673,#6702);
#5702=LINE('',#13675,#6703);
#5703=LINE('',#13679,#6704);
#5704=LINE('',#13685,#6705);
#5705=LINE('',#13689,#6706);
#5706=LINE('',#13691,#6707);
#5707=LINE('',#13693,#6708);
#5708=LINE('',#13697,#6709);
#5709=LINE('',#13701,#6710);
#5710=LINE('',#13703,#6711);
#5711=LINE('',#13705,#6712);
#5712=LINE('',#13709,#6713);
#5713=LINE('',#13713,#6714);
#5714=LINE('',#13715,#6715);
#5715=LINE('',#13717,#6716);
#5716=LINE('',#13721,#6717);
#5717=LINE('',#13725,#6718);
#5718=LINE('',#13727,#6719);
#5719=LINE('',#13729,#6720);
#5720=LINE('',#13733,#6721);
#5721=LINE('',#13737,#6722);
#5722=LINE('',#13739,#6723);
#5723=LINE('',#13741,#6724);
#5724=LINE('',#13745,#6725);
#5725=LINE('',#13749,#6726);
#5726=LINE('',#13751,#6727);
#5727=LINE('',#13753,#6728);
#5728=LINE('',#13757,#6729);
#5729=LINE('',#13761,#6730);
#5730=LINE('',#13763,#6731);
#5731=LINE('',#13765,#6732);
#5732=LINE('',#13769,#6733);
#5733=LINE('',#13773,#6734);
#5734=LINE('',#13775,#6735);
#5735=LINE('',#13777,#6736);
#5736=LINE('',#13781,#6737);
#5737=LINE('',#13785,#6738);
#5738=LINE('',#13787,#6739);
#5739=LINE('',#13789,#6740);
#5740=LINE('',#13793,#6741);
#5741=LINE('',#13797,#6742);
#5742=LINE('',#13799,#6743);
#5743=LINE('',#13801,#6744);
#5744=LINE('',#13805,#6745);
#5745=LINE('',#13809,#6746);
#5746=LINE('',#13811,#6747);
#5747=LINE('',#13813,#6748);
#5748=LINE('',#13817,#6749);
#5749=LINE('',#13823,#6750);
#5750=LINE('',#13829,#6751);
#5751=LINE('',#13833,#6752);
#5752=LINE('',#13835,#6753);
#5753=LINE('',#13837,#6754);
#5754=LINE('',#13841,#6755);
#5755=LINE('',#13845,#6756);
#5756=LINE('',#13847,#6757);
#5757=LINE('',#13849,#6758);
#5758=LINE('',#13853,#6759);
#5759=LINE('',#13859,#6760);
#5760=LINE('',#13863,#6761);
#5761=LINE('',#13865,#6762);
#5762=LINE('',#13867,#6763);
#5763=LINE('',#13871,#6764);
#5764=LINE('',#13875,#6765);
#5765=LINE('',#13877,#6766);
#5766=LINE('',#13879,#6767);
#5767=LINE('',#13883,#6768);
#5768=LINE('',#13887,#6769);
#5769=LINE('',#13889,#6770);
#5770=LINE('',#13891,#6771);
#5771=LINE('',#13895,#6772);
#5772=LINE('',#13901,#6773);
#5773=LINE('',#13905,#6774);
#5774=LINE('',#13907,#6775);
#5775=LINE('',#13909,#6776);
#5776=LINE('',#13911,#6777);
#5777=LINE('',#13913,#6778);
#5778=LINE('',#13915,#6779);
#5779=LINE('',#13919,#6780);
#5780=LINE('',#13923,#6781);
#5781=LINE('',#13925,#6782);
#5782=LINE('',#13927,#6783);
#5783=LINE('',#13931,#6784);
#5784=LINE('',#13935,#6785);
#5785=LINE('',#13937,#6786);
#5786=LINE('',#13939,#6787);
#5787=LINE('',#13941,#6788);
#5788=LINE('',#13943,#6789);
#5789=LINE('',#13945,#6790);
#5790=LINE('',#13949,#6791);
#5791=LINE('',#13953,#6792);
#5792=LINE('',#13955,#6793);
#5793=LINE('',#13957,#6794);
#5794=LINE('',#13961,#6795);
#5795=LINE('',#13965,#6796);
#5796=LINE('',#13967,#6797);
#5797=LINE('',#13969,#6798);
#5798=LINE('',#13971,#6799);
#5799=LINE('',#13972,#6800);
#5800=LINE('',#13998,#6801);
#5801=LINE('',#13999,#6802);
#5802=LINE('',#14001,#6803);
#5803=LINE('',#14002,#6804);
#5804=LINE('',#14004,#6805);
#5805=LINE('',#14005,#6806);
#5806=LINE('',#14007,#6807);
#5807=LINE('',#14008,#6808);
#5808=LINE('',#14010,#6809);
#5809=LINE('',#14011,#6810);
#5810=LINE('',#14013,#6811);
#5811=LINE('',#14014,#6812);
#5812=LINE('',#14016,#6813);
#5813=LINE('',#14017,#6814);
#5814=LINE('',#14019,#6815);
#5815=LINE('',#14020,#6816);
#5816=LINE('',#14022,#6817);
#5817=LINE('',#14023,#6818);
#5818=LINE('',#14025,#6819);
#5819=LINE('',#14026,#6820);
#5820=LINE('',#14028,#6821);
#5821=LINE('',#14029,#6822);
#5822=LINE('',#14031,#6823);
#5823=LINE('',#14032,#6824);
#5824=LINE('',#14034,#6825);
#5825=LINE('',#14035,#6826);
#5826=LINE('',#14037,#6827);
#5827=LINE('',#14038,#6828);
#5828=LINE('',#14040,#6829);
#5829=LINE('',#14041,#6830);
#5830=LINE('',#14043,#6831);
#5831=LINE('',#14044,#6832);
#5832=LINE('',#14046,#6833);
#5833=LINE('',#14047,#6834);
#5834=LINE('',#14049,#6835);
#5835=LINE('',#14050,#6836);
#5836=LINE('',#14052,#6837);
#5837=LINE('',#14053,#6838);
#5838=LINE('',#14055,#6839);
#5839=LINE('',#14056,#6840);
#5840=LINE('',#14058,#6841);
#5841=LINE('',#14059,#6842);
#5842=LINE('',#14061,#6843);
#5843=LINE('',#14062,#6844);
#5844=LINE('',#14064,#6845);
#5845=LINE('',#14065,#6846);
#5846=LINE('',#14067,#6847);
#5847=LINE('',#14068,#6848);
#5848=LINE('',#14070,#6849);
#5849=LINE('',#14071,#6850);
#5850=LINE('',#14073,#6851);
#5851=LINE('',#14074,#6852);
#5852=LINE('',#14076,#6853);
#5853=LINE('',#14077,#6854);
#5854=LINE('',#14079,#6855);
#5855=LINE('',#14080,#6856);
#5856=LINE('',#14082,#6857);
#5857=LINE('',#14083,#6858);
#5858=LINE('',#14085,#6859);
#5859=LINE('',#14086,#6860);
#5860=LINE('',#14088,#6861);
#5861=LINE('',#14089,#6862);
#5862=LINE('',#14091,#6863);
#5863=LINE('',#14092,#6864);
#5864=LINE('',#14094,#6865);
#5865=LINE('',#14095,#6866);
#5866=LINE('',#14097,#6867);
#5867=LINE('',#14098,#6868);
#5868=LINE('',#14100,#6869);
#5869=LINE('',#14101,#6870);
#5870=LINE('',#14103,#6871);
#5871=LINE('',#14104,#6872);
#5872=LINE('',#14106,#6873);
#5873=LINE('',#14107,#6874);
#5874=LINE('',#14109,#6875);
#5875=LINE('',#14110,#6876);
#5876=LINE('',#14112,#6877);
#5877=LINE('',#14113,#6878);
#5878=LINE('',#14115,#6879);
#5879=LINE('',#14116,#6880);
#5880=LINE('',#14118,#6881);
#5881=LINE('',#14119,#6882);
#5882=LINE('',#14121,#6883);
#5883=LINE('',#14122,#6884);
#5884=LINE('',#14124,#6885);
#5885=LINE('',#14125,#6886);
#5886=LINE('',#14127,#6887);
#5887=LINE('',#14128,#6888);
#5888=LINE('',#14130,#6889);
#5889=LINE('',#14131,#6890);
#5890=LINE('',#14133,#6891);
#5891=LINE('',#14134,#6892);
#5892=LINE('',#14136,#6893);
#5893=LINE('',#14137,#6894);
#5894=LINE('',#14139,#6895);
#5895=LINE('',#14140,#6896);
#5896=LINE('',#14142,#6897);
#5897=LINE('',#14143,#6898);
#5898=LINE('',#14145,#6899);
#5899=LINE('',#14146,#6900);
#5900=LINE('',#14148,#6901);
#5901=LINE('',#14149,#6902);
#5902=LINE('',#14151,#6903);
#5903=LINE('',#14152,#6904);
#5904=LINE('',#14154,#6905);
#5905=LINE('',#14155,#6906);
#5906=LINE('',#14157,#6907);
#5907=LINE('',#14158,#6908);
#5908=LINE('',#14160,#6909);
#5909=LINE('',#14161,#6910);
#5910=LINE('',#14163,#6911);
#5911=LINE('',#14164,#6912);
#5912=VECTOR('',#9379,1.);
#5913=VECTOR('',#9380,1.);
#5914=VECTOR('',#9381,1.);
#5915=VECTOR('',#9382,1.);
#5916=VECTOR('',#9385,1.);
#5917=VECTOR('',#9386,1.);
#5918=VECTOR('',#9387,1.);
#5919=VECTOR('',#9390,1.);
#5920=VECTOR('',#9391,1.);
#5921=VECTOR('',#9392,1.);
#5922=VECTOR('',#9395,1.);
#5923=VECTOR('',#9396,1.);
#5924=VECTOR('',#9397,1.);
#5925=VECTOR('',#9398,1.);
#5926=VECTOR('',#9401,1.);
#5927=VECTOR('',#9402,1.);
#5928=VECTOR('',#9403,1.);
#5929=VECTOR('',#9406,1.);
#5930=VECTOR('',#9407,1.);
#5931=VECTOR('',#9408,1.);
#5932=VECTOR('',#9413,1.);
#5933=VECTOR('',#9416,1.);
#5934=VECTOR('',#9421,1.);
#5935=VECTOR('',#9428,1.);
#5936=VECTOR('',#9435,1.);
#5937=VECTOR('',#9442,1.);
#5938=VECTOR('',#9449,1.);
#5939=VECTOR('',#9452,1.);
#5940=VECTOR('',#9457,1.);
#5941=VECTOR('',#9464,1.);
#5942=VECTOR('',#9471,1.);
#5943=VECTOR('',#9478,1.);
#5944=VECTOR('',#9485,1.);
#5945=VECTOR('',#9488,1.);
#5946=VECTOR('',#9493,1.);
#5947=VECTOR('',#9500,1.);
#5948=VECTOR('',#9507,1.);
#5949=VECTOR('',#9514,1.);
#5950=VECTOR('',#9521,1.);
#5951=VECTOR('',#9524,1.);
#5952=VECTOR('',#9529,1.);
#5953=VECTOR('',#9536,1.);
#5954=VECTOR('',#9543,1.);
#5955=VECTOR('',#9550,1.);
#5956=VECTOR('',#9557,1.);
#5957=VECTOR('',#9560,1.);
#5958=VECTOR('',#9565,1.);
#5959=VECTOR('',#9572,1.);
#5960=VECTOR('',#9579,1.);
#5961=VECTOR('',#9586,1.);
#5962=VECTOR('',#9593,1.);
#5963=VECTOR('',#9596,1.);
#5964=VECTOR('',#9601,1.);
#5965=VECTOR('',#9608,1.);
#5966=VECTOR('',#9615,1.);
#5967=VECTOR('',#9622,1.);
#5968=VECTOR('',#9629,1.);
#5969=VECTOR('',#9632,1.);
#5970=VECTOR('',#9637,1.);
#5971=VECTOR('',#9644,1.);
#5972=VECTOR('',#9651,1.);
#5973=VECTOR('',#9658,1.);
#5974=VECTOR('',#9665,1.);
#5975=VECTOR('',#9668,1.);
#5976=VECTOR('',#9673,1.);
#5977=VECTOR('',#9680,1.);
#5978=VECTOR('',#9687,1.);
#5979=VECTOR('',#9694,1.);
#5980=VECTOR('',#9699,1.);
#5981=VECTOR('',#9700,1.);
#5982=VECTOR('',#9701,1.);
#5983=VECTOR('',#9702,1.);
#5984=VECTOR('',#9705,1.);
#5985=VECTOR('',#9706,1.);
#5986=VECTOR('',#9707,1.);
#5987=VECTOR('',#9710,1.);
#5988=VECTOR('',#9711,1.);
#5989=VECTOR('',#9712,1.);
#5990=VECTOR('',#9715,1.);
#5991=VECTOR('',#9716,1.);
#5992=VECTOR('',#9717,1.);
#5993=VECTOR('',#9718,1.);
#5994=VECTOR('',#9721,1.);
#5995=VECTOR('',#9722,1.);
#5996=VECTOR('',#9723,1.);
#5997=VECTOR('',#9726,1.);
#5998=VECTOR('',#9727,1.);
#5999=VECTOR('',#9728,1.);
#6000=VECTOR('',#9731,1.);
#6001=VECTOR('',#9732,1.);
#6002=VECTOR('',#9733,1.);
#6003=VECTOR('',#9734,1.);
#6004=VECTOR('',#9737,1.);
#6005=VECTOR('',#9738,1.);
#6006=VECTOR('',#9739,1.);
#6007=VECTOR('',#9742,1.);
#6008=VECTOR('',#9743,1.);
#6009=VECTOR('',#9744,1.);
#6010=VECTOR('',#9747,1.);
#6011=VECTOR('',#9748,1.);
#6012=VECTOR('',#9749,1.);
#6013=VECTOR('',#9750,1.);
#6014=VECTOR('',#9753,1.);
#6015=VECTOR('',#9754,1.);
#6016=VECTOR('',#9755,1.);
#6017=VECTOR('',#9758,1.);
#6018=VECTOR('',#9759,1.);
#6019=VECTOR('',#9760,1.);
#6020=VECTOR('',#9763,1.);
#6021=VECTOR('',#9764,1.);
#6022=VECTOR('',#9765,1.);
#6023=VECTOR('',#9766,1.);
#6024=VECTOR('',#9769,1.);
#6025=VECTOR('',#9770,1.);
#6026=VECTOR('',#9771,1.);
#6027=VECTOR('',#9774,1.);
#6028=VECTOR('',#9775,1.);
#6029=VECTOR('',#9776,1.);
#6030=VECTOR('',#9779,1.);
#6031=VECTOR('',#9780,1.);
#6032=VECTOR('',#9781,1.);
#6033=VECTOR('',#9782,1.);
#6034=VECTOR('',#9785,1.);
#6035=VECTOR('',#9786,1.);
#6036=VECTOR('',#9787,1.);
#6037=VECTOR('',#9790,1.);
#6038=VECTOR('',#9791,1.);
#6039=VECTOR('',#9792,1.);
#6040=VECTOR('',#9795,1.);
#6041=VECTOR('',#9796,1.);
#6042=VECTOR('',#9797,1.);
#6043=VECTOR('',#9798,1.);
#6044=VECTOR('',#9801,1.);
#6045=VECTOR('',#9802,1.);
#6046=VECTOR('',#9803,1.);
#6047=VECTOR('',#9806,1.);
#6048=VECTOR('',#9807,1.);
#6049=VECTOR('',#9808,1.);
#6050=VECTOR('',#9811,1.);
#6051=VECTOR('',#9812,1.);
#6052=VECTOR('',#9813,1.);
#6053=VECTOR('',#9814,1.);
#6054=VECTOR('',#9817,1.);
#6055=VECTOR('',#9818,1.);
#6056=VECTOR('',#9819,1.);
#6057=VECTOR('',#9822,1.);
#6058=VECTOR('',#9823,1.);
#6059=VECTOR('',#9824,1.);
#6060=VECTOR('',#9827,1.);
#6061=VECTOR('',#9828,1.);
#6062=VECTOR('',#9829,1.);
#6063=VECTOR('',#9830,1.);
#6064=VECTOR('',#9833,1.);
#6065=VECTOR('',#9834,1.);
#6066=VECTOR('',#9835,1.);
#6067=VECTOR('',#9838,1.);
#6068=VECTOR('',#9839,1.);
#6069=VECTOR('',#9840,1.);
#6070=VECTOR('',#9843,1.);
#6071=VECTOR('',#9844,1.);
#6072=VECTOR('',#9845,1.);
#6073=VECTOR('',#9846,1.);
#6074=VECTOR('',#9849,1.);
#6075=VECTOR('',#9850,1.);
#6076=VECTOR('',#9851,1.);
#6077=VECTOR('',#9854,1.);
#6078=VECTOR('',#9855,1.);
#6079=VECTOR('',#9856,1.);
#6080=VECTOR('',#9859,1.);
#6081=VECTOR('',#9860,1.);
#6082=VECTOR('',#9861,1.);
#6083=VECTOR('',#9862,1.);
#6084=VECTOR('',#9865,1.);
#6085=VECTOR('',#9866,1.);
#6086=VECTOR('',#9867,1.);
#6087=VECTOR('',#9870,1.);
#6088=VECTOR('',#9871,1.);
#6089=VECTOR('',#9872,1.);
#6090=VECTOR('',#9875,1.);
#6091=VECTOR('',#9876,1.);
#6092=VECTOR('',#9877,1.);
#6093=VECTOR('',#9878,1.);
#6094=VECTOR('',#9881,1.);
#6095=VECTOR('',#9882,1.);
#6096=VECTOR('',#9883,1.);
#6097=VECTOR('',#9886,1.);
#6098=VECTOR('',#9887,1.);
#6099=VECTOR('',#9888,1.);
#6100=VECTOR('',#9891,1.);
#6101=VECTOR('',#9892,1.);
#6102=VECTOR('',#9893,1.);
#6103=VECTOR('',#9894,1.);
#6104=VECTOR('',#9897,1.);
#6105=VECTOR('',#9898,1.);
#6106=VECTOR('',#9899,1.);
#6107=VECTOR('',#9902,1.);
#6108=VECTOR('',#9903,1.);
#6109=VECTOR('',#9904,1.);
#6110=VECTOR('',#9907,1.);
#6111=VECTOR('',#9908,1.);
#6112=VECTOR('',#9909,1.);
#6113=VECTOR('',#9910,1.);
#6114=VECTOR('',#9913,1.);
#6115=VECTOR('',#9914,1.);
#6116=VECTOR('',#9915,1.);
#6117=VECTOR('',#9918,1.);
#6118=VECTOR('',#9919,1.);
#6119=VECTOR('',#9920,1.);
#6120=VECTOR('',#9923,1.);
#6121=VECTOR('',#9924,1.);
#6122=VECTOR('',#9925,1.);
#6123=VECTOR('',#9926,1.);
#6124=VECTOR('',#9929,1.);
#6125=VECTOR('',#9930,1.);
#6126=VECTOR('',#9931,1.);
#6127=VECTOR('',#9934,1.);
#6128=VECTOR('',#9935,1.);
#6129=VECTOR('',#9936,1.);
#6130=VECTOR('',#9939,1.);
#6131=VECTOR('',#9940,1.);
#6132=VECTOR('',#9941,1.);
#6133=VECTOR('',#9942,1.);
#6134=VECTOR('',#9945,1.);
#6135=VECTOR('',#9946,1.);
#6136=VECTOR('',#9947,1.);
#6137=VECTOR('',#9950,1.);
#6138=VECTOR('',#9951,1.);
#6139=VECTOR('',#9952,1.);
#6140=VECTOR('',#9955,1.);
#6141=VECTOR('',#9956,1.);
#6142=VECTOR('',#9957,1.);
#6143=VECTOR('',#9958,1.);
#6144=VECTOR('',#9961,1.);
#6145=VECTOR('',#9962,1.);
#6146=VECTOR('',#9963,1.);
#6147=VECTOR('',#9966,1.);
#6148=VECTOR('',#9967,1.);
#6149=VECTOR('',#9968,1.);
#6150=VECTOR('',#9971,1.);
#6151=VECTOR('',#9972,1.);
#6152=VECTOR('',#9973,1.);
#6153=VECTOR('',#9974,1.);
#6154=VECTOR('',#9977,1.);
#6155=VECTOR('',#9978,1.);
#6156=VECTOR('',#9979,1.);
#6157=VECTOR('',#9982,1.);
#6158=VECTOR('',#9983,1.);
#6159=VECTOR('',#9984,1.);
#6160=VECTOR('',#9987,1.);
#6161=VECTOR('',#9988,1.);
#6162=VECTOR('',#9989,1.);
#6163=VECTOR('',#9990,1.);
#6164=VECTOR('',#9993,1.);
#6165=VECTOR('',#9994,1.);
#6166=VECTOR('',#9995,1.);
#6167=VECTOR('',#9998,1.);
#6168=VECTOR('',#9999,1.);
#6169=VECTOR('',#10000,1.);
#6170=VECTOR('',#10003,1.);
#6171=VECTOR('',#10004,1.);
#6172=VECTOR('',#10005,1.);
#6173=VECTOR('',#10006,1.);
#6174=VECTOR('',#10009,1.);
#6175=VECTOR('',#10010,1.);
#6176=VECTOR('',#10011,1.);
#6177=VECTOR('',#10014,1.);
#6178=VECTOR('',#10015,1.);
#6179=VECTOR('',#10016,1.);
#6180=VECTOR('',#10019,1.);
#6181=VECTOR('',#10020,1.);
#6182=VECTOR('',#10021,1.);
#6183=VECTOR('',#10022,1.);
#6184=VECTOR('',#10025,1.);
#6185=VECTOR('',#10026,1.);
#6186=VECTOR('',#10027,1.);
#6187=VECTOR('',#10030,1.);
#6188=VECTOR('',#10031,1.);
#6189=VECTOR('',#10032,1.);
#6190=VECTOR('',#10035,1.);
#6191=VECTOR('',#10036,1.);
#6192=VECTOR('',#10037,1.);
#6193=VECTOR('',#10038,1.);
#6194=VECTOR('',#10041,1.);
#6195=VECTOR('',#10042,1.);
#6196=VECTOR('',#10043,1.);
#6197=VECTOR('',#10046,1.);
#6198=VECTOR('',#10047,1.);
#6199=VECTOR('',#10048,1.);
#6200=VECTOR('',#10051,1.);
#6201=VECTOR('',#10052,1.);
#6202=VECTOR('',#10053,1.);
#6203=VECTOR('',#10054,1.);
#6204=VECTOR('',#10057,1.);
#6205=VECTOR('',#10058,1.);
#6206=VECTOR('',#10059,1.);
#6207=VECTOR('',#10062,1.);
#6208=VECTOR('',#10063,1.);
#6209=VECTOR('',#10064,1.);
#6210=VECTOR('',#10067,1.);
#6211=VECTOR('',#10068,1.);
#6212=VECTOR('',#10069,1.);
#6213=VECTOR('',#10070,1.);
#6214=VECTOR('',#10073,1.);
#6215=VECTOR('',#10074,1.);
#6216=VECTOR('',#10075,1.);
#6217=VECTOR('',#10078,1.);
#6218=VECTOR('',#10079,1.);
#6219=VECTOR('',#10080,1.);
#6220=VECTOR('',#10083,1.);
#6221=VECTOR('',#10084,1.);
#6222=VECTOR('',#10085,1.);
#6223=VECTOR('',#10086,1.);
#6224=VECTOR('',#10089,1.);
#6225=VECTOR('',#10090,1.);
#6226=VECTOR('',#10091,1.);
#6227=VECTOR('',#10094,1.);
#6228=VECTOR('',#10095,1.);
#6229=VECTOR('',#10096,1.);
#6230=VECTOR('',#10099,1.);
#6231=VECTOR('',#10100,1.);
#6232=VECTOR('',#10101,1.);
#6233=VECTOR('',#10102,1.);
#6234=VECTOR('',#10105,1.);
#6235=VECTOR('',#10106,1.);
#6236=VECTOR('',#10107,1.);
#6237=VECTOR('',#10110,1.);
#6238=VECTOR('',#10111,1.);
#6239=VECTOR('',#10112,1.);
#6240=VECTOR('',#10115,1.);
#6241=VECTOR('',#10116,1.);
#6242=VECTOR('',#10117,1.);
#6243=VECTOR('',#10118,1.);
#6244=VECTOR('',#10121,1.);
#6245=VECTOR('',#10122,1.);
#6246=VECTOR('',#10123,1.);
#6247=VECTOR('',#10126,1.);
#6248=VECTOR('',#10127,1.);
#6249=VECTOR('',#10128,1.);
#6250=VECTOR('',#10131,1.);
#6251=VECTOR('',#10132,1.);
#6252=VECTOR('',#10133,1.);
#6253=VECTOR('',#10134,1.);
#6254=VECTOR('',#10137,1.);
#6255=VECTOR('',#10138,1.);
#6256=VECTOR('',#10139,1.);
#6257=VECTOR('',#10142,1.);
#6258=VECTOR('',#10143,1.);
#6259=VECTOR('',#10144,1.);
#6260=VECTOR('',#10147,1.);
#6261=VECTOR('',#10148,1.);
#6262=VECTOR('',#10149,1.);
#6263=VECTOR('',#10150,1.);
#6264=VECTOR('',#10153,1.);
#6265=VECTOR('',#10154,1.);
#6266=VECTOR('',#10155,1.);
#6267=VECTOR('',#10158,1.);
#6268=VECTOR('',#10159,1.);
#6269=VECTOR('',#10160,1.);
#6270=VECTOR('',#10163,1.);
#6271=VECTOR('',#10164,1.);
#6272=VECTOR('',#10165,1.);
#6273=VECTOR('',#10166,1.);
#6274=VECTOR('',#10169,1.);
#6275=VECTOR('',#10170,1.);
#6276=VECTOR('',#10171,1.);
#6277=VECTOR('',#10174,1.);
#6278=VECTOR('',#10175,1.);
#6279=VECTOR('',#10176,1.);
#6280=VECTOR('',#10179,1.);
#6281=VECTOR('',#10180,1.);
#6282=VECTOR('',#10181,1.);
#6283=VECTOR('',#10182,1.);
#6284=VECTOR('',#10185,1.);
#6285=VECTOR('',#10186,1.);
#6286=VECTOR('',#10187,1.);
#6287=VECTOR('',#10190,1.);
#6288=VECTOR('',#10191,1.);
#6289=VECTOR('',#10192,1.);
#6290=VECTOR('',#10195,1.);
#6291=VECTOR('',#10196,1.);
#6292=VECTOR('',#10197,1.);
#6293=VECTOR('',#10198,1.);
#6294=VECTOR('',#10201,1.);
#6295=VECTOR('',#10202,1.);
#6296=VECTOR('',#10203,1.);
#6297=VECTOR('',#10206,1.);
#6298=VECTOR('',#10207,1.);
#6299=VECTOR('',#10208,1.);
#6300=VECTOR('',#10211,1.);
#6301=VECTOR('',#10212,1.);
#6302=VECTOR('',#10213,1.);
#6303=VECTOR('',#10214,1.);
#6304=VECTOR('',#10217,1.);
#6305=VECTOR('',#10218,1.);
#6306=VECTOR('',#10219,1.);
#6307=VECTOR('',#10222,1.);
#6308=VECTOR('',#10223,1.);
#6309=VECTOR('',#10224,1.);
#6310=VECTOR('',#10227,1.);
#6311=VECTOR('',#10228,1.);
#6312=VECTOR('',#10229,1.);
#6313=VECTOR('',#10230,1.);
#6314=VECTOR('',#10233,1.);
#6315=VECTOR('',#10234,1.);
#6316=VECTOR('',#10235,1.);
#6317=VECTOR('',#10238,1.);
#6318=VECTOR('',#10239,1.);
#6319=VECTOR('',#10240,1.);
#6320=VECTOR('',#10243,1.);
#6321=VECTOR('',#10244,1.);
#6322=VECTOR('',#10245,1.);
#6323=VECTOR('',#10246,1.);
#6324=VECTOR('',#10249,1.);
#6325=VECTOR('',#10250,1.);
#6326=VECTOR('',#10251,1.);
#6327=VECTOR('',#10254,1.);
#6328=VECTOR('',#10255,1.);
#6329=VECTOR('',#10256,1.);
#6330=VECTOR('',#10259,1.);
#6331=VECTOR('',#10260,1.);
#6332=VECTOR('',#10261,1.);
#6333=VECTOR('',#10262,1.);
#6334=VECTOR('',#10265,1.);
#6335=VECTOR('',#10266,1.);
#6336=VECTOR('',#10267,1.);
#6337=VECTOR('',#10270,1.);
#6338=VECTOR('',#10271,1.);
#6339=VECTOR('',#10272,1.);
#6340=VECTOR('',#10275,1.);
#6341=VECTOR('',#10276,1.);
#6342=VECTOR('',#10277,1.);
#6343=VECTOR('',#10278,1.);
#6344=VECTOR('',#10281,1.);
#6345=VECTOR('',#10282,1.);
#6346=VECTOR('',#10283,1.);
#6347=VECTOR('',#10286,1.);
#6348=VECTOR('',#10287,1.);
#6349=VECTOR('',#10288,1.);
#6350=VECTOR('',#10291,1.);
#6351=VECTOR('',#10292,1.);
#6352=VECTOR('',#10293,1.);
#6353=VECTOR('',#10294,1.);
#6354=VECTOR('',#10297,1.);
#6355=VECTOR('',#10298,1.);
#6356=VECTOR('',#10299,1.);
#6357=VECTOR('',#10302,1.);
#6358=VECTOR('',#10303,1.);
#6359=VECTOR('',#10304,1.);
#6360=VECTOR('',#10307,1.);
#6361=VECTOR('',#10308,1.);
#6362=VECTOR('',#10309,1.);
#6363=VECTOR('',#10310,1.);
#6364=VECTOR('',#10313,1.);
#6365=VECTOR('',#10314,1.);
#6366=VECTOR('',#10315,1.);
#6367=VECTOR('',#10318,1.);
#6368=VECTOR('',#10319,1.);
#6369=VECTOR('',#10320,1.);
#6370=VECTOR('',#10323,1.);
#6371=VECTOR('',#10324,1.);
#6372=VECTOR('',#10325,1.);
#6373=VECTOR('',#10326,1.);
#6374=VECTOR('',#10329,1.);
#6375=VECTOR('',#10330,1.);
#6376=VECTOR('',#10331,1.);
#6377=VECTOR('',#10334,1.);
#6378=VECTOR('',#10335,1.);
#6379=VECTOR('',#10336,1.);
#6380=VECTOR('',#10339,1.);
#6381=VECTOR('',#10340,1.);
#6382=VECTOR('',#10341,1.);
#6383=VECTOR('',#10342,1.);
#6384=VECTOR('',#10345,1.);
#6385=VECTOR('',#10346,1.);
#6386=VECTOR('',#10347,1.);
#6387=VECTOR('',#10350,1.);
#6388=VECTOR('',#10351,1.);
#6389=VECTOR('',#10352,1.);
#6390=VECTOR('',#10355,1.);
#6391=VECTOR('',#10356,1.);
#6392=VECTOR('',#10357,1.);
#6393=VECTOR('',#10358,1.);
#6394=VECTOR('',#10361,1.);
#6395=VECTOR('',#10362,1.);
#6396=VECTOR('',#10363,1.);
#6397=VECTOR('',#10366,1.);
#6398=VECTOR('',#10367,1.);
#6399=VECTOR('',#10368,1.);
#6400=VECTOR('',#10371,1.);
#6401=VECTOR('',#10372,1.);
#6402=VECTOR('',#10373,1.);
#6403=VECTOR('',#10374,1.);
#6404=VECTOR('',#10377,1.);
#6405=VECTOR('',#10378,1.);
#6406=VECTOR('',#10379,1.);
#6407=VECTOR('',#10382,1.);
#6408=VECTOR('',#10383,1.);
#6409=VECTOR('',#10384,1.);
#6410=VECTOR('',#10387,1.);
#6411=VECTOR('',#10388,1.);
#6412=VECTOR('',#10389,1.);
#6413=VECTOR('',#10390,1.);
#6414=VECTOR('',#10393,1.);
#6415=VECTOR('',#10394,1.);
#6416=VECTOR('',#10395,1.);
#6417=VECTOR('',#10398,1.);
#6418=VECTOR('',#10399,1.);
#6419=VECTOR('',#10400,1.);
#6420=VECTOR('',#10403,1.);
#6421=VECTOR('',#10404,1.);
#6422=VECTOR('',#10405,1.);
#6423=VECTOR('',#10406,1.);
#6424=VECTOR('',#10409,1.);
#6425=VECTOR('',#10410,1.);
#6426=VECTOR('',#10411,1.);
#6427=VECTOR('',#10414,1.);
#6428=VECTOR('',#10415,1.);
#6429=VECTOR('',#10416,1.);
#6430=VECTOR('',#10419,1.);
#6431=VECTOR('',#10420,1.);
#6432=VECTOR('',#10421,1.);
#6433=VECTOR('',#10422,1.);
#6434=VECTOR('',#10425,1.);
#6435=VECTOR('',#10426,1.);
#6436=VECTOR('',#10427,1.);
#6437=VECTOR('',#10430,1.);
#6438=VECTOR('',#10431,1.);
#6439=VECTOR('',#10432,1.);
#6440=VECTOR('',#10435,1.);
#6441=VECTOR('',#10436,1.);
#6442=VECTOR('',#10437,1.);
#6443=VECTOR('',#10438,1.);
#6444=VECTOR('',#10441,1.);
#6445=VECTOR('',#10442,1.);
#6446=VECTOR('',#10443,1.);
#6447=VECTOR('',#10446,1.);
#6448=VECTOR('',#10447,1.);
#6449=VECTOR('',#10448,1.);
#6450=VECTOR('',#10451,1.);
#6451=VECTOR('',#10452,1.);
#6452=VECTOR('',#10453,1.);
#6453=VECTOR('',#10454,1.);
#6454=VECTOR('',#10457,1.);
#6455=VECTOR('',#10458,1.);
#6456=VECTOR('',#10459,1.);
#6457=VECTOR('',#10462,1.);
#6458=VECTOR('',#10463,1.);
#6459=VECTOR('',#10464,1.);
#6460=VECTOR('',#10467,1.);
#6461=VECTOR('',#10468,1.);
#6462=VECTOR('',#10469,1.);
#6463=VECTOR('',#10470,1.);
#6464=VECTOR('',#10473,1.);
#6465=VECTOR('',#10474,1.);
#6466=VECTOR('',#10475,1.);
#6467=VECTOR('',#10478,1.);
#6468=VECTOR('',#10479,1.);
#6469=VECTOR('',#10480,1.);
#6470=VECTOR('',#10483,1.);
#6471=VECTOR('',#10484,1.);
#6472=VECTOR('',#10485,1.);
#6473=VECTOR('',#10486,1.);
#6474=VECTOR('',#10489,1.);
#6475=VECTOR('',#10490,1.);
#6476=VECTOR('',#10491,1.);
#6477=VECTOR('',#10494,1.);
#6478=VECTOR('',#10495,1.);
#6479=VECTOR('',#10496,1.);
#6480=VECTOR('',#10499,1.);
#6481=VECTOR('',#10500,1.);
#6482=VECTOR('',#10501,1.);
#6483=VECTOR('',#10502,1.);
#6484=VECTOR('',#10505,1.);
#6485=VECTOR('',#10506,1.);
#6486=VECTOR('',#10507,1.);
#6487=VECTOR('',#10510,1.);
#6488=VECTOR('',#10511,1.);
#6489=VECTOR('',#10512,1.);
#6490=VECTOR('',#10515,1.);
#6491=VECTOR('',#10516,1.);
#6492=VECTOR('',#10517,1.);
#6493=VECTOR('',#10518,1.);
#6494=VECTOR('',#10521,1.);
#6495=VECTOR('',#10522,1.);
#6496=VECTOR('',#10523,1.);
#6497=VECTOR('',#10526,1.);
#6498=VECTOR('',#10527,1.);
#6499=VECTOR('',#10528,1.);
#6500=VECTOR('',#10531,1.);
#6501=VECTOR('',#10532,1.);
#6502=VECTOR('',#10533,1.);
#6503=VECTOR('',#10534,1.);
#6504=VECTOR('',#10537,1.);
#6505=VECTOR('',#10538,1.);
#6506=VECTOR('',#10539,1.);
#6507=VECTOR('',#10542,1.);
#6508=VECTOR('',#10543,1.);
#6509=VECTOR('',#10544,1.);
#6510=VECTOR('',#10547,1.);
#6511=VECTOR('',#10548,1.);
#6512=VECTOR('',#10549,1.);
#6513=VECTOR('',#10550,1.);
#6514=VECTOR('',#10553,1.);
#6515=VECTOR('',#10554,1.);
#6516=VECTOR('',#10555,1.);
#6517=VECTOR('',#10558,1.);
#6518=VECTOR('',#10559,1.);
#6519=VECTOR('',#10560,1.);
#6520=VECTOR('',#10563,1.);
#6521=VECTOR('',#10564,1.);
#6522=VECTOR('',#10565,1.);
#6523=VECTOR('',#10566,1.);
#6524=VECTOR('',#10571,1.);
#6525=VECTOR('',#10578,1.);
#6526=VECTOR('',#10583,1.);
#6527=VECTOR('',#10584,1.);
#6528=VECTOR('',#10585,1.);
#6529=VECTOR('',#10590,1.);
#6530=VECTOR('',#10595,1.);
#6531=VECTOR('',#10596,1.);
#6532=VECTOR('',#10597,1.);
#6533=VECTOR('',#10602,1.);
#6534=VECTOR('',#10607,1.);
#6535=VECTOR('',#10608,1.);
#6536=VECTOR('',#10609,1.);
#6537=VECTOR('',#10614,1.);
#6538=VECTOR('',#10619,1.);
#6539=VECTOR('',#10620,1.);
#6540=VECTOR('',#10621,1.);
#6541=VECTOR('',#10626,1.);
#6542=VECTOR('',#10631,1.);
#6543=VECTOR('',#10634,1.);
#6544=VECTOR('',#10635,1.);
#6545=VECTOR('',#10636,1.);
#6546=VECTOR('',#10641,1.);
#6547=VECTOR('',#10646,1.);
#6548=VECTOR('',#10647,1.);
#6549=VECTOR('',#10648,1.);
#6550=VECTOR('',#10653,1.);
#6551=VECTOR('',#10660,1.);
#6552=VECTOR('',#10665,1.);
#6553=VECTOR('',#10666,1.);
#6554=VECTOR('',#10667,1.);
#6555=VECTOR('',#10672,1.);
#6556=VECTOR('',#10677,1.);
#6557=VECTOR('',#10678,1.);
#6558=VECTOR('',#10679,1.);
#6559=VECTOR('',#10684,1.);
#6560=VECTOR('',#10689,1.);
#6561=VECTOR('',#10690,1.);
#6562=VECTOR('',#10691,1.);
#6563=VECTOR('',#10696,1.);
#6564=VECTOR('',#10701,1.);
#6565=VECTOR('',#10702,1.);
#6566=VECTOR('',#10703,1.);
#6567=VECTOR('',#10708,1.);
#6568=VECTOR('',#10713,1.);
#6569=VECTOR('',#10714,1.);
#6570=VECTOR('',#10715,1.);
#6571=VECTOR('',#10720,1.);
#6572=VECTOR('',#10725,1.);
#6573=VECTOR('',#10726,1.);
#6574=VECTOR('',#10727,1.);
#6575=VECTOR('',#10732,1.);
#6576=VECTOR('',#10737,1.);
#6577=VECTOR('',#10738,1.);
#6578=VECTOR('',#10739,1.);
#6579=VECTOR('',#10744,1.);
#6580=VECTOR('',#10749,1.);
#6581=VECTOR('',#10750,1.);
#6582=VECTOR('',#10751,1.);
#6583=VECTOR('',#10756,1.);
#6584=VECTOR('',#10761,1.);
#6585=VECTOR('',#10762,1.);
#6586=VECTOR('',#10763,1.);
#6587=VECTOR('',#10768,1.);
#6588=VECTOR('',#10773,1.);
#6589=VECTOR('',#10774,1.);
#6590=VECTOR('',#10775,1.);
#6591=VECTOR('',#10780,1.);
#6592=VECTOR('',#10785,1.);
#6593=VECTOR('',#10786,1.);
#6594=VECTOR('',#10787,1.);
#6595=VECTOR('',#10792,1.);
#6596=VECTOR('',#10797,1.);
#6597=VECTOR('',#10798,1.);
#6598=VECTOR('',#10799,1.);
#6599=VECTOR('',#10804,1.);
#6600=VECTOR('',#10809,1.);
#6601=VECTOR('',#10810,1.);
#6602=VECTOR('',#10811,1.);
#6603=VECTOR('',#10814,1.);
#6604=VECTOR('',#10815,1.);
#6605=VECTOR('',#10816,1.);
#6606=VECTOR('',#10821,1.);
#6607=VECTOR('',#10826,1.);
#6608=VECTOR('',#10827,1.);
#6609=VECTOR('',#10828,1.);
#6610=VECTOR('',#10833,1.);
#6611=VECTOR('',#10838,1.);
#6612=VECTOR('',#10839,1.);
#6613=VECTOR('',#10840,1.);
#6614=VECTOR('',#10845,1.);
#6615=VECTOR('',#10850,1.);
#6616=VECTOR('',#10851,1.);
#6617=VECTOR('',#10852,1.);
#6618=VECTOR('',#10857,1.);
#6619=VECTOR('',#10862,1.);
#6620=VECTOR('',#10863,1.);
#6621=VECTOR('',#10864,1.);
#6622=VECTOR('',#10869,1.);
#6623=VECTOR('',#10874,1.);
#6624=VECTOR('',#10875,1.);
#6625=VECTOR('',#10876,1.);
#6626=VECTOR('',#10881,1.);
#6627=VECTOR('',#10886,1.);
#6628=VECTOR('',#10887,1.);
#6629=VECTOR('',#10888,1.);
#6630=VECTOR('',#10893,1.);
#6631=VECTOR('',#10898,1.);
#6632=VECTOR('',#10899,1.);
#6633=VECTOR('',#10900,1.);
#6634=VECTOR('',#10905,1.);
#6635=VECTOR('',#10910,1.);
#6636=VECTOR('',#10911,1.);
#6637=VECTOR('',#10912,1.);
#6638=VECTOR('',#10917,1.);
#6639=VECTOR('',#10922,1.);
#6640=VECTOR('',#10923,1.);
#6641=VECTOR('',#10924,1.);
#6642=VECTOR('',#10929,1.);
#6643=VECTOR('',#10934,1.);
#6644=VECTOR('',#10935,1.);
#6645=VECTOR('',#10936,1.);
#6646=VECTOR('',#10941,1.);
#6647=VECTOR('',#10946,1.);
#6648=VECTOR('',#10947,1.);
#6649=VECTOR('',#10948,1.);
#6650=VECTOR('',#10951,1.);
#6651=VECTOR('',#10952,1.);
#6652=VECTOR('',#10953,1.);
#6653=VECTOR('',#10958,1.);
#6654=VECTOR('',#10963,1.);
#6655=VECTOR('',#10964,1.);
#6656=VECTOR('',#10965,1.);
#6657=VECTOR('',#10970,1.);
#6658=VECTOR('',#10975,1.);
#6659=VECTOR('',#10976,1.);
#6660=VECTOR('',#10977,1.);
#6661=VECTOR('',#10982,1.);
#6662=VECTOR('',#10987,1.);
#6663=VECTOR('',#10988,1.);
#6664=VECTOR('',#10989,1.);
#6665=VECTOR('',#10994,1.);
#6666=VECTOR('',#10999,1.);
#6667=VECTOR('',#11000,1.);
#6668=VECTOR('',#11001,1.);
#6669=VECTOR('',#11006,1.);
#6670=VECTOR('',#11011,1.);
#6671=VECTOR('',#11012,1.);
#6672=VECTOR('',#11013,1.);
#6673=VECTOR('',#11018,1.);
#6674=VECTOR('',#11023,1.);
#6675=VECTOR('',#11024,1.);
#6676=VECTOR('',#11025,1.);
#6677=VECTOR('',#11030,1.);
#6678=VECTOR('',#11035,1.);
#6679=VECTOR('',#11036,1.);
#6680=VECTOR('',#11037,1.);
#6681=VECTOR('',#11042,1.);
#6682=VECTOR('',#11047,1.);
#6683=VECTOR('',#11048,1.);
#6684=VECTOR('',#11049,1.);
#6685=VECTOR('',#11054,1.);
#6686=VECTOR('',#11059,1.);
#6687=VECTOR('',#11060,1.);
#6688=VECTOR('',#11061,1.);
#6689=VECTOR('',#11066,1.);
#6690=VECTOR('',#11071,1.);
#6691=VECTOR('',#11072,1.);
#6692=VECTOR('',#11073,1.);
#6693=VECTOR('',#11078,1.);
#6694=VECTOR('',#11083,1.);
#6695=VECTOR('',#11084,1.);
#6696=VECTOR('',#11085,1.);
#6697=VECTOR('',#11088,1.);
#6698=VECTOR('',#11089,1.);
#6699=VECTOR('',#11090,1.);
#6700=VECTOR('',#11095,1.);
#6701=VECTOR('',#11100,1.);
#6702=VECTOR('',#11101,1.);
#6703=VECTOR('',#11102,1.);
#6704=VECTOR('',#11107,1.);
#6705=VECTOR('',#11114,1.);
#6706=VECTOR('',#11119,1.);
#6707=VECTOR('',#11120,1.);
#6708=VECTOR('',#11121,1.);
#6709=VECTOR('',#11126,1.);
#6710=VECTOR('',#11131,1.);
#6711=VECTOR('',#11132,1.);
#6712=VECTOR('',#11133,1.);
#6713=VECTOR('',#11138,1.);
#6714=VECTOR('',#11143,1.);
#6715=VECTOR('',#11144,1.);
#6716=VECTOR('',#11145,1.);
#6717=VECTOR('',#11150,1.);
#6718=VECTOR('',#11155,1.);
#6719=VECTOR('',#11156,1.);
#6720=VECTOR('',#11157,1.);
#6721=VECTOR('',#11162,1.);
#6722=VECTOR('',#11167,1.);
#6723=VECTOR('',#11168,1.);
#6724=VECTOR('',#11169,1.);
#6725=VECTOR('',#11174,1.);
#6726=VECTOR('',#11179,1.);
#6727=VECTOR('',#11180,1.);
#6728=VECTOR('',#11181,1.);
#6729=VECTOR('',#11186,1.);
#6730=VECTOR('',#11191,1.);
#6731=VECTOR('',#11192,1.);
#6732=VECTOR('',#11193,1.);
#6733=VECTOR('',#11198,1.);
#6734=VECTOR('',#11203,1.);
#6735=VECTOR('',#11204,1.);
#6736=VECTOR('',#11205,1.);
#6737=VECTOR('',#11210,1.);
#6738=VECTOR('',#11215,1.);
#6739=VECTOR('',#11216,1.);
#6740=VECTOR('',#11217,1.);
#6741=VECTOR('',#11222,1.);
#6742=VECTOR('',#11227,1.);
#6743=VECTOR('',#11228,1.);
#6744=VECTOR('',#11229,1.);
#6745=VECTOR('',#11234,1.);
#6746=VECTOR('',#11239,1.);
#6747=VECTOR('',#11240,1.);
#6748=VECTOR('',#11241,1.);
#6749=VECTOR('',#11246,1.);
#6750=VECTOR('',#11253,1.);
#6751=VECTOR('',#11260,1.);
#6752=VECTOR('',#11265,1.);
#6753=VECTOR('',#11266,1.);
#6754=VECTOR('',#11267,1.);
#6755=VECTOR('',#11272,1.);
#6756=VECTOR('',#11277,1.);
#6757=VECTOR('',#11278,1.);
#6758=VECTOR('',#11279,1.);
#6759=VECTOR('',#11284,1.);
#6760=VECTOR('',#11291,1.);
#6761=VECTOR('',#11296,1.);
#6762=VECTOR('',#11297,1.);
#6763=VECTOR('',#11298,1.);
#6764=VECTOR('',#11303,1.);
#6765=VECTOR('',#11308,1.);
#6766=VECTOR('',#11309,1.);
#6767=VECTOR('',#11310,1.);
#6768=VECTOR('',#11315,1.);
#6769=VECTOR('',#11320,1.);
#6770=VECTOR('',#11321,1.);
#6771=VECTOR('',#11322,1.);
#6772=VECTOR('',#11327,1.);
#6773=VECTOR('',#11334,1.);
#6774=VECTOR('',#11339,1.);
#6775=VECTOR('',#11340,1.);
#6776=VECTOR('',#11341,1.);
#6777=VECTOR('',#11344,1.);
#6778=VECTOR('',#11345,1.);
#6779=VECTOR('',#11346,1.);
#6780=VECTOR('',#11351,1.);
#6781=VECTOR('',#11356,1.);
#6782=VECTOR('',#11357,1.);
#6783=VECTOR('',#11358,1.);
#6784=VECTOR('',#11363,1.);
#6785=VECTOR('',#11368,1.);
#6786=VECTOR('',#11369,1.);
#6787=VECTOR('',#11370,1.);
#6788=VECTOR('',#11373,1.);
#6789=VECTOR('',#11374,1.);
#6790=VECTOR('',#11375,1.);
#6791=VECTOR('',#11380,1.);
#6792=VECTOR('',#11385,1.);
#6793=VECTOR('',#11386,1.);
#6794=VECTOR('',#11387,1.);
#6795=VECTOR('',#11392,1.);
#6796=VECTOR('',#11397,1.);
#6797=VECTOR('',#11398,1.);
#6798=VECTOR('',#11399,1.);
#6799=VECTOR('',#11402,1.);
#6800=VECTOR('',#11403,1.);
#6801=VECTOR('',#11454,1.);
#6802=VECTOR('',#11455,1.);
#6803=VECTOR('',#11458,1.);
#6804=VECTOR('',#11459,1.);
#6805=VECTOR('',#11462,1.);
#6806=VECTOR('',#11463,1.);
#6807=VECTOR('',#11466,1.);
#6808=VECTOR('',#11467,1.);
#6809=VECTOR('',#11470,1.);
#6810=VECTOR('',#11471,1.);
#6811=VECTOR('',#11474,1.);
#6812=VECTOR('',#11475,1.);
#6813=VECTOR('',#11478,1.);
#6814=VECTOR('',#11479,1.);
#6815=VECTOR('',#11482,1.);
#6816=VECTOR('',#11483,1.);
#6817=VECTOR('',#11486,1.);
#6818=VECTOR('',#11487,1.);
#6819=VECTOR('',#11490,1.);
#6820=VECTOR('',#11491,1.);
#6821=VECTOR('',#11494,1.);
#6822=VECTOR('',#11495,1.);
#6823=VECTOR('',#11498,1.);
#6824=VECTOR('',#11499,1.);
#6825=VECTOR('',#11502,1.);
#6826=VECTOR('',#11503,1.);
#6827=VECTOR('',#11506,1.);
#6828=VECTOR('',#11507,1.);
#6829=VECTOR('',#11510,1.);
#6830=VECTOR('',#11511,1.);
#6831=VECTOR('',#11514,1.);
#6832=VECTOR('',#11515,1.);
#6833=VECTOR('',#11518,1.);
#6834=VECTOR('',#11519,1.);
#6835=VECTOR('',#11522,1.);
#6836=VECTOR('',#11523,1.);
#6837=VECTOR('',#11526,1.);
#6838=VECTOR('',#11527,1.);
#6839=VECTOR('',#11530,1.);
#6840=VECTOR('',#11531,1.);
#6841=VECTOR('',#11534,1.);
#6842=VECTOR('',#11535,1.);
#6843=VECTOR('',#11538,1.);
#6844=VECTOR('',#11539,1.);
#6845=VECTOR('',#11542,1.);
#6846=VECTOR('',#11543,1.);
#6847=VECTOR('',#11546,1.);
#6848=VECTOR('',#11547,1.);
#6849=VECTOR('',#11550,1.);
#6850=VECTOR('',#11551,1.);
#6851=VECTOR('',#11554,1.);
#6852=VECTOR('',#11555,1.);
#6853=VECTOR('',#11558,1.);
#6854=VECTOR('',#11559,1.);
#6855=VECTOR('',#11562,1.);
#6856=VECTOR('',#11563,1.);
#6857=VECTOR('',#11566,1.);
#6858=VECTOR('',#11567,1.);
#6859=VECTOR('',#11570,1.);
#6860=VECTOR('',#11571,1.);
#6861=VECTOR('',#11574,1.);
#6862=VECTOR('',#11575,1.);
#6863=VECTOR('',#11578,1.);
#6864=VECTOR('',#11579,1.);
#6865=VECTOR('',#11582,1.);
#6866=VECTOR('',#11583,1.);
#6867=VECTOR('',#11586,1.);
#6868=VECTOR('',#11587,1.);
#6869=VECTOR('',#11590,1.);
#6870=VECTOR('',#11591,1.);
#6871=VECTOR('',#11594,1.);
#6872=VECTOR('',#11595,1.);
#6873=VECTOR('',#11598,1.);
#6874=VECTOR('',#11599,1.);
#6875=VECTOR('',#11602,1.);
#6876=VECTOR('',#11603,1.);
#6877=VECTOR('',#11606,1.);
#6878=VECTOR('',#11607,1.);
#6879=VECTOR('',#11610,1.);
#6880=VECTOR('',#11611,1.);
#6881=VECTOR('',#11614,1.);
#6882=VECTOR('',#11615,1.);
#6883=VECTOR('',#11618,1.);
#6884=VECTOR('',#11619,1.);
#6885=VECTOR('',#11622,1.);
#6886=VECTOR('',#11623,1.);
#6887=VECTOR('',#11626,1.);
#6888=VECTOR('',#11627,1.);
#6889=VECTOR('',#11630,1.);
#6890=VECTOR('',#11631,1.);
#6891=VECTOR('',#11634,1.);
#6892=VECTOR('',#11635,1.);
#6893=VECTOR('',#11638,1.);
#6894=VECTOR('',#11639,1.);
#6895=VECTOR('',#11642,1.);
#6896=VECTOR('',#11643,1.);
#6897=VECTOR('',#11646,1.);
#6898=VECTOR('',#11647,1.);
#6899=VECTOR('',#11650,1.);
#6900=VECTOR('',#11651,1.);
#6901=VECTOR('',#11654,1.);
#6902=VECTOR('',#11655,1.);
#6903=VECTOR('',#11658,1.);
#6904=VECTOR('',#11659,1.);
#6905=VECTOR('',#11662,1.);
#6906=VECTOR('',#11663,1.);
#6907=VECTOR('',#11666,1.);
#6908=VECTOR('',#11667,1.);
#6909=VECTOR('',#11670,1.);
#6910=VECTOR('',#11671,1.);
#6911=VECTOR('',#11674,1.);
#6912=VECTOR('',#11675,1.);
#6913=EDGE_LOOP('',(#368,#369,#370,#371));
#6914=EDGE_LOOP('',(#372,#373,#374,#375));
#6915=EDGE_LOOP('',(#376,#377,#378,#379));
#6916=EDGE_LOOP('',(#380,#381,#382,#383));
#6917=EDGE_LOOP('',(#384,#385,#386,#387));
#6918=EDGE_LOOP('',(#388,#389,#390,#391));
#6919=EDGE_LOOP('',(#392,#393,#394,#395));
#6920=EDGE_LOOP('',(#396,#397,#398,#399));
#6921=EDGE_LOOP('',(#400,#401,#402,#403));
#6922=EDGE_LOOP('',(#404,#405,#406,#407));
#6923=EDGE_LOOP('',(#408,#409,#410,#411));
#6924=EDGE_LOOP('',(#412,#413,#414,#415));
#6925=EDGE_LOOP('',(#416,#417,#418,#419));
#6926=EDGE_LOOP('',(#420,#421,#422,#423));
#6927=EDGE_LOOP('',(#424,#425,#426,#427));
#6928=EDGE_LOOP('',(#428,#429,#430,#431));
#6929=EDGE_LOOP('',(#432,#433,#434,#435));
#6930=EDGE_LOOP('',(#436,#437,#438,#439));
#6931=EDGE_LOOP('',(#440,#441,#442,#443));
#6932=EDGE_LOOP('',(#444,#445,#446,#447));
#6933=EDGE_LOOP('',(#448,#449,#450,#451));
#6934=EDGE_LOOP('',(#452,#453,#454,#455));
#6935=EDGE_LOOP('',(#456,#457,#458,#459));
#6936=EDGE_LOOP('',(#460,#461,#462,#463));
#6937=EDGE_LOOP('',(#464,#465,#466,#467));
#6938=EDGE_LOOP('',(#468,#469,#470,#471));
#6939=EDGE_LOOP('',(#472,#473,#474,#475));
#6940=EDGE_LOOP('',(#476,#477,#478,#479));
#6941=EDGE_LOOP('',(#480,#481,#482,#483));
#6942=EDGE_LOOP('',(#484,#485,#486,#487));
#6943=EDGE_LOOP('',(#488,#489,#490,#491));
#6944=EDGE_LOOP('',(#492,#493,#494,#495));
#6945=EDGE_LOOP('',(#496,#497,#498,#499));
#6946=EDGE_LOOP('',(#500,#501,#502,#503));
#6947=EDGE_LOOP('',(#504,#505,#506,#507));
#6948=EDGE_LOOP('',(#508,#509,#510,#511));
#6949=EDGE_LOOP('',(#512,#513,#514,#515));
#6950=EDGE_LOOP('',(#516,#517,#518,#519));
#6951=EDGE_LOOP('',(#520,#521,#522,#523));
#6952=EDGE_LOOP('',(#524,#525,#526,#527));
#6953=EDGE_LOOP('',(#528,#529,#530,#531));
#6954=EDGE_LOOP('',(#532,#533,#534,#535));
#6955=EDGE_LOOP('',(#536,#537,#538,#539));
#6956=EDGE_LOOP('',(#540,#541,#542,#543));
#6957=EDGE_LOOP('',(#544,#545,#546,#547));
#6958=EDGE_LOOP('',(#548,#549,#550,#551));
#6959=EDGE_LOOP('',(#552,#553,#554,#555));
#6960=EDGE_LOOP('',(#556,#557,#558,#559));
#6961=EDGE_LOOP('',(#560,#561,#562,#563));
#6962=EDGE_LOOP('',(#564,#565,#566,#567));
#6963=EDGE_LOOP('',(#568,#569,#570,#571));
#6964=EDGE_LOOP('',(#572,#573,#574,#575));
#6965=EDGE_LOOP('',(#576,#577,#578,#579));
#6966=EDGE_LOOP('',(#580,#581,#582,#583));
#6967=EDGE_LOOP('',(#584,#585,#586,#587));
#6968=EDGE_LOOP('',(#588,#589,#590,#591));
#6969=EDGE_LOOP('',(#592,#593,#594,#595));
#6970=EDGE_LOOP('',(#596,#597,#598,#599));
#6971=EDGE_LOOP('',(#600,#601,#602,#603));
#6972=EDGE_LOOP('',(#604,#605,#606,#607));
#6973=EDGE_LOOP('',(#608,#609,#610,#611));
#6974=EDGE_LOOP('',(#612,#613,#614,#615));
#6975=EDGE_LOOP('',(#616,#617,#618,#619));
#6976=EDGE_LOOP('',(#620,#621,#622,#623));
#6977=EDGE_LOOP('',(#624,#625,#626,#627));
#6978=EDGE_LOOP('',(#628,#629,#630,#631));
#6979=EDGE_LOOP('',(#632,#633,#634,#635));
#6980=EDGE_LOOP('',(#636,#637,#638,#639));
#6981=EDGE_LOOP('',(#640,#641,#642,#643));
#6982=EDGE_LOOP('',(#644,#645,#646,#647));
#6983=EDGE_LOOP('',(#648,#649,#650,#651));
#6984=EDGE_LOOP('',(#652,#653,#654,#655));
#6985=EDGE_LOOP('',(#656,#657,#658,#659));
#6986=EDGE_LOOP('',(#660,#661,#662,#663));
#6987=EDGE_LOOP('',(#664,#665,#666,#667));
#6988=EDGE_LOOP('',(#668,#669,#670,#671));
#6989=EDGE_LOOP('',(#672,#673,#674,#675));
#6990=EDGE_LOOP('',(#676,#677,#678,#679));
#6991=EDGE_LOOP('',(#680,#681,#682,#683));
#6992=EDGE_LOOP('',(#684,#685,#686,#687));
#6993=EDGE_LOOP('',(#688,#689,#690,#691));
#6994=EDGE_LOOP('',(#692,#693,#694,#695));
#6995=EDGE_LOOP('',(#696,#697,#698,#699));
#6996=EDGE_LOOP('',(#700,#701,#702,#703));
#6997=EDGE_LOOP('',(#704,#705,#706,#707));
#6998=EDGE_LOOP('',(#708,#709,#710,#711));
#6999=EDGE_LOOP('',(#712,#713,#714,#715));
#7000=EDGE_LOOP('',(#716,#717,#718,#719));
#7001=EDGE_LOOP('',(#720,#721,#722,#723));
#7002=EDGE_LOOP('',(#724,#725,#726,#727));
#7003=EDGE_LOOP('',(#728,#729,#730,#731));
#7004=EDGE_LOOP('',(#732,#733,#734,#735));
#7005=EDGE_LOOP('',(#736,#737,#738,#739));
#7006=EDGE_LOOP('',(#740,#741,#742,#743));
#7007=EDGE_LOOP('',(#744,#745,#746,#747));
#7008=EDGE_LOOP('',(#748,#749,#750,#751));
#7009=EDGE_LOOP('',(#752,#753,#754,#755));
#7010=EDGE_LOOP('',(#756,#757,#758,#759));
#7011=EDGE_LOOP('',(#760,#761,#762,#763));
#7012=EDGE_LOOP('',(#764,#765,#766,#767));
#7013=EDGE_LOOP('',(#768,#769,#770,#771));
#7014=EDGE_LOOP('',(#772,#773,#774,#775));
#7015=EDGE_LOOP('',(#776,#777,#778,#779));
#7016=EDGE_LOOP('',(#780,#781,#782,#783));
#7017=EDGE_LOOP('',(#784,#785,#786,#787));
#7018=EDGE_LOOP('',(#788,#789,#790,#791));
#7019=EDGE_LOOP('',(#792,#793,#794,#795));
#7020=EDGE_LOOP('',(#796,#797,#798,#799));
#7021=EDGE_LOOP('',(#800,#801,#802,#803));
#7022=EDGE_LOOP('',(#804,#805,#806,#807));
#7023=EDGE_LOOP('',(#808,#809,#810,#811));
#7024=EDGE_LOOP('',(#812,#813,#814,#815));
#7025=EDGE_LOOP('',(#816,#817,#818,#819));
#7026=EDGE_LOOP('',(#820,#821,#822,#823));
#7027=EDGE_LOOP('',(#824,#825,#826,#827));
#7028=EDGE_LOOP('',(#828,#829,#830,#831));
#7029=EDGE_LOOP('',(#832,#833,#834,#835));
#7030=EDGE_LOOP('',(#836,#837,#838,#839));
#7031=EDGE_LOOP('',(#840,#841,#842,#843));
#7032=EDGE_LOOP('',(#844,#845,#846,#847));
#7033=EDGE_LOOP('',(#848,#849,#850,#851));
#7034=EDGE_LOOP('',(#852,#853,#854,#855));
#7035=EDGE_LOOP('',(#856,#857,#858,#859));
#7036=EDGE_LOOP('',(#860,#861,#862,#863));
#7037=EDGE_LOOP('',(#864,#865,#866,#867));
#7038=EDGE_LOOP('',(#868,#869,#870,#871));
#7039=EDGE_LOOP('',(#872,#873,#874,#875));
#7040=EDGE_LOOP('',(#876,#877,#878,#879));
#7041=EDGE_LOOP('',(#880,#881,#882,#883));
#7042=EDGE_LOOP('',(#884,#885,#886,#887));
#7043=EDGE_LOOP('',(#888,#889,#890,#891));
#7044=EDGE_LOOP('',(#892,#893,#894,#895));
#7045=EDGE_LOOP('',(#896,#897,#898,#899));
#7046=EDGE_LOOP('',(#900,#901,#902,#903));
#7047=EDGE_LOOP('',(#904,#905,#906,#907));
#7048=EDGE_LOOP('',(#908,#909,#910,#911));
#7049=EDGE_LOOP('',(#912,#913,#914,#915));
#7050=EDGE_LOOP('',(#916,#917,#918,#919));
#7051=EDGE_LOOP('',(#920,#921,#922,#923));
#7052=EDGE_LOOP('',(#924,#925,#926,#927));
#7053=EDGE_LOOP('',(#928,#929,#930,#931));
#7054=EDGE_LOOP('',(#932,#933,#934,#935));
#7055=EDGE_LOOP('',(#936,#937,#938,#939));
#7056=EDGE_LOOP('',(#940,#941,#942,#943));
#7057=EDGE_LOOP('',(#944,#945,#946,#947));
#7058=EDGE_LOOP('',(#948,#949,#950,#951));
#7059=EDGE_LOOP('',(#952,#953,#954,#955));
#7060=EDGE_LOOP('',(#956,#957,#958,#959));
#7061=EDGE_LOOP('',(#960,#961,#962,#963));
#7062=EDGE_LOOP('',(#964,#965,#966,#967));
#7063=EDGE_LOOP('',(#968,#969,#970,#971));
#7064=EDGE_LOOP('',(#972,#973,#974,#975));
#7065=EDGE_LOOP('',(#976,#977,#978,#979));
#7066=EDGE_LOOP('',(#980,#981,#982,#983));
#7067=EDGE_LOOP('',(#984,#985,#986,#987));
#7068=EDGE_LOOP('',(#988,#989,#990,#991));
#7069=EDGE_LOOP('',(#992,#993,#994,#995));
#7070=EDGE_LOOP('',(#996,#997,#998,#999));
#7071=EDGE_LOOP('',(#1000,#1001,#1002,#1003));
#7072=EDGE_LOOP('',(#1004,#1005,#1006,#1007));
#7073=EDGE_LOOP('',(#1008,#1009,#1010,#1011));
#7074=EDGE_LOOP('',(#1012,#1013,#1014,#1015));
#7075=EDGE_LOOP('',(#1016,#1017,#1018,#1019));
#7076=EDGE_LOOP('',(#1020,#1021,#1022,#1023));
#7077=EDGE_LOOP('',(#1024,#1025,#1026,#1027));
#7078=EDGE_LOOP('',(#1028,#1029,#1030,#1031));
#7079=EDGE_LOOP('',(#1032,#1033,#1034,#1035));
#7080=EDGE_LOOP('',(#1036,#1037,#1038,#1039));
#7081=EDGE_LOOP('',(#1040,#1041,#1042,#1043));
#7082=EDGE_LOOP('',(#1044,#1045,#1046,#1047));
#7083=EDGE_LOOP('',(#1048,#1049,#1050,#1051));
#7084=EDGE_LOOP('',(#1052,#1053,#1054,#1055));
#7085=EDGE_LOOP('',(#1056,#1057,#1058,#1059));
#7086=EDGE_LOOP('',(#1060,#1061,#1062,#1063));
#7087=EDGE_LOOP('',(#1064,#1065,#1066,#1067));
#7088=EDGE_LOOP('',(#1068,#1069,#1070,#1071));
#7089=EDGE_LOOP('',(#1072,#1073,#1074,#1075));
#7090=EDGE_LOOP('',(#1076,#1077,#1078,#1079));
#7091=EDGE_LOOP('',(#1080,#1081,#1082,#1083));
#7092=EDGE_LOOP('',(#1084,#1085,#1086,#1087));
#7093=EDGE_LOOP('',(#1088,#1089,#1090,#1091));
#7094=EDGE_LOOP('',(#1092,#1093,#1094,#1095));
#7095=EDGE_LOOP('',(#1096,#1097,#1098,#1099));
#7096=EDGE_LOOP('',(#1100,#1101,#1102,#1103));
#7097=EDGE_LOOP('',(#1104,#1105,#1106,#1107));
#7098=EDGE_LOOP('',(#1108,#1109,#1110,#1111));
#7099=EDGE_LOOP('',(#1112,#1113,#1114,#1115));
#7100=EDGE_LOOP('',(#1116,#1117,#1118,#1119));
#7101=EDGE_LOOP('',(#1120,#1121,#1122,#1123));
#7102=EDGE_LOOP('',(#1124,#1125,#1126,#1127));
#7103=EDGE_LOOP('',(#1128,#1129,#1130,#1131));
#7104=EDGE_LOOP('',(#1132,#1133,#1134,#1135));
#7105=EDGE_LOOP('',(#1136,#1137,#1138,#1139));
#7106=EDGE_LOOP('',(#1140,#1141,#1142,#1143));
#7107=EDGE_LOOP('',(#1144,#1145,#1146,#1147));
#7108=EDGE_LOOP('',(#1148,#1149,#1150,#1151));
#7109=EDGE_LOOP('',(#1152,#1153,#1154,#1155));
#7110=EDGE_LOOP('',(#1156,#1157,#1158,#1159));
#7111=EDGE_LOOP('',(#1160,#1161,#1162,#1163));
#7112=EDGE_LOOP('',(#1164,#1165,#1166,#1167));
#7113=EDGE_LOOP('',(#1168,#1169,#1170,#1171));
#7114=EDGE_LOOP('',(#1172,#1173,#1174,#1175));
#7115=EDGE_LOOP('',(#1176,#1177,#1178,#1179));
#7116=EDGE_LOOP('',(#1180,#1181,#1182,#1183));
#7117=EDGE_LOOP('',(#1184,#1185,#1186,#1187));
#7118=EDGE_LOOP('',(#1188,#1189,#1190,#1191));
#7119=EDGE_LOOP('',(#1192,#1193,#1194,#1195));
#7120=EDGE_LOOP('',(#1196,#1197,#1198,#1199));
#7121=EDGE_LOOP('',(#1200,#1201,#1202,#1203));
#7122=EDGE_LOOP('',(#1204,#1205,#1206,#1207));
#7123=EDGE_LOOP('',(#1208,#1209,#1210,#1211));
#7124=EDGE_LOOP('',(#1212,#1213,#1214,#1215));
#7125=EDGE_LOOP('',(#1216,#1217,#1218,#1219));
#7126=EDGE_LOOP('',(#1220,#1221,#1222,#1223));
#7127=EDGE_LOOP('',(#1224,#1225,#1226,#1227));
#7128=EDGE_LOOP('',(#1228,#1229,#1230,#1231));
#7129=EDGE_LOOP('',(#1232,#1233,#1234,#1235));
#7130=EDGE_LOOP('',(#1236,#1237,#1238,#1239));
#7131=EDGE_LOOP('',(#1240,#1241,#1242,#1243));
#7132=EDGE_LOOP('',(#1244,#1245,#1246,#1247));
#7133=EDGE_LOOP('',(#1248,#1249,#1250,#1251));
#7134=EDGE_LOOP('',(#1252,#1253,#1254,#1255));
#7135=EDGE_LOOP('',(#1256,#1257,#1258,#1259));
#7136=EDGE_LOOP('',(#1260,#1261,#1262,#1263));
#7137=EDGE_LOOP('',(#1264,#1265,#1266,#1267));
#7138=EDGE_LOOP('',(#1268,#1269,#1270,#1271));
#7139=EDGE_LOOP('',(#1272,#1273,#1274,#1275));
#7140=EDGE_LOOP('',(#1276,#1277,#1278,#1279));
#7141=EDGE_LOOP('',(#1280,#1281,#1282,#1283));
#7142=EDGE_LOOP('',(#1284,#1285,#1286,#1287));
#7143=EDGE_LOOP('',(#1288,#1289,#1290,#1291));
#7144=EDGE_LOOP('',(#1292,#1293,#1294,#1295));
#7145=EDGE_LOOP('',(#1296,#1297,#1298,#1299));
#7146=EDGE_LOOP('',(#1300,#1301,#1302,#1303));
#7147=EDGE_LOOP('',(#1304,#1305,#1306,#1307));
#7148=EDGE_LOOP('',(#1308,#1309,#1310,#1311));
#7149=EDGE_LOOP('',(#1312,#1313,#1314,#1315));
#7150=EDGE_LOOP('',(#1316,#1317,#1318,#1319));
#7151=EDGE_LOOP('',(#1320,#1321,#1322,#1323));
#7152=EDGE_LOOP('',(#1324,#1325,#1326,#1327));
#7153=EDGE_LOOP('',(#1328,#1329,#1330,#1331));
#7154=EDGE_LOOP('',(#1332,#1333,#1334,#1335));
#7155=EDGE_LOOP('',(#1336,#1337,#1338,#1339));
#7156=EDGE_LOOP('',(#1340,#1341,#1342,#1343));
#7157=EDGE_LOOP('',(#1344,#1345,#1346,#1347));
#7158=EDGE_LOOP('',(#1348,#1349,#1350,#1351));
#7159=EDGE_LOOP('',(#1352,#1353,#1354,#1355));
#7160=EDGE_LOOP('',(#1356,#1357,#1358,#1359));
#7161=EDGE_LOOP('',(#1360,#1361,#1362,#1363));
#7162=EDGE_LOOP('',(#1364,#1365,#1366,#1367));
#7163=EDGE_LOOP('',(#1368,#1369,#1370,#1371));
#7164=EDGE_LOOP('',(#1372,#1373,#1374,#1375));
#7165=EDGE_LOOP('',(#1376,#1377,#1378,#1379));
#7166=EDGE_LOOP('',(#1380,#1381,#1382,#1383));
#7167=EDGE_LOOP('',(#1384,#1385,#1386,#1387));
#7168=EDGE_LOOP('',(#1388,#1389,#1390,#1391));
#7169=EDGE_LOOP('',(#1392,#1393,#1394,#1395));
#7170=EDGE_LOOP('',(#1396,#1397,#1398,#1399));
#7171=EDGE_LOOP('',(#1400,#1401,#1402,#1403));
#7172=EDGE_LOOP('',(#1404,#1405,#1406,#1407));
#7173=EDGE_LOOP('',(#1408,#1409,#1410,#1411));
#7174=EDGE_LOOP('',(#1412,#1413,#1414,#1415));
#7175=EDGE_LOOP('',(#1416,#1417,#1418,#1419));
#7176=EDGE_LOOP('',(#1420,#1421,#1422,#1423));
#7177=EDGE_LOOP('',(#1424,#1425,#1426,#1427));
#7178=EDGE_LOOP('',(#1428,#1429,#1430,#1431));
#7179=EDGE_LOOP('',(#1432,#1433,#1434,#1435));
#7180=EDGE_LOOP('',(#1436,#1437,#1438,#1439));
#7181=EDGE_LOOP('',(#1440,#1441,#1442,#1443));
#7182=EDGE_LOOP('',(#1444,#1445,#1446,#1447));
#7183=EDGE_LOOP('',(#1448,#1449,#1450,#1451));
#7184=EDGE_LOOP('',(#1452,#1453,#1454,#1455));
#7185=EDGE_LOOP('',(#1456,#1457,#1458,#1459));
#7186=EDGE_LOOP('',(#1460,#1461,#1462,#1463));
#7187=EDGE_LOOP('',(#1464,#1465,#1466,#1467));
#7188=EDGE_LOOP('',(#1468,#1469,#1470,#1471));
#7189=EDGE_LOOP('',(#1472,#1473,#1474,#1475));
#7190=EDGE_LOOP('',(#1476,#1477,#1478,#1479));
#7191=EDGE_LOOP('',(#1480,#1481,#1482,#1483));
#7192=EDGE_LOOP('',(#1484,#1485,#1486,#1487));
#7193=EDGE_LOOP('',(#1488,#1489,#1490,#1491));
#7194=EDGE_LOOP('',(#1492,#1493,#1494,#1495));
#7195=EDGE_LOOP('',(#1496,#1497,#1498,#1499));
#7196=EDGE_LOOP('',(#1500,#1501,#1502,#1503));
#7197=EDGE_LOOP('',(#1504,#1505,#1506,#1507));
#7198=EDGE_LOOP('',(#1508,#1509,#1510,#1511));
#7199=EDGE_LOOP('',(#1512,#1513,#1514,#1515));
#7200=EDGE_LOOP('',(#1516,#1517,#1518,#1519));
#7201=EDGE_LOOP('',(#1520,#1521,#1522,#1523));
#7202=EDGE_LOOP('',(#1524,#1525,#1526,#1527));
#7203=EDGE_LOOP('',(#1528,#1529,#1530,#1531));
#7204=EDGE_LOOP('',(#1532,#1533,#1534,#1535));
#7205=EDGE_LOOP('',(#1536,#1537,#1538,#1539));
#7206=EDGE_LOOP('',(#1540,#1541,#1542,#1543));
#7207=EDGE_LOOP('',(#1544,#1545,#1546,#1547));
#7208=EDGE_LOOP('',(#1548,#1549,#1550,#1551));
#7209=EDGE_LOOP('',(#1552,#1553,#1554,#1555));
#7210=EDGE_LOOP('',(#1556,#1557,#1558,#1559));
#7211=EDGE_LOOP('',(#1560,#1561,#1562,#1563));
#7212=EDGE_LOOP('',(#1564,#1565,#1566,#1567));
#7213=EDGE_LOOP('',(#1568,#1569,#1570,#1571));
#7214=EDGE_LOOP('',(#1572,#1573,#1574,#1575));
#7215=EDGE_LOOP('',(#1576,#1577,#1578,#1579));
#7216=EDGE_LOOP('',(#1580,#1581,#1582,#1583));
#7217=EDGE_LOOP('',(#1584,#1585,#1586,#1587));
#7218=EDGE_LOOP('',(#1588,#1589,#1590,#1591));
#7219=EDGE_LOOP('',(#1592,#1593,#1594,#1595));
#7220=EDGE_LOOP('',(#1596,#1597,#1598,#1599));
#7221=EDGE_LOOP('',(#1600,#1601,#1602,#1603));
#7222=EDGE_LOOP('',(#1604,#1605,#1606,#1607));
#7223=EDGE_LOOP('',(#1608,#1609,#1610,#1611));
#7224=EDGE_LOOP('',(#1612,#1613,#1614,#1615));
#7225=EDGE_LOOP('',(#1616,#1617,#1618,#1619));
#7226=EDGE_LOOP('',(#1620,#1621,#1622,#1623));
#7227=EDGE_LOOP('',(#1624,#1625,#1626,#1627));
#7228=EDGE_LOOP('',(#1628,#1629,#1630,#1631));
#7229=EDGE_LOOP('',(#1632,#1633,#1634,#1635));
#7230=EDGE_LOOP('',(#1636,#1637,#1638,#1639));
#7231=EDGE_LOOP('',(#1640,#1641,#1642,#1643));
#7232=EDGE_LOOP('',(#1644,#1645,#1646,#1647));
#7233=EDGE_LOOP('',(#1648,#1649,#1650,#1651));
#7234=EDGE_LOOP('',(#1652,#1653,#1654,#1655));
#7235=EDGE_LOOP('',(#1656,#1657,#1658,#1659));
#7236=EDGE_LOOP('',(#1660,#1661,#1662,#1663));
#7237=EDGE_LOOP('',(#1664,#1665,#1666,#1667));
#7238=EDGE_LOOP('',(#1668,#1669,#1670,#1671));
#7239=EDGE_LOOP('',(#1672,#1673,#1674,#1675));
#7240=EDGE_LOOP('',(#1676,#1677,#1678,#1679));
#7241=EDGE_LOOP('',(#1680,#1681,#1682,#1683));
#7242=EDGE_LOOP('',(#1684,#1685,#1686,#1687));
#7243=EDGE_LOOP('',(#1688,#1689,#1690,#1691));
#7244=EDGE_LOOP('',(#1692,#1693,#1694,#1695));
#7245=EDGE_LOOP('',(#1696,#1697,#1698,#1699));
#7246=EDGE_LOOP('',(#1700,#1701,#1702,#1703));
#7247=EDGE_LOOP('',(#1704,#1705,#1706,#1707));
#7248=EDGE_LOOP('',(#1708,#1709,#1710,#1711));
#7249=EDGE_LOOP('',(#1712,#1713,#1714,#1715));
#7250=EDGE_LOOP('',(#1716,#1717,#1718,#1719));
#7251=EDGE_LOOP('',(#1720,#1721,#1722,#1723));
#7252=EDGE_LOOP('',(#1724,#1725,#1726,#1727));
#7253=EDGE_LOOP('',(#1728,#1729,#1730,#1731));
#7254=EDGE_LOOP('',(#1732,#1733,#1734,#1735));
#7255=EDGE_LOOP('',(#1736,#1737,#1738,#1739));
#7256=EDGE_LOOP('',(#1740,#1741,#1742,#1743));
#7257=EDGE_LOOP('',(#1744,#1745,#1746,#1747));
#7258=EDGE_LOOP('',(#1748,#1749,#1750,#1751));
#7259=EDGE_LOOP('',(#1752,#1753,#1754,#1755));
#7260=EDGE_LOOP('',(#1756,#1757,#1758,#1759));
#7261=EDGE_LOOP('',(#1760,#1761,#1762,#1763));
#7262=EDGE_LOOP('',(#1764,#1765,#1766,#1767));
#7263=EDGE_LOOP('',(#1768,#1769,#1770,#1771));
#7264=EDGE_LOOP('',(#1772,#1773,#1774,#1775));
#7265=EDGE_LOOP('',(#1776,#1777,#1778,#1779));
#7266=EDGE_LOOP('',(#1780,#1781,#1782,#1783));
#7267=EDGE_LOOP('',(#1784,#1785,#1786,#1787));
#7268=EDGE_LOOP('',(#1788,#1789,#1790,#1791));
#7269=EDGE_LOOP('',(#1792,#1793,#1794,#1795));
#7270=EDGE_LOOP('',(#1796,#1797,#1798,#1799));
#7271=EDGE_LOOP('',(#1800,#1801,#1802,#1803));
#7272=EDGE_LOOP('',(#1804,#1805,#1806,#1807));
#7273=EDGE_LOOP('',(#1808,#1809,#1810,#1811));
#7274=EDGE_LOOP('',(#1812,#1813,#1814,#1815));
#7275=EDGE_LOOP('',(#1816,#1817,#1818,#1819));
#7276=EDGE_LOOP('',(#1820,#1821,#1822,#1823));
#7277=EDGE_LOOP('',(#1824,#1825,#1826,#1827));
#7278=EDGE_LOOP('',(#1828,#1829,#1830,#1831));
#7279=EDGE_LOOP('',(#1832,#1833,#1834,#1835));
#7280=EDGE_LOOP('',(#1836,#1837,#1838,#1839));
#7281=EDGE_LOOP('',(#1840,#1841,#1842,#1843));
#7282=EDGE_LOOP('',(#1844,#1845,#1846,#1847));
#7283=EDGE_LOOP('',(#1848,#1849,#1850,#1851));
#7284=EDGE_LOOP('',(#1852,#1853,#1854,#1855));
#7285=EDGE_LOOP('',(#1856,#1857,#1858,#1859));
#7286=EDGE_LOOP('',(#1860,#1861,#1862,#1863));
#7287=EDGE_LOOP('',(#1864,#1865,#1866,#1867));
#7288=EDGE_LOOP('',(#1868,#1869,#1870,#1871));
#7289=EDGE_LOOP('',(#1872,#1873,#1874,#1875));
#7290=EDGE_LOOP('',(#1876,#1877,#1878,#1879));
#7291=EDGE_LOOP('',(#1880,#1881,#1882,#1883));
#7292=EDGE_LOOP('',(#1884,#1885,#1886,#1887));
#7293=EDGE_LOOP('',(#1888,#1889,#1890,#1891));
#7294=EDGE_LOOP('',(#1892,#1893,#1894,#1895));
#7295=EDGE_LOOP('',(#1896,#1897,#1898,#1899));
#7296=EDGE_LOOP('',(#1900,#1901,#1902,#1903));
#7297=EDGE_LOOP('',(#1904,#1905,#1906,#1907));
#7298=EDGE_LOOP('',(#1908,#1909,#1910,#1911));
#7299=EDGE_LOOP('',(#1912,#1913,#1914,#1915));
#7300=EDGE_LOOP('',(#1916,#1917,#1918,#1919));
#7301=EDGE_LOOP('',(#1920,#1921,#1922,#1923));
#7302=EDGE_LOOP('',(#1924,#1925,#1926,#1927));
#7303=EDGE_LOOP('',(#1928,#1929,#1930,#1931));
#7304=EDGE_LOOP('',(#1932,#1933,#1934,#1935));
#7305=EDGE_LOOP('',(#1936,#1937,#1938,#1939));
#7306=EDGE_LOOP('',(#1940,#1941,#1942,#1943));
#7307=EDGE_LOOP('',(#1944,#1945,#1946,#1947));
#7308=EDGE_LOOP('',(#1948,#1949,#1950,#1951));
#7309=EDGE_LOOP('',(#1952,#1953,#1954,#1955));
#7310=EDGE_LOOP('',(#1956,#1957,#1958,#1959));
#7311=EDGE_LOOP('',(#1960,#1961,#1962,#1963));
#7312=EDGE_LOOP('',(#1964,#1965,#1966,#1967));
#7313=EDGE_LOOP('',(#1968,#1969,#1970,#1971));
#7314=EDGE_LOOP('',(#1972,#1973,#1974,#1975));
#7315=EDGE_LOOP('',(#1976,#1977,#1978,#1979));
#7316=EDGE_LOOP('',(#1980,#1981,#1982,#1983));
#7317=EDGE_LOOP('',(#1984,#1985,#1986,#1987));
#7318=EDGE_LOOP('',(#1988,#1989,#1990,#1991));
#7319=EDGE_LOOP('',(#1992,#1993,#1994,#1995));
#7320=EDGE_LOOP('',(#1996,#1997,#1998,#1999));
#7321=EDGE_LOOP('',(#2000,#2001,#2002,#2003));
#7322=EDGE_LOOP('',(#2004,#2005,#2006,#2007));
#7323=EDGE_LOOP('',(#2008,#2009,#2010,#2011));
#7324=EDGE_LOOP('',(#2012,#2013,#2014,#2015));
#7325=EDGE_LOOP('',(#2016,#2017,#2018,#2019));
#7326=EDGE_LOOP('',(#2020,#2021,#2022,#2023,#2024,#2025,#2026,#2027,#2028,
#2029,#2030,#2031,#2032,#2033,#2034,#2035,#2036,#2037,#2038,#2039,#2040,
#2041,#2042,#2043,#2044,#2045,#2046,#2047,#2048,#2049,#2050,#2051,#2052,
#2053,#2054,#2055,#2056,#2057,#2058,#2059,#2060,#2061,#2062,#2063,#2064,
#2065,#2066,#2067,#2068,#2069,#2070,#2071,#2072,#2073,#2074,#2075,#2076,
#2077,#2078,#2079,#2080,#2081,#2082,#2083,#2084,#2085,#2086,#2087,#2088,
#2089,#2090,#2091,#2092,#2093,#2094,#2095,#2096,#2097,#2098,#2099,#2100,
#2101,#2102,#2103,#2104,#2105,#2106,#2107,#2108,#2109,#2110,#2111,#2112,
#2113,#2114,#2115,#2116,#2117,#2118,#2119,#2120,#2121,#2122,#2123,#2124,
#2125,#2126,#2127,#2128,#2129,#2130,#2131,#2132,#2133,#2134,#2135,#2136,
#2137,#2138,#2139,#2140,#2141,#2142,#2143,#2144,#2145,#2146,#2147,#2148,
#2149,#2150,#2151,#2152,#2153,#2154,#2155,#2156,#2157,#2158,#2159,#2160));
#7327=EDGE_LOOP('',(#2161,#2162,#2163,#2164));
#7328=EDGE_LOOP('',(#2165,#2166,#2167,#2168));
#7329=EDGE_LOOP('',(#2169,#2170,#2171,#2172));
#7330=EDGE_LOOP('',(#2173,#2174,#2175,#2176));
#7331=EDGE_LOOP('',(#2177,#2178,#2179,#2180));
#7332=EDGE_LOOP('',(#2181,#2182,#2183,#2184));
#7333=EDGE_LOOP('',(#2185,#2186,#2187,#2188));
#7334=EDGE_LOOP('',(#2189,#2190,#2191,#2192));
#7335=EDGE_LOOP('',(#2193,#2194,#2195,#2196));
#7336=EDGE_LOOP('',(#2197,#2198,#2199,#2200));
#7337=EDGE_LOOP('',(#2201,#2202,#2203,#2204));
#7338=EDGE_LOOP('',(#2205,#2206,#2207,#2208));
#7339=EDGE_LOOP('',(#2209,#2210,#2211,#2212));
#7340=EDGE_LOOP('',(#2213,#2214,#2215,#2216));
#7341=EDGE_LOOP('',(#2217,#2218,#2219,#2220));
#7342=EDGE_LOOP('',(#2221,#2222,#2223,#2224));
#7343=EDGE_LOOP('',(#2225,#2226,#2227,#2228));
#7344=EDGE_LOOP('',(#2229,#2230,#2231,#2232));
#7345=EDGE_LOOP('',(#2233,#2234,#2235,#2236));
#7346=EDGE_LOOP('',(#2237,#2238,#2239,#2240));
#7347=EDGE_LOOP('',(#2241,#2242,#2243,#2244));
#7348=EDGE_LOOP('',(#2245,#2246,#2247,#2248));
#7349=EDGE_LOOP('',(#2249,#2250,#2251,#2252));
#7350=EDGE_LOOP('',(#2253,#2254,#2255,#2256));
#7351=EDGE_LOOP('',(#2257,#2258,#2259,#2260));
#7352=EDGE_LOOP('',(#2261,#2262,#2263,#2264));
#7353=EDGE_LOOP('',(#2265,#2266,#2267,#2268));
#7354=EDGE_LOOP('',(#2269,#2270,#2271,#2272));
#7355=EDGE_LOOP('',(#2273,#2274,#2275,#2276));
#7356=EDGE_LOOP('',(#2277,#2278,#2279,#2280));
#7357=EDGE_LOOP('',(#2281,#2282,#2283,#2284));
#7358=EDGE_LOOP('',(#2285,#2286,#2287,#2288));
#7359=EDGE_LOOP('',(#2289,#2290,#2291,#2292));
#7360=EDGE_LOOP('',(#2293,#2294,#2295,#2296));
#7361=EDGE_LOOP('',(#2297,#2298,#2299,#2300));
#7362=EDGE_LOOP('',(#2301,#2302,#2303,#2304));
#7363=EDGE_LOOP('',(#2305,#2306,#2307,#2308));
#7364=EDGE_LOOP('',(#2309,#2310,#2311,#2312));
#7365=EDGE_LOOP('',(#2313,#2314,#2315,#2316));
#7366=EDGE_LOOP('',(#2317,#2318,#2319,#2320));
#7367=EDGE_LOOP('',(#2321,#2322,#2323,#2324));
#7368=EDGE_LOOP('',(#2325,#2326,#2327,#2328));
#7369=EDGE_LOOP('',(#2329,#2330,#2331,#2332));
#7370=EDGE_LOOP('',(#2333,#2334,#2335,#2336));
#7371=EDGE_LOOP('',(#2337,#2338,#2339,#2340));
#7372=EDGE_LOOP('',(#2341,#2342,#2343,#2344));
#7373=EDGE_LOOP('',(#2345,#2346,#2347,#2348));
#7374=EDGE_LOOP('',(#2349,#2350,#2351,#2352));
#7375=EDGE_LOOP('',(#2353,#2354,#2355,#2356));
#7376=EDGE_LOOP('',(#2357,#2358,#2359,#2360));
#7377=EDGE_LOOP('',(#2361,#2362,#2363,#2364));
#7378=EDGE_LOOP('',(#2365,#2366,#2367,#2368));
#7379=EDGE_LOOP('',(#2369,#2370,#2371,#2372));
#7380=EDGE_LOOP('',(#2373,#2374,#2375,#2376));
#7381=EDGE_LOOP('',(#2377,#2378,#2379,#2380,#2381,#2382));
#7382=EDGE_LOOP('',(#2383,#2384,#2385,#2386,#2387,#2388));
#7383=EDGE_LOOP('',(#2389,#2390,#2391,#2392,#2393,#2394));
#7384=EDGE_LOOP('',(#2395,#2396,#2397,#2398,#2399,#2400));
#7385=EDGE_LOOP('',(#2401,#2402,#2403,#2404,#2405,#2406));
#7386=EDGE_LOOP('',(#2407,#2408,#2409,#2410,#2411,#2412));
#7387=EDGE_LOOP('',(#2413,#2414,#2415,#2416,#2417,#2418));
#7388=EDGE_LOOP('',(#2419,#2420,#2421,#2422,#2423,#2424));
#7389=EDGE_LOOP('',(#2425,#2426,#2427,#2428));
#7390=EDGE_LOOP('',(#2429,#2430,#2431,#2432));
#7391=EDGE_LOOP('',(#2433,#2434,#2435,#2436,#2437,#2438,#2439,#2440,#2441,
#2442,#2443,#2444,#2445,#2446,#2447,#2448,#2449,#2450,#2451,#2452,#2453,
#2454,#2455,#2456,#2457,#2458,#2459,#2460,#2461,#2462,#2463,#2464,#2465,
#2466,#2467,#2468,#2469,#2470,#2471,#2472,#2473,#2474,#2475,#2476,#2477,
#2478,#2479,#2480,#2481,#2482,#2483,#2484,#2485,#2486,#2487,#2488,#2489,
#2490,#2491,#2492,#2493,#2494,#2495,#2496,#2497,#2498,#2499,#2500,#2501,
#2502,#2503,#2504,#2505,#2506,#2507,#2508,#2509,#2510,#2511,#2512,#2513,
#2514,#2515,#2516,#2517,#2518,#2519,#2520,#2521,#2522,#2523,#2524,#2525,
#2526,#2527,#2528,#2529,#2530,#2531,#2532,#2533,#2534,#2535,#2536,#2537,
#2538,#2539,#2540,#2541,#2542,#2543,#2544,#2545,#2546,#2547,#2548,#2549,
#2550,#2551,#2552,#2553,#2554,#2555,#2556,#2557,#2558,#2559,#2560,#2561,
#2562,#2563,#2564,#2565,#2566,#2567,#2568,#2569,#2570,#2571,#2572,#2573));
#7392=EDGE_LOOP('',(#2574,#2575,#2576,#2577));
#7393=EDGE_LOOP('',(#2578,#2579,#2580,#2581));
#7394=EDGE_LOOP('',(#2582,#2583,#2584,#2585));
#7395=EDGE_LOOP('',(#2586,#2587,#2588,#2589));
#7396=EDGE_LOOP('',(#2590,#2591,#2592,#2593));
#7397=EDGE_LOOP('',(#2594,#2595,#2596,#2597));
#7398=EDGE_LOOP('',(#2598,#2599,#2600,#2601));
#7399=EDGE_LOOP('',(#2602,#2603,#2604,#2605));
#7400=EDGE_LOOP('',(#2606,#2607,#2608,#2609));
#7401=EDGE_LOOP('',(#2610,#2611,#2612,#2613));
#7402=EDGE_LOOP('',(#2614,#2615,#2616,#2617));
#7403=EDGE_LOOP('',(#2618,#2619,#2620,#2621));
#7404=EDGE_LOOP('',(#2622,#2623,#2624,#2625));
#7405=EDGE_LOOP('',(#2626,#2627,#2628,#2629));
#7406=EDGE_LOOP('',(#2630,#2631,#2632,#2633));
#7407=EDGE_LOOP('',(#2634,#2635,#2636,#2637));
#7408=EDGE_LOOP('',(#2638,#2639,#2640,#2641));
#7409=EDGE_LOOP('',(#2642,#2643,#2644,#2645));
#7410=EDGE_LOOP('',(#2646,#2647,#2648,#2649));
#7411=EDGE_LOOP('',(#2650,#2651,#2652,#2653));
#7412=EDGE_LOOP('',(#2654,#2655,#2656,#2657));
#7413=EDGE_LOOP('',(#2658,#2659,#2660,#2661));
#7414=EDGE_LOOP('',(#2662,#2663,#2664,#2665));
#7415=EDGE_LOOP('',(#2666,#2667,#2668,#2669));
#7416=EDGE_LOOP('',(#2670,#2671,#2672,#2673));
#7417=EDGE_LOOP('',(#2674,#2675,#2676,#2677));
#7418=EDGE_LOOP('',(#2678,#2679,#2680,#2681));
#7419=EDGE_LOOP('',(#2682,#2683,#2684,#2685));
#7420=EDGE_LOOP('',(#2686,#2687,#2688,#2689));
#7421=EDGE_LOOP('',(#2690,#2691,#2692,#2693));
#7422=EDGE_LOOP('',(#2694,#2695,#2696,#2697));
#7423=EDGE_LOOP('',(#2698,#2699,#2700,#2701));
#7424=EDGE_LOOP('',(#2702,#2703,#2704,#2705));
#7425=EDGE_LOOP('',(#2706,#2707,#2708,#2709));
#7426=EDGE_LOOP('',(#2710,#2711,#2712,#2713));
#7427=EDGE_LOOP('',(#2714,#2715,#2716,#2717));
#7428=EDGE_LOOP('',(#2718,#2719,#2720,#2721));
#7429=EDGE_LOOP('',(#2722,#2723,#2724,#2725));
#7430=EDGE_LOOP('',(#2726,#2727,#2728,#2729));
#7431=EDGE_LOOP('',(#2730,#2731,#2732,#2733));
#7432=EDGE_LOOP('',(#2734,#2735,#2736,#2737));
#7433=EDGE_LOOP('',(#2738,#2739,#2740,#2741));
#7434=EDGE_LOOP('',(#2742,#2743,#2744,#2745));
#7435=EDGE_LOOP('',(#2746,#2747,#2748,#2749));
#7436=EDGE_LOOP('',(#2750,#2751,#2752,#2753));
#7437=EDGE_LOOP('',(#2754,#2755,#2756,#2757));
#7438=EDGE_LOOP('',(#2758,#2759,#2760,#2761));
#7439=EDGE_LOOP('',(#2762,#2763,#2764,#2765));
#7440=EDGE_LOOP('',(#2766,#2767,#2768,#2769));
#7441=EDGE_LOOP('',(#2770,#2771,#2772,#2773));
#7442=EDGE_LOOP('',(#2774,#2775,#2776,#2777));
#7443=EDGE_LOOP('',(#2778,#2779,#2780,#2781));
#7444=EDGE_LOOP('',(#2782,#2783,#2784,#2785));
#7445=EDGE_LOOP('',(#2786,#2787,#2788,#2789));
#7446=EDGE_LOOP('',(#2790,#2791,#2792,#2793,#2794,#2795));
#7447=EDGE_LOOP('',(#2796,#2797,#2798,#2799,#2800,#2801));
#7448=EDGE_LOOP('',(#2802,#2803,#2804,#2805,#2806,#2807));
#7449=EDGE_LOOP('',(#2808,#2809,#2810,#2811,#2812,#2813));
#7450=EDGE_LOOP('',(#2814,#2815,#2816,#2817,#2818,#2819));
#7451=EDGE_LOOP('',(#2820,#2821,#2822,#2823,#2824,#2825));
#7452=EDGE_LOOP('',(#2826,#2827,#2828,#2829,#2830,#2831));
#7453=EDGE_LOOP('',(#2832,#2833,#2834,#2835,#2836,#2837));
#7454=EDGE_LOOP('',(#2838,#2839,#2840,#2841));
#7455=EDGE_LOOP('',(#2842,#2843,#2844,#2845));
#7456=FACE_BOUND('',#6913,.T.);
#7457=FACE_BOUND('',#6914,.T.);
#7458=FACE_BOUND('',#6915,.T.);
#7459=FACE_BOUND('',#6916,.T.);
#7460=FACE_BOUND('',#6917,.T.);
#7461=FACE_BOUND('',#6918,.T.);
#7462=FACE_BOUND('',#6919,.T.);
#7463=FACE_BOUND('',#6920,.T.);
#7464=FACE_BOUND('',#6921,.T.);
#7465=FACE_BOUND('',#6922,.T.);
#7466=FACE_BOUND('',#6923,.T.);
#7467=FACE_BOUND('',#6924,.T.);
#7468=FACE_BOUND('',#6925,.T.);
#7469=FACE_BOUND('',#6926,.T.);
#7470=FACE_BOUND('',#6927,.T.);
#7471=FACE_BOUND('',#6928,.T.);
#7472=FACE_BOUND('',#6929,.T.);
#7473=FACE_BOUND('',#6930,.T.);
#7474=FACE_BOUND('',#6931,.T.);
#7475=FACE_BOUND('',#6932,.T.);
#7476=FACE_BOUND('',#6933,.T.);
#7477=FACE_BOUND('',#6934,.T.);
#7478=FACE_BOUND('',#6935,.T.);
#7479=FACE_BOUND('',#6936,.T.);
#7480=FACE_BOUND('',#6937,.T.);
#7481=FACE_BOUND('',#6938,.T.);
#7482=FACE_BOUND('',#6939,.T.);
#7483=FACE_BOUND('',#6940,.T.);
#7484=FACE_BOUND('',#6941,.T.);
#7485=FACE_BOUND('',#6942,.T.);
#7486=FACE_BOUND('',#6943,.T.);
#7487=FACE_BOUND('',#6944,.T.);
#7488=FACE_BOUND('',#6945,.T.);
#7489=FACE_BOUND('',#6946,.T.);
#7490=FACE_BOUND('',#6947,.T.);
#7491=FACE_BOUND('',#6948,.T.);
#7492=FACE_BOUND('',#6949,.T.);
#7493=FACE_BOUND('',#6950,.T.);
#7494=FACE_BOUND('',#6951,.T.);
#7495=FACE_BOUND('',#6952,.T.);
#7496=FACE_BOUND('',#6953,.T.);
#7497=FACE_BOUND('',#6954,.T.);
#7498=FACE_BOUND('',#6955,.T.);
#7499=FACE_BOUND('',#6956,.T.);
#7500=FACE_BOUND('',#6957,.T.);
#7501=FACE_BOUND('',#6958,.T.);
#7502=FACE_BOUND('',#6959,.T.);
#7503=FACE_BOUND('',#6960,.T.);
#7504=FACE_BOUND('',#6961,.T.);
#7505=FACE_BOUND('',#6962,.T.);
#7506=FACE_BOUND('',#6963,.T.);
#7507=FACE_BOUND('',#6964,.T.);
#7508=FACE_BOUND('',#6965,.T.);
#7509=FACE_BOUND('',#6966,.T.);
#7510=FACE_BOUND('',#6967,.T.);
#7511=FACE_BOUND('',#6968,.T.);
#7512=FACE_BOUND('',#6969,.T.);
#7513=FACE_BOUND('',#6970,.T.);
#7514=FACE_BOUND('',#6971,.T.);
#7515=FACE_BOUND('',#6972,.T.);
#7516=FACE_BOUND('',#6973,.T.);
#7517=FACE_BOUND('',#6974,.T.);
#7518=FACE_BOUND('',#6975,.T.);
#7519=FACE_BOUND('',#6976,.T.);
#7520=FACE_BOUND('',#6977,.T.);
#7521=FACE_BOUND('',#6978,.T.);
#7522=FACE_BOUND('',#6979,.T.);
#7523=FACE_BOUND('',#6980,.T.);
#7524=FACE_BOUND('',#6981,.T.);
#7525=FACE_BOUND('',#6982,.T.);
#7526=FACE_BOUND('',#6983,.T.);
#7527=FACE_BOUND('',#6984,.T.);
#7528=FACE_BOUND('',#6985,.T.);
#7529=FACE_BOUND('',#6986,.T.);
#7530=FACE_BOUND('',#6987,.T.);
#7531=FACE_BOUND('',#6988,.T.);
#7532=FACE_BOUND('',#6989,.T.);
#7533=FACE_BOUND('',#6990,.T.);
#7534=FACE_BOUND('',#6991,.T.);
#7535=FACE_BOUND('',#6992,.T.);
#7536=FACE_BOUND('',#6993,.T.);
#7537=FACE_BOUND('',#6994,.T.);
#7538=FACE_BOUND('',#6995,.T.);
#7539=FACE_BOUND('',#6996,.T.);
#7540=FACE_BOUND('',#6997,.T.);
#7541=FACE_BOUND('',#6998,.T.);
#7542=FACE_BOUND('',#6999,.T.);
#7543=FACE_BOUND('',#7000,.T.);
#7544=FACE_BOUND('',#7001,.T.);
#7545=FACE_BOUND('',#7002,.T.);
#7546=FACE_BOUND('',#7003,.T.);
#7547=FACE_BOUND('',#7004,.T.);
#7548=FACE_BOUND('',#7005,.T.);
#7549=FACE_BOUND('',#7006,.T.);
#7550=FACE_BOUND('',#7007,.T.);
#7551=FACE_BOUND('',#7008,.T.);
#7552=FACE_BOUND('',#7009,.T.);
#7553=FACE_BOUND('',#7010,.T.);
#7554=FACE_BOUND('',#7011,.T.);
#7555=FACE_BOUND('',#7012,.T.);
#7556=FACE_BOUND('',#7013,.T.);
#7557=FACE_BOUND('',#7014,.T.);
#7558=FACE_BOUND('',#7015,.T.);
#7559=FACE_BOUND('',#7016,.T.);
#7560=FACE_BOUND('',#7017,.T.);
#7561=FACE_BOUND('',#7018,.T.);
#7562=FACE_BOUND('',#7019,.T.);
#7563=FACE_BOUND('',#7020,.T.);
#7564=FACE_BOUND('',#7021,.T.);
#7565=FACE_BOUND('',#7022,.T.);
#7566=FACE_BOUND('',#7023,.T.);
#7567=FACE_BOUND('',#7024,.T.);
#7568=FACE_BOUND('',#7025,.T.);
#7569=FACE_BOUND('',#7026,.T.);
#7570=FACE_BOUND('',#7027,.T.);
#7571=FACE_BOUND('',#7028,.T.);
#7572=FACE_BOUND('',#7029,.T.);
#7573=FACE_BOUND('',#7030,.T.);
#7574=FACE_BOUND('',#7031,.T.);
#7575=FACE_BOUND('',#7032,.T.);
#7576=FACE_BOUND('',#7033,.T.);
#7577=FACE_BOUND('',#7034,.T.);
#7578=FACE_BOUND('',#7035,.T.);
#7579=FACE_BOUND('',#7036,.T.);
#7580=FACE_BOUND('',#7037,.T.);
#7581=FACE_BOUND('',#7038,.T.);
#7582=FACE_BOUND('',#7039,.T.);
#7583=FACE_BOUND('',#7040,.T.);
#7584=FACE_BOUND('',#7041,.T.);
#7585=FACE_BOUND('',#7042,.T.);
#7586=FACE_BOUND('',#7043,.T.);
#7587=FACE_BOUND('',#7044,.T.);
#7588=FACE_BOUND('',#7045,.T.);
#7589=FACE_BOUND('',#7046,.T.);
#7590=FACE_BOUND('',#7047,.T.);
#7591=FACE_BOUND('',#7048,.T.);
#7592=FACE_BOUND('',#7049,.T.);
#7593=FACE_BOUND('',#7050,.T.);
#7594=FACE_BOUND('',#7051,.T.);
#7595=FACE_BOUND('',#7052,.T.);
#7596=FACE_BOUND('',#7053,.T.);
#7597=FACE_BOUND('',#7054,.T.);
#7598=FACE_BOUND('',#7055,.T.);
#7599=FACE_BOUND('',#7056,.T.);
#7600=FACE_BOUND('',#7057,.T.);
#7601=FACE_BOUND('',#7058,.T.);
#7602=FACE_BOUND('',#7059,.T.);
#7603=FACE_BOUND('',#7060,.T.);
#7604=FACE_BOUND('',#7061,.T.);
#7605=FACE_BOUND('',#7062,.T.);
#7606=FACE_BOUND('',#7063,.T.);
#7607=FACE_BOUND('',#7064,.T.);
#7608=FACE_BOUND('',#7065,.T.);
#7609=FACE_BOUND('',#7066,.T.);
#7610=FACE_BOUND('',#7067,.T.);
#7611=FACE_BOUND('',#7068,.T.);
#7612=FACE_BOUND('',#7069,.T.);
#7613=FACE_BOUND('',#7070,.T.);
#7614=FACE_BOUND('',#7071,.T.);
#7615=FACE_BOUND('',#7072,.T.);
#7616=FACE_BOUND('',#7073,.T.);
#7617=FACE_BOUND('',#7074,.T.);
#7618=FACE_BOUND('',#7075,.T.);
#7619=FACE_BOUND('',#7076,.T.);
#7620=FACE_BOUND('',#7077,.T.);
#7621=FACE_BOUND('',#7078,.T.);
#7622=FACE_BOUND('',#7079,.T.);
#7623=FACE_BOUND('',#7080,.T.);
#7624=FACE_BOUND('',#7081,.T.);
#7625=FACE_BOUND('',#7082,.T.);
#7626=FACE_BOUND('',#7083,.T.);
#7627=FACE_BOUND('',#7084,.T.);
#7628=FACE_BOUND('',#7085,.T.);
#7629=FACE_BOUND('',#7086,.T.);
#7630=FACE_BOUND('',#7087,.T.);
#7631=FACE_BOUND('',#7088,.T.);
#7632=FACE_BOUND('',#7089,.T.);
#7633=FACE_BOUND('',#7090,.T.);
#7634=FACE_BOUND('',#7091,.T.);
#7635=FACE_BOUND('',#7092,.T.);
#7636=FACE_BOUND('',#7093,.T.);
#7637=FACE_BOUND('',#7094,.T.);
#7638=FACE_BOUND('',#7095,.T.);
#7639=FACE_BOUND('',#7096,.T.);
#7640=FACE_BOUND('',#7097,.T.);
#7641=FACE_BOUND('',#7098,.T.);
#7642=FACE_BOUND('',#7099,.T.);
#7643=FACE_BOUND('',#7100,.T.);
#7644=FACE_BOUND('',#7101,.T.);
#7645=FACE_BOUND('',#7102,.T.);
#7646=FACE_BOUND('',#7103,.T.);
#7647=FACE_BOUND('',#7104,.T.);
#7648=FACE_BOUND('',#7105,.T.);
#7649=FACE_BOUND('',#7106,.T.);
#7650=FACE_BOUND('',#7107,.T.);
#7651=FACE_BOUND('',#7108,.T.);
#7652=FACE_BOUND('',#7109,.T.);
#7653=FACE_BOUND('',#7110,.T.);
#7654=FACE_BOUND('',#7111,.T.);
#7655=FACE_BOUND('',#7112,.T.);
#7656=FACE_BOUND('',#7113,.T.);
#7657=FACE_BOUND('',#7114,.T.);
#7658=FACE_BOUND('',#7115,.T.);
#7659=FACE_BOUND('',#7116,.T.);
#7660=FACE_BOUND('',#7117,.T.);
#7661=FACE_BOUND('',#7118,.T.);
#7662=FACE_BOUND('',#7119,.T.);
#7663=FACE_BOUND('',#7120,.T.);
#7664=FACE_BOUND('',#7121,.T.);
#7665=FACE_BOUND('',#7122,.T.);
#7666=FACE_BOUND('',#7123,.T.);
#7667=FACE_BOUND('',#7124,.T.);
#7668=FACE_BOUND('',#7125,.T.);
#7669=FACE_BOUND('',#7126,.T.);
#7670=FACE_BOUND('',#7127,.T.);
#7671=FACE_BOUND('',#7128,.T.);
#7672=FACE_BOUND('',#7129,.T.);
#7673=FACE_BOUND('',#7130,.T.);
#7674=FACE_BOUND('',#7131,.T.);
#7675=FACE_BOUND('',#7132,.T.);
#7676=FACE_BOUND('',#7133,.T.);
#7677=FACE_BOUND('',#7134,.T.);
#7678=FACE_BOUND('',#7135,.T.);
#7679=FACE_BOUND('',#7136,.T.);
#7680=FACE_BOUND('',#7137,.T.);
#7681=FACE_BOUND('',#7138,.T.);
#7682=FACE_BOUND('',#7139,.T.);
#7683=FACE_BOUND('',#7140,.T.);
#7684=FACE_BOUND('',#7141,.T.);
#7685=FACE_BOUND('',#7142,.T.);
#7686=FACE_BOUND('',#7143,.T.);
#7687=FACE_BOUND('',#7144,.T.);
#7688=FACE_BOUND('',#7145,.T.);
#7689=FACE_BOUND('',#7146,.T.);
#7690=FACE_BOUND('',#7147,.T.);
#7691=FACE_BOUND('',#7148,.T.);
#7692=FACE_BOUND('',#7149,.T.);
#7693=FACE_BOUND('',#7150,.T.);
#7694=FACE_BOUND('',#7151,.T.);
#7695=FACE_BOUND('',#7152,.T.);
#7696=FACE_BOUND('',#7153,.T.);
#7697=FACE_BOUND('',#7154,.T.);
#7698=FACE_BOUND('',#7155,.T.);
#7699=FACE_BOUND('',#7156,.T.);
#7700=FACE_BOUND('',#7157,.T.);
#7701=FACE_BOUND('',#7158,.T.);
#7702=FACE_BOUND('',#7159,.T.);
#7703=FACE_BOUND('',#7160,.T.);
#7704=FACE_BOUND('',#7161,.T.);
#7705=FACE_BOUND('',#7162,.T.);
#7706=FACE_BOUND('',#7163,.T.);
#7707=FACE_BOUND('',#7164,.T.);
#7708=FACE_BOUND('',#7165,.T.);
#7709=FACE_BOUND('',#7166,.T.);
#7710=FACE_BOUND('',#7167,.T.);
#7711=FACE_BOUND('',#7168,.T.);
#7712=FACE_BOUND('',#7169,.T.);
#7713=FACE_BOUND('',#7170,.T.);
#7714=FACE_BOUND('',#7171,.T.);
#7715=FACE_BOUND('',#7172,.T.);
#7716=FACE_BOUND('',#7173,.T.);
#7717=FACE_BOUND('',#7174,.T.);
#7718=FACE_BOUND('',#7175,.T.);
#7719=FACE_BOUND('',#7176,.T.);
#7720=FACE_BOUND('',#7177,.T.);
#7721=FACE_BOUND('',#7178,.T.);
#7722=FACE_BOUND('',#7179,.T.);
#7723=FACE_BOUND('',#7180,.T.);
#7724=FACE_BOUND('',#7181,.T.);
#7725=FACE_BOUND('',#7182,.T.);
#7726=FACE_BOUND('',#7183,.T.);
#7727=FACE_BOUND('',#7184,.T.);
#7728=FACE_BOUND('',#7185,.T.);
#7729=FACE_BOUND('',#7186,.T.);
#7730=FACE_BOUND('',#7187,.T.);
#7731=FACE_BOUND('',#7188,.T.);
#7732=FACE_BOUND('',#7189,.T.);
#7733=FACE_BOUND('',#7190,.T.);
#7734=FACE_BOUND('',#7191,.T.);
#7735=FACE_BOUND('',#7192,.T.);
#7736=FACE_BOUND('',#7193,.T.);
#7737=FACE_BOUND('',#7194,.T.);
#7738=FACE_BOUND('',#7195,.T.);
#7739=FACE_BOUND('',#7196,.T.);
#7740=FACE_BOUND('',#7197,.T.);
#7741=FACE_BOUND('',#7198,.T.);
#7742=FACE_BOUND('',#7199,.T.);
#7743=FACE_BOUND('',#7200,.T.);
#7744=FACE_BOUND('',#7201,.T.);
#7745=FACE_BOUND('',#7202,.T.);
#7746=FACE_BOUND('',#7203,.T.);
#7747=FACE_BOUND('',#7204,.T.);
#7748=FACE_BOUND('',#7205,.T.);
#7749=FACE_BOUND('',#7206,.T.);
#7750=FACE_BOUND('',#7207,.T.);
#7751=FACE_BOUND('',#7208,.T.);
#7752=FACE_BOUND('',#7209,.T.);
#7753=FACE_BOUND('',#7210,.T.);
#7754=FACE_BOUND('',#7211,.T.);
#7755=FACE_BOUND('',#7212,.T.);
#7756=FACE_BOUND('',#7213,.T.);
#7757=FACE_BOUND('',#7214,.T.);
#7758=FACE_BOUND('',#7215,.T.);
#7759=FACE_BOUND('',#7216,.T.);
#7760=FACE_BOUND('',#7217,.T.);
#7761=FACE_BOUND('',#7218,.T.);
#7762=FACE_BOUND('',#7219,.T.);
#7763=FACE_BOUND('',#7220,.T.);
#7764=FACE_BOUND('',#7221,.T.);
#7765=FACE_BOUND('',#7222,.T.);
#7766=FACE_BOUND('',#7223,.T.);
#7767=FACE_BOUND('',#7224,.T.);
#7768=FACE_BOUND('',#7225,.T.);
#7769=FACE_BOUND('',#7226,.T.);
#7770=FACE_BOUND('',#7227,.T.);
#7771=FACE_BOUND('',#7228,.T.);
#7772=FACE_BOUND('',#7229,.T.);
#7773=FACE_BOUND('',#7230,.T.);
#7774=FACE_BOUND('',#7231,.T.);
#7775=FACE_BOUND('',#7232,.T.);
#7776=FACE_BOUND('',#7233,.T.);
#7777=FACE_BOUND('',#7234,.T.);
#7778=FACE_BOUND('',#7235,.T.);
#7779=FACE_BOUND('',#7236,.T.);
#7780=FACE_BOUND('',#7237,.T.);
#7781=FACE_BOUND('',#7238,.T.);
#7782=FACE_BOUND('',#7239,.T.);
#7783=FACE_BOUND('',#7240,.T.);
#7784=FACE_BOUND('',#7241,.T.);
#7785=FACE_BOUND('',#7242,.T.);
#7786=FACE_BOUND('',#7243,.T.);
#7787=FACE_BOUND('',#7244,.T.);
#7788=FACE_BOUND('',#7245,.T.);
#7789=FACE_BOUND('',#7246,.T.);
#7790=FACE_BOUND('',#7247,.T.);
#7791=FACE_BOUND('',#7248,.T.);
#7792=FACE_BOUND('',#7249,.T.);
#7793=FACE_BOUND('',#7250,.T.);
#7794=FACE_BOUND('',#7251,.T.);
#7795=FACE_BOUND('',#7252,.T.);
#7796=FACE_BOUND('',#7253,.T.);
#7797=FACE_BOUND('',#7254,.T.);
#7798=FACE_BOUND('',#7255,.T.);
#7799=FACE_BOUND('',#7256,.T.);
#7800=FACE_BOUND('',#7257,.T.);
#7801=FACE_BOUND('',#7258,.T.);
#7802=FACE_BOUND('',#7259,.T.);
#7803=FACE_BOUND('',#7260,.T.);
#7804=FACE_BOUND('',#7261,.T.);
#7805=FACE_BOUND('',#7262,.T.);
#7806=FACE_BOUND('',#7263,.T.);
#7807=FACE_BOUND('',#7264,.T.);
#7808=FACE_BOUND('',#7265,.T.);
#7809=FACE_BOUND('',#7266,.T.);
#7810=FACE_BOUND('',#7267,.T.);
#7811=FACE_BOUND('',#7268,.T.);
#7812=FACE_BOUND('',#7269,.T.);
#7813=FACE_BOUND('',#7270,.T.);
#7814=FACE_BOUND('',#7271,.T.);
#7815=FACE_BOUND('',#7272,.T.);
#7816=FACE_BOUND('',#7273,.T.);
#7817=FACE_BOUND('',#7274,.T.);
#7818=FACE_BOUND('',#7275,.T.);
#7819=FACE_BOUND('',#7276,.T.);
#7820=FACE_BOUND('',#7277,.T.);
#7821=FACE_BOUND('',#7278,.T.);
#7822=FACE_BOUND('',#7279,.T.);
#7823=FACE_BOUND('',#7280,.T.);
#7824=FACE_BOUND('',#7281,.T.);
#7825=FACE_BOUND('',#7282,.T.);
#7826=FACE_BOUND('',#7283,.T.);
#7827=FACE_BOUND('',#7284,.T.);
#7828=FACE_BOUND('',#7285,.T.);
#7829=FACE_BOUND('',#7286,.T.);
#7830=FACE_BOUND('',#7287,.T.);
#7831=FACE_BOUND('',#7288,.T.);
#7832=FACE_BOUND('',#7289,.T.);
#7833=FACE_BOUND('',#7290,.T.);
#7834=FACE_BOUND('',#7291,.T.);
#7835=FACE_BOUND('',#7292,.T.);
#7836=FACE_BOUND('',#7293,.T.);
#7837=FACE_BOUND('',#7294,.T.);
#7838=FACE_BOUND('',#7295,.T.);
#7839=FACE_BOUND('',#7296,.T.);
#7840=FACE_BOUND('',#7297,.T.);
#7841=FACE_BOUND('',#7298,.T.);
#7842=FACE_BOUND('',#7299,.T.);
#7843=FACE_BOUND('',#7300,.T.);
#7844=FACE_BOUND('',#7301,.T.);
#7845=FACE_BOUND('',#7302,.T.);
#7846=FACE_BOUND('',#7303,.T.);
#7847=FACE_BOUND('',#7304,.T.);
#7848=FACE_BOUND('',#7305,.T.);
#7849=FACE_BOUND('',#7306,.T.);
#7850=FACE_BOUND('',#7307,.T.);
#7851=FACE_BOUND('',#7308,.T.);
#7852=FACE_BOUND('',#7309,.T.);
#7853=FACE_BOUND('',#7310,.T.);
#7854=FACE_BOUND('',#7311,.T.);
#7855=FACE_BOUND('',#7312,.T.);
#7856=FACE_BOUND('',#7313,.T.);
#7857=FACE_BOUND('',#7314,.T.);
#7858=FACE_BOUND('',#7315,.T.);
#7859=FACE_BOUND('',#7316,.T.);
#7860=FACE_BOUND('',#7317,.T.);
#7861=FACE_BOUND('',#7318,.T.);
#7862=FACE_BOUND('',#7319,.T.);
#7863=FACE_BOUND('',#7320,.T.);
#7864=FACE_BOUND('',#7321,.T.);
#7865=FACE_BOUND('',#7322,.T.);
#7866=FACE_BOUND('',#7323,.T.);
#7867=FACE_BOUND('',#7324,.T.);
#7868=FACE_BOUND('',#7325,.T.);
#7869=FACE_BOUND('',#7326,.T.);
#7870=FACE_BOUND('',#7327,.T.);
#7871=FACE_BOUND('',#7328,.T.);
#7872=FACE_BOUND('',#7329,.T.);
#7873=FACE_BOUND('',#7330,.T.);
#7874=FACE_BOUND('',#7331,.T.);
#7875=FACE_BOUND('',#7332,.T.);
#7876=FACE_BOUND('',#7333,.T.);
#7877=FACE_BOUND('',#7334,.T.);
#7878=FACE_BOUND('',#7335,.T.);
#7879=FACE_BOUND('',#7336,.T.);
#7880=FACE_BOUND('',#7337,.T.);
#7881=FACE_BOUND('',#7338,.T.);
#7882=FACE_BOUND('',#7339,.T.);
#7883=FACE_BOUND('',#7340,.T.);
#7884=FACE_BOUND('',#7341,.T.);
#7885=FACE_BOUND('',#7342,.T.);
#7886=FACE_BOUND('',#7343,.T.);
#7887=FACE_BOUND('',#7344,.T.);
#7888=FACE_BOUND('',#7345,.T.);
#7889=FACE_BOUND('',#7346,.T.);
#7890=FACE_BOUND('',#7347,.T.);
#7891=FACE_BOUND('',#7348,.T.);
#7892=FACE_BOUND('',#7349,.T.);
#7893=FACE_BOUND('',#7350,.T.);
#7894=FACE_BOUND('',#7351,.T.);
#7895=FACE_BOUND('',#7352,.T.);
#7896=FACE_BOUND('',#7353,.T.);
#7897=FACE_BOUND('',#7354,.T.);
#7898=FACE_BOUND('',#7355,.T.);
#7899=FACE_BOUND('',#7356,.T.);
#7900=FACE_BOUND('',#7357,.T.);
#7901=FACE_BOUND('',#7358,.T.);
#7902=FACE_BOUND('',#7359,.T.);
#7903=FACE_BOUND('',#7360,.T.);
#7904=FACE_BOUND('',#7361,.T.);
#7905=FACE_BOUND('',#7362,.T.);
#7906=FACE_BOUND('',#7363,.T.);
#7907=FACE_BOUND('',#7364,.T.);
#7908=FACE_BOUND('',#7365,.T.);
#7909=FACE_BOUND('',#7366,.T.);
#7910=FACE_BOUND('',#7367,.T.);
#7911=FACE_BOUND('',#7368,.T.);
#7912=FACE_BOUND('',#7369,.T.);
#7913=FACE_BOUND('',#7370,.T.);
#7914=FACE_BOUND('',#7371,.T.);
#7915=FACE_BOUND('',#7372,.T.);
#7916=FACE_BOUND('',#7373,.T.);
#7917=FACE_BOUND('',#7374,.T.);
#7918=FACE_BOUND('',#7375,.T.);
#7919=FACE_BOUND('',#7376,.T.);
#7920=FACE_BOUND('',#7377,.T.);
#7921=FACE_BOUND('',#7378,.T.);
#7922=FACE_BOUND('',#7379,.T.);
#7923=FACE_BOUND('',#7380,.T.);
#7924=FACE_BOUND('',#7381,.T.);
#7925=FACE_BOUND('',#7382,.T.);
#7926=FACE_BOUND('',#7383,.T.);
#7927=FACE_BOUND('',#7384,.T.);
#7928=FACE_BOUND('',#7385,.T.);
#7929=FACE_BOUND('',#7386,.T.);
#7930=FACE_BOUND('',#7387,.T.);
#7931=FACE_BOUND('',#7388,.T.);
#7932=FACE_BOUND('',#7389,.T.);
#7933=FACE_BOUND('',#7390,.T.);
#7934=FACE_BOUND('',#7391,.T.);
#7935=FACE_BOUND('',#7392,.T.);
#7936=FACE_BOUND('',#7393,.T.);
#7937=FACE_BOUND('',#7394,.T.);
#7938=FACE_BOUND('',#7395,.T.);
#7939=FACE_BOUND('',#7396,.T.);
#7940=FACE_BOUND('',#7397,.T.);
#7941=FACE_BOUND('',#7398,.T.);
#7942=FACE_BOUND('',#7399,.T.);
#7943=FACE_BOUND('',#7400,.T.);
#7944=FACE_BOUND('',#7401,.T.);
#7945=FACE_BOUND('',#7402,.T.);
#7946=FACE_BOUND('',#7403,.T.);
#7947=FACE_BOUND('',#7404,.T.);
#7948=FACE_BOUND('',#7405,.T.);
#7949=FACE_BOUND('',#7406,.T.);
#7950=FACE_BOUND('',#7407,.T.);
#7951=FACE_BOUND('',#7408,.T.);
#7952=FACE_BOUND('',#7409,.T.);
#7953=FACE_BOUND('',#7410,.T.);
#7954=FACE_BOUND('',#7411,.T.);
#7955=FACE_BOUND('',#7412,.T.);
#7956=FACE_BOUND('',#7413,.T.);
#7957=FACE_BOUND('',#7414,.T.);
#7958=FACE_BOUND('',#7415,.T.);
#7959=FACE_BOUND('',#7416,.T.);
#7960=FACE_BOUND('',#7417,.T.);
#7961=FACE_BOUND('',#7418,.T.);
#7962=FACE_BOUND('',#7419,.T.);
#7963=FACE_BOUND('',#7420,.T.);
#7964=FACE_BOUND('',#7421,.T.);
#7965=FACE_BOUND('',#7422,.T.);
#7966=FACE_BOUND('',#7423,.T.);
#7967=FACE_BOUND('',#7424,.T.);
#7968=FACE_BOUND('',#7425,.T.);
#7969=FACE_BOUND('',#7426,.T.);
#7970=FACE_BOUND('',#7427,.T.);
#7971=FACE_BOUND('',#7428,.T.);
#7972=FACE_BOUND('',#7429,.T.);
#7973=FACE_BOUND('',#7430,.T.);
#7974=FACE_BOUND('',#7431,.T.);
#7975=FACE_BOUND('',#7432,.T.);
#7976=FACE_BOUND('',#7433,.T.);
#7977=FACE_BOUND('',#7434,.T.);
#7978=FACE_BOUND('',#7435,.T.);
#7979=FACE_BOUND('',#7436,.T.);
#7980=FACE_BOUND('',#7437,.T.);
#7981=FACE_BOUND('',#7438,.T.);
#7982=FACE_BOUND('',#7439,.T.);
#7983=FACE_BOUND('',#7440,.T.);
#7984=FACE_BOUND('',#7441,.T.);
#7985=FACE_BOUND('',#7442,.T.);
#7986=FACE_BOUND('',#7443,.T.);
#7987=FACE_BOUND('',#7444,.T.);
#7988=FACE_BOUND('',#7445,.T.);
#7989=FACE_BOUND('',#7446,.T.);
#7990=FACE_BOUND('',#7447,.T.);
#7991=FACE_BOUND('',#7448,.T.);
#7992=FACE_BOUND('',#7449,.T.);
#7993=FACE_BOUND('',#7450,.T.);
#7994=FACE_BOUND('',#7451,.T.);
#7995=FACE_BOUND('',#7452,.T.);
#7996=FACE_BOUND('',#7453,.T.);
#7997=FACE_BOUND('',#7454,.T.);
#7998=FACE_BOUND('',#7455,.T.);
#7999=PLANE('',#8724);
#8000=PLANE('',#8725);
#8001=PLANE('',#8726);
#8002=PLANE('',#8727);
#8003=PLANE('',#8728);
#8004=PLANE('',#8729);
#8005=PLANE('',#8850);
#8006=PLANE('',#8851);
#8007=PLANE('',#8852);
#8008=PLANE('',#8853);
#8009=PLANE('',#8854);
#8010=PLANE('',#8855);
#8011=PLANE('',#8856);
#8012=PLANE('',#8857);
#8013=PLANE('',#8858);
#8014=PLANE('',#8859);
#8015=PLANE('',#8860);
#8016=PLANE('',#8861);
#8017=PLANE('',#8862);
#8018=PLANE('',#8863);
#8019=PLANE('',#8864);
#8020=PLANE('',#8865);
#8021=PLANE('',#8866);
#8022=PLANE('',#8867);
#8023=PLANE('',#8868);
#8024=PLANE('',#8869);
#8025=PLANE('',#8870);
#8026=PLANE('',#8871);
#8027=PLANE('',#8872);
#8028=PLANE('',#8873);
#8029=PLANE('',#8874);
#8030=PLANE('',#8875);
#8031=PLANE('',#8876);
#8032=PLANE('',#8877);
#8033=PLANE('',#8878);
#8034=PLANE('',#8879);
#8035=PLANE('',#8880);
#8036=PLANE('',#8881);
#8037=PLANE('',#8882);
#8038=PLANE('',#8883);
#8039=PLANE('',#8884);
#8040=PLANE('',#8885);
#8041=PLANE('',#8886);
#8042=PLANE('',#8887);
#8043=PLANE('',#8888);
#8044=PLANE('',#8889);
#8045=PLANE('',#8890);
#8046=PLANE('',#8891);
#8047=PLANE('',#8892);
#8048=PLANE('',#8893);
#8049=PLANE('',#8894);
#8050=PLANE('',#8895);
#8051=PLANE('',#8896);
#8052=PLANE('',#8897);
#8053=PLANE('',#8898);
#8054=PLANE('',#8899);
#8055=PLANE('',#8900);
#8056=PLANE('',#8901);
#8057=PLANE('',#8902);
#8058=PLANE('',#8903);
#8059=PLANE('',#8904);
#8060=PLANE('',#8905);
#8061=PLANE('',#8906);
#8062=PLANE('',#8907);
#8063=PLANE('',#8908);
#8064=PLANE('',#8909);
#8065=PLANE('',#8910);
#8066=PLANE('',#8911);
#8067=PLANE('',#8912);
#8068=PLANE('',#8913);
#8069=PLANE('',#8914);
#8070=PLANE('',#8915);
#8071=PLANE('',#8916);
#8072=PLANE('',#8917);
#8073=PLANE('',#8918);
#8074=PLANE('',#8919);
#8075=PLANE('',#8920);
#8076=PLANE('',#8921);
#8077=PLANE('',#8922);
#8078=PLANE('',#8923);
#8079=PLANE('',#8924);
#8080=PLANE('',#8925);
#8081=PLANE('',#8926);
#8082=PLANE('',#8927);
#8083=PLANE('',#8928);
#8084=PLANE('',#8929);
#8085=PLANE('',#8930);
#8086=PLANE('',#8931);
#8087=PLANE('',#8932);
#8088=PLANE('',#8933);
#8089=PLANE('',#8934);
#8090=PLANE('',#8935);
#8091=PLANE('',#8936);
#8092=PLANE('',#8937);
#8093=PLANE('',#8938);
#8094=PLANE('',#8939);
#8095=PLANE('',#8940);
#8096=PLANE('',#8941);
#8097=PLANE('',#8942);
#8098=PLANE('',#8943);
#8099=PLANE('',#8944);
#8100=PLANE('',#8945);
#8101=PLANE('',#8946);
#8102=PLANE('',#8947);
#8103=PLANE('',#8948);
#8104=PLANE('',#8949);
#8105=PLANE('',#8950);
#8106=PLANE('',#8951);
#8107=PLANE('',#8952);
#8108=PLANE('',#8953);
#8109=PLANE('',#8954);
#8110=PLANE('',#8955);
#8111=PLANE('',#8956);
#8112=PLANE('',#8957);
#8113=PLANE('',#8958);
#8114=PLANE('',#8959);
#8115=PLANE('',#8960);
#8116=PLANE('',#8961);
#8117=PLANE('',#8962);
#8118=PLANE('',#8963);
#8119=PLANE('',#8964);
#8120=PLANE('',#8965);
#8121=PLANE('',#8966);
#8122=PLANE('',#8967);
#8123=PLANE('',#8968);
#8124=PLANE('',#8969);
#8125=PLANE('',#8970);
#8126=PLANE('',#8971);
#8127=PLANE('',#8972);
#8128=PLANE('',#8973);
#8129=PLANE('',#8974);
#8130=PLANE('',#8975);
#8131=PLANE('',#8976);
#8132=PLANE('',#8977);
#8133=PLANE('',#8978);
#8134=PLANE('',#8979);
#8135=PLANE('',#8980);
#8136=PLANE('',#8981);
#8137=PLANE('',#8982);
#8138=PLANE('',#8983);
#8139=PLANE('',#8984);
#8140=PLANE('',#8985);
#8141=PLANE('',#8986);
#8142=PLANE('',#8987);
#8143=PLANE('',#8988);
#8144=PLANE('',#8989);
#8145=PLANE('',#8990);
#8146=PLANE('',#8991);
#8147=PLANE('',#8992);
#8148=PLANE('',#8993);
#8149=PLANE('',#8994);
#8150=PLANE('',#8995);
#8151=PLANE('',#8996);
#8152=PLANE('',#8997);
#8153=PLANE('',#8998);
#8154=PLANE('',#8999);
#8155=PLANE('',#9000);
#8156=PLANE('',#9001);
#8157=PLANE('',#9002);
#8158=PLANE('',#9003);
#8159=PLANE('',#9004);
#8160=PLANE('',#9005);
#8161=PLANE('',#9006);
#8162=PLANE('',#9007);
#8163=PLANE('',#9008);
#8164=PLANE('',#9009);
#8165=PLANE('',#9010);
#8166=PLANE('',#9011);
#8167=PLANE('',#9012);
#8168=PLANE('',#9019);
#8169=PLANE('',#9023);
#8170=PLANE('',#9027);
#8171=PLANE('',#9031);
#8172=PLANE('',#9035);
#8173=PLANE('',#9036);
#8174=PLANE('',#9040);
#8175=PLANE('',#9047);
#8176=PLANE('',#9051);
#8177=PLANE('',#9055);
#8178=PLANE('',#9059);
#8179=PLANE('',#9063);
#8180=PLANE('',#9067);
#8181=PLANE('',#9071);
#8182=PLANE('',#9075);
#8183=PLANE('',#9079);
#8184=PLANE('',#9083);
#8185=PLANE('',#9087);
#8186=PLANE('',#9091);
#8187=PLANE('',#9095);
#8188=PLANE('',#9096);
#8189=PLANE('',#9100);
#8190=PLANE('',#9104);
#8191=PLANE('',#9108);
#8192=PLANE('',#9112);
#8193=PLANE('',#9116);
#8194=PLANE('',#9120);
#8195=PLANE('',#9124);
#8196=PLANE('',#9128);
#8197=PLANE('',#9132);
#8198=PLANE('',#9136);
#8199=PLANE('',#9140);
#8200=PLANE('',#9141);
#8201=PLANE('',#9145);
#8202=PLANE('',#9149);
#8203=PLANE('',#9153);
#8204=PLANE('',#9157);
#8205=PLANE('',#9161);
#8206=PLANE('',#9165);
#8207=PLANE('',#9169);
#8208=PLANE('',#9173);
#8209=PLANE('',#9177);
#8210=PLANE('',#9181);
#8211=PLANE('',#9185);
#8212=PLANE('',#9186);
#8213=PLANE('',#9190);
#8214=PLANE('',#9197);
#8215=PLANE('',#9201);
#8216=PLANE('',#9205);
#8217=PLANE('',#9209);
#8218=PLANE('',#9213);
#8219=PLANE('',#9217);
#8220=PLANE('',#9221);
#8221=PLANE('',#9225);
#8222=PLANE('',#9229);
#8223=PLANE('',#9233);
#8224=PLANE('',#9237);
#8225=PLANE('',#9247);
#8226=PLANE('',#9251);
#8227=PLANE('',#9258);
#8228=PLANE('',#9262);
#8229=PLANE('',#9266);
#8230=PLANE('',#9273);
#8231=PLANE('',#9274);
#8232=PLANE('',#9278);
#8233=PLANE('',#9282);
#8234=PLANE('',#9283);
#8235=PLANE('',#9287);
#8236=PLANE('',#9291);
#8237=PLANE('',#9292);
#8238=PLANE('',#9317);
#8239=PLANE('',#9318);
#8240=PLANE('',#9319);
#8241=PLANE('',#9320);
#8242=PLANE('',#9321);
#8243=PLANE('',#9322);
#8244=PLANE('',#9323);
#8245=PLANE('',#9324);
#8246=PLANE('',#9325);
#8247=PLANE('',#9326);
#8248=PLANE('',#9327);
#8249=PLANE('',#9328);
#8250=PLANE('',#9329);
#8251=PLANE('',#9330);
#8252=PLANE('',#9331);
#8253=PLANE('',#9332);
#8254=PLANE('',#9333);
#8255=PLANE('',#9334);
#8256=PLANE('',#9335);
#8257=PLANE('',#9336);
#8258=PLANE('',#9337);
#8259=PLANE('',#9338);
#8260=PLANE('',#9339);
#8261=PLANE('',#9340);
#8262=PLANE('',#9341);
#8263=PLANE('',#9342);
#8264=PLANE('',#9343);
#8265=PLANE('',#9344);
#8266=PLANE('',#9345);
#8267=PLANE('',#9346);
#8268=PLANE('',#9347);
#8269=PLANE('',#9348);
#8270=PLANE('',#9349);
#8271=PLANE('',#9350);
#8272=PLANE('',#9351);
#8273=PLANE('',#9352);
#8274=PLANE('',#9353);
#8275=PLANE('',#9354);
#8276=PLANE('',#9355);
#8277=PLANE('',#9356);
#8278=PLANE('',#9357);
#8279=PLANE('',#9358);
#8280=PLANE('',#9359);
#8281=PLANE('',#9360);
#8282=PLANE('',#9361);
#8283=PLANE('',#9362);
#8284=PLANE('',#9363);
#8285=PLANE('',#9364);
#8286=PLANE('',#9365);
#8287=PLANE('',#9366);
#8288=PLANE('',#9367);
#8289=PLANE('',#9368);
#8290=PLANE('',#9369);
#8291=PLANE('',#9370);
#8292=PLANE('',#9371);
#8293=PLANE('',#9372);
#8294=PLANE('',#9373);
#8295=PLANE('',#9374);
#8296=ADVANCED_FACE('',(#7456),#7999,.F.);
#8297=ADVANCED_FACE('',(#7457),#8000,.F.);
#8298=ADVANCED_FACE('',(#7458),#8001,.F.);
#8299=ADVANCED_FACE('',(#7459),#8002,.T.);
#8300=ADVANCED_FACE('',(#7460),#8003,.F.);
#8301=ADVANCED_FACE('',(#7461),#8004,.T.);
#8302=ADVANCED_FACE('',(#7462),#250,.F.);
#8303=ADVANCED_FACE('',(#7463),#251,.F.);
#8304=ADVANCED_FACE('',(#7464),#252,.F.);
#8305=ADVANCED_FACE('',(#7465),#253,.F.);
#8306=ADVANCED_FACE('',(#7466),#254,.F.);
#8307=ADVANCED_FACE('',(#7467),#255,.F.);
#8308=ADVANCED_FACE('',(#7468),#256,.F.);
#8309=ADVANCED_FACE('',(#7469),#257,.F.);
#8310=ADVANCED_FACE('',(#7470),#258,.F.);
#8311=ADVANCED_FACE('',(#7471),#259,.F.);
#8312=ADVANCED_FACE('',(#7472),#260,.F.);
#8313=ADVANCED_FACE('',(#7473),#261,.F.);
#8314=ADVANCED_FACE('',(#7474),#262,.F.);
#8315=ADVANCED_FACE('',(#7475),#263,.F.);
#8316=ADVANCED_FACE('',(#7476),#264,.F.);
#8317=ADVANCED_FACE('',(#7477),#265,.F.);
#8318=ADVANCED_FACE('',(#7478),#266,.F.);
#8319=ADVANCED_FACE('',(#7479),#267,.F.);
#8320=ADVANCED_FACE('',(#7480),#268,.F.);
#8321=ADVANCED_FACE('',(#7481),#269,.F.);
#8322=ADVANCED_FACE('',(#7482),#270,.F.);
#8323=ADVANCED_FACE('',(#7483),#271,.F.);
#8324=ADVANCED_FACE('',(#7484),#272,.F.);
#8325=ADVANCED_FACE('',(#7485),#273,.F.);
#8326=ADVANCED_FACE('',(#7486),#274,.F.);
#8327=ADVANCED_FACE('',(#7487),#275,.F.);
#8328=ADVANCED_FACE('',(#7488),#276,.F.);
#8329=ADVANCED_FACE('',(#7489),#277,.F.);
#8330=ADVANCED_FACE('',(#7490),#278,.F.);
#8331=ADVANCED_FACE('',(#7491),#279,.F.);
#8332=ADVANCED_FACE('',(#7492),#280,.F.);
#8333=ADVANCED_FACE('',(#7493),#281,.F.);
#8334=ADVANCED_FACE('',(#7494),#282,.F.);
#8335=ADVANCED_FACE('',(#7495),#283,.F.);
#8336=ADVANCED_FACE('',(#7496),#284,.F.);
#8337=ADVANCED_FACE('',(#7497),#285,.F.);
#8338=ADVANCED_FACE('',(#7498),#286,.F.);
#8339=ADVANCED_FACE('',(#7499),#287,.F.);
#8340=ADVANCED_FACE('',(#7500),#288,.F.);
#8341=ADVANCED_FACE('',(#7501),#289,.F.);
#8342=ADVANCED_FACE('',(#7502),#8005,.T.);
#8343=ADVANCED_FACE('',(#7503),#8006,.T.);
#8344=ADVANCED_FACE('',(#7504),#8007,.T.);
#8345=ADVANCED_FACE('',(#7505),#8008,.T.);
#8346=ADVANCED_FACE('',(#7506),#8009,.T.);
#8347=ADVANCED_FACE('',(#7507),#8010,.T.);
#8348=ADVANCED_FACE('',(#7508),#8011,.T.);
#8349=ADVANCED_FACE('',(#7509),#8012,.T.);
#8350=ADVANCED_FACE('',(#7510),#8013,.T.);
#8351=ADVANCED_FACE('',(#7511),#8014,.T.);
#8352=ADVANCED_FACE('',(#7512),#8015,.T.);
#8353=ADVANCED_FACE('',(#7513),#8016,.T.);
#8354=ADVANCED_FACE('',(#7514),#8017,.T.);
#8355=ADVANCED_FACE('',(#7515),#8018,.T.);
#8356=ADVANCED_FACE('',(#7516),#8019,.T.);
#8357=ADVANCED_FACE('',(#7517),#8020,.T.);
#8358=ADVANCED_FACE('',(#7518),#8021,.T.);
#8359=ADVANCED_FACE('',(#7519),#8022,.T.);
#8360=ADVANCED_FACE('',(#7520),#8023,.T.);
#8361=ADVANCED_FACE('',(#7521),#8024,.T.);
#8362=ADVANCED_FACE('',(#7522),#8025,.T.);
#8363=ADVANCED_FACE('',(#7523),#8026,.T.);
#8364=ADVANCED_FACE('',(#7524),#8027,.T.);
#8365=ADVANCED_FACE('',(#7525),#8028,.T.);
#8366=ADVANCED_FACE('',(#7526),#8029,.T.);
#8367=ADVANCED_FACE('',(#7527),#8030,.T.);
#8368=ADVANCED_FACE('',(#7528),#8031,.T.);
#8369=ADVANCED_FACE('',(#7529),#8032,.T.);
#8370=ADVANCED_FACE('',(#7530),#8033,.T.);
#8371=ADVANCED_FACE('',(#7531),#8034,.T.);
#8372=ADVANCED_FACE('',(#7532),#8035,.T.);
#8373=ADVANCED_FACE('',(#7533),#8036,.T.);
#8374=ADVANCED_FACE('',(#7534),#8037,.T.);
#8375=ADVANCED_FACE('',(#7535),#8038,.T.);
#8376=ADVANCED_FACE('',(#7536),#8039,.T.);
#8377=ADVANCED_FACE('',(#7537),#8040,.T.);
#8378=ADVANCED_FACE('',(#7538),#8041,.T.);
#8379=ADVANCED_FACE('',(#7539),#8042,.T.);
#8380=ADVANCED_FACE('',(#7540),#8043,.T.);
#8381=ADVANCED_FACE('',(#7541),#8044,.T.);
#8382=ADVANCED_FACE('',(#7542),#8045,.T.);
#8383=ADVANCED_FACE('',(#7543),#8046,.T.);
#8384=ADVANCED_FACE('',(#7544),#8047,.T.);
#8385=ADVANCED_FACE('',(#7545),#8048,.T.);
#8386=ADVANCED_FACE('',(#7546),#8049,.T.);
#8387=ADVANCED_FACE('',(#7547),#8050,.T.);
#8388=ADVANCED_FACE('',(#7548),#8051,.T.);
#8389=ADVANCED_FACE('',(#7549),#8052,.T.);
#8390=ADVANCED_FACE('',(#7550),#8053,.T.);
#8391=ADVANCED_FACE('',(#7551),#8054,.T.);
#8392=ADVANCED_FACE('',(#7552),#8055,.T.);
#8393=ADVANCED_FACE('',(#7553),#8056,.T.);
#8394=ADVANCED_FACE('',(#7554),#8057,.T.);
#8395=ADVANCED_FACE('',(#7555),#8058,.T.);
#8396=ADVANCED_FACE('',(#7556),#8059,.T.);
#8397=ADVANCED_FACE('',(#7557),#8060,.T.);
#8398=ADVANCED_FACE('',(#7558),#8061,.T.);
#8399=ADVANCED_FACE('',(#7559),#8062,.T.);
#8400=ADVANCED_FACE('',(#7560),#8063,.T.);
#8401=ADVANCED_FACE('',(#7561),#8064,.T.);
#8402=ADVANCED_FACE('',(#7562),#8065,.T.);
#8403=ADVANCED_FACE('',(#7563),#8066,.T.);
#8404=ADVANCED_FACE('',(#7564),#8067,.T.);
#8405=ADVANCED_FACE('',(#7565),#8068,.T.);
#8406=ADVANCED_FACE('',(#7566),#8069,.T.);
#8407=ADVANCED_FACE('',(#7567),#8070,.T.);
#8408=ADVANCED_FACE('',(#7568),#8071,.T.);
#8409=ADVANCED_FACE('',(#7569),#8072,.T.);
#8410=ADVANCED_FACE('',(#7570),#8073,.T.);
#8411=ADVANCED_FACE('',(#7571),#8074,.T.);
#8412=ADVANCED_FACE('',(#7572),#8075,.T.);
#8413=ADVANCED_FACE('',(#7573),#8076,.T.);
#8414=ADVANCED_FACE('',(#7574),#8077,.T.);
#8415=ADVANCED_FACE('',(#7575),#8078,.T.);
#8416=ADVANCED_FACE('',(#7576),#8079,.T.);
#8417=ADVANCED_FACE('',(#7577),#8080,.T.);
#8418=ADVANCED_FACE('',(#7578),#8081,.T.);
#8419=ADVANCED_FACE('',(#7579),#8082,.T.);
#8420=ADVANCED_FACE('',(#7580),#8083,.T.);
#8421=ADVANCED_FACE('',(#7581),#8084,.T.);
#8422=ADVANCED_FACE('',(#7582),#8085,.T.);
#8423=ADVANCED_FACE('',(#7583),#8086,.T.);
#8424=ADVANCED_FACE('',(#7584),#8087,.T.);
#8425=ADVANCED_FACE('',(#7585),#8088,.T.);
#8426=ADVANCED_FACE('',(#7586),#8089,.T.);
#8427=ADVANCED_FACE('',(#7587),#8090,.T.);
#8428=ADVANCED_FACE('',(#7588),#8091,.T.);
#8429=ADVANCED_FACE('',(#7589),#8092,.T.);
#8430=ADVANCED_FACE('',(#7590),#8093,.T.);
#8431=ADVANCED_FACE('',(#7591),#8094,.T.);
#8432=ADVANCED_FACE('',(#7592),#8095,.T.);
#8433=ADVANCED_FACE('',(#7593),#8096,.T.);
#8434=ADVANCED_FACE('',(#7594),#8097,.T.);
#8435=ADVANCED_FACE('',(#7595),#8098,.T.);
#8436=ADVANCED_FACE('',(#7596),#8099,.T.);
#8437=ADVANCED_FACE('',(#7597),#8100,.T.);
#8438=ADVANCED_FACE('',(#7598),#8101,.T.);
#8439=ADVANCED_FACE('',(#7599),#8102,.T.);
#8440=ADVANCED_FACE('',(#7600),#8103,.T.);
#8441=ADVANCED_FACE('',(#7601),#8104,.T.);
#8442=ADVANCED_FACE('',(#7602),#8105,.T.);
#8443=ADVANCED_FACE('',(#7603),#8106,.T.);
#8444=ADVANCED_FACE('',(#7604),#8107,.T.);
#8445=ADVANCED_FACE('',(#7605),#8108,.T.);
#8446=ADVANCED_FACE('',(#7606),#8109,.T.);
#8447=ADVANCED_FACE('',(#7607),#8110,.T.);
#8448=ADVANCED_FACE('',(#7608),#8111,.T.);
#8449=ADVANCED_FACE('',(#7609),#8112,.T.);
#8450=ADVANCED_FACE('',(#7610),#8113,.T.);
#8451=ADVANCED_FACE('',(#7611),#8114,.T.);
#8452=ADVANCED_FACE('',(#7612),#8115,.T.);
#8453=ADVANCED_FACE('',(#7613),#8116,.T.);
#8454=ADVANCED_FACE('',(#7614),#8117,.T.);
#8455=ADVANCED_FACE('',(#7615),#8118,.T.);
#8456=ADVANCED_FACE('',(#7616),#8119,.T.);
#8457=ADVANCED_FACE('',(#7617),#8120,.T.);
#8458=ADVANCED_FACE('',(#7618),#8121,.T.);
#8459=ADVANCED_FACE('',(#7619),#8122,.T.);
#8460=ADVANCED_FACE('',(#7620),#8123,.T.);
#8461=ADVANCED_FACE('',(#7621),#8124,.T.);
#8462=ADVANCED_FACE('',(#7622),#8125,.T.);
#8463=ADVANCED_FACE('',(#7623),#8126,.T.);
#8464=ADVANCED_FACE('',(#7624),#8127,.T.);
#8465=ADVANCED_FACE('',(#7625),#8128,.T.);
#8466=ADVANCED_FACE('',(#7626),#8129,.T.);
#8467=ADVANCED_FACE('',(#7627),#8130,.T.);
#8468=ADVANCED_FACE('',(#7628),#8131,.T.);
#8469=ADVANCED_FACE('',(#7629),#8132,.T.);
#8470=ADVANCED_FACE('',(#7630),#8133,.T.);
#8471=ADVANCED_FACE('',(#7631),#8134,.T.);
#8472=ADVANCED_FACE('',(#7632),#8135,.T.);
#8473=ADVANCED_FACE('',(#7633),#8136,.T.);
#8474=ADVANCED_FACE('',(#7634),#8137,.T.);
#8475=ADVANCED_FACE('',(#7635),#8138,.T.);
#8476=ADVANCED_FACE('',(#7636),#8139,.T.);
#8477=ADVANCED_FACE('',(#7637),#8140,.T.);
#8478=ADVANCED_FACE('',(#7638),#8141,.T.);
#8479=ADVANCED_FACE('',(#7639),#8142,.T.);
#8480=ADVANCED_FACE('',(#7640),#8143,.T.);
#8481=ADVANCED_FACE('',(#7641),#8144,.T.);
#8482=ADVANCED_FACE('',(#7642),#8145,.T.);
#8483=ADVANCED_FACE('',(#7643),#8146,.T.);
#8484=ADVANCED_FACE('',(#7644),#8147,.T.);
#8485=ADVANCED_FACE('',(#7645),#8148,.T.);
#8486=ADVANCED_FACE('',(#7646),#8149,.T.);
#8487=ADVANCED_FACE('',(#7647),#8150,.T.);
#8488=ADVANCED_FACE('',(#7648),#8151,.T.);
#8489=ADVANCED_FACE('',(#7649),#8152,.T.);
#8490=ADVANCED_FACE('',(#7650),#8153,.T.);
#8491=ADVANCED_FACE('',(#7651),#8154,.T.);
#8492=ADVANCED_FACE('',(#7652),#8155,.T.);
#8493=ADVANCED_FACE('',(#7653),#8156,.T.);
#8494=ADVANCED_FACE('',(#7654),#8157,.T.);
#8495=ADVANCED_FACE('',(#7655),#8158,.T.);
#8496=ADVANCED_FACE('',(#7656),#8159,.T.);
#8497=ADVANCED_FACE('',(#7657),#8160,.T.);
#8498=ADVANCED_FACE('',(#7658),#8161,.T.);
#8499=ADVANCED_FACE('',(#7659),#8162,.T.);
#8500=ADVANCED_FACE('',(#7660),#8163,.T.);
#8501=ADVANCED_FACE('',(#7661),#8164,.T.);
#8502=ADVANCED_FACE('',(#7662),#8165,.T.);
#8503=ADVANCED_FACE('',(#7663),#8166,.T.);
#8504=ADVANCED_FACE('',(#7664),#8167,.T.);
#8505=ADVANCED_FACE('',(#7665),#290,.F.);
#8506=ADVANCED_FACE('',(#7666),#291,.F.);
#8507=ADVANCED_FACE('',(#7667),#8168,.T.);
#8508=ADVANCED_FACE('',(#7668),#292,.T.);
#8509=ADVANCED_FACE('',(#7669),#8169,.T.);
#8510=ADVANCED_FACE('',(#7670),#293,.T.);
#8511=ADVANCED_FACE('',(#7671),#8170,.T.);
#8512=ADVANCED_FACE('',(#7672),#294,.T.);
#8513=ADVANCED_FACE('',(#7673),#8171,.T.);
#8514=ADVANCED_FACE('',(#7674),#295,.T.);
#8515=ADVANCED_FACE('',(#7675),#8172,.F.);
#8516=ADVANCED_FACE('',(#7676),#8173,.T.);
#8517=ADVANCED_FACE('',(#7677),#296,.T.);
#8518=ADVANCED_FACE('',(#7678),#8174,.T.);
#8519=ADVANCED_FACE('',(#7679),#297,.T.);
#8520=ADVANCED_FACE('',(#7680),#298,.F.);
#8521=ADVANCED_FACE('',(#7681),#8175,.T.);
#8522=ADVANCED_FACE('',(#7682),#299,.T.);
#8523=ADVANCED_FACE('',(#7683),#8176,.T.);
#8524=ADVANCED_FACE('',(#7684),#300,.T.);
#8525=ADVANCED_FACE('',(#7685),#8177,.T.);
#8526=ADVANCED_FACE('',(#7686),#301,.T.);
#8527=ADVANCED_FACE('',(#7687),#8178,.T.);
#8528=ADVANCED_FACE('',(#7688),#302,.T.);
#8529=ADVANCED_FACE('',(#7689),#8179,.T.);
#8530=ADVANCED_FACE('',(#7690),#303,.T.);
#8531=ADVANCED_FACE('',(#7691),#8180,.T.);
#8532=ADVANCED_FACE('',(#7692),#304,.T.);
#8533=ADVANCED_FACE('',(#7693),#8181,.T.);
#8534=ADVANCED_FACE('',(#7694),#305,.F.);
#8535=ADVANCED_FACE('',(#7695),#8182,.T.);
#8536=ADVANCED_FACE('',(#7696),#306,.F.);
#8537=ADVANCED_FACE('',(#7697),#8183,.T.);
#8538=ADVANCED_FACE('',(#7698),#307,.T.);
#8539=ADVANCED_FACE('',(#7699),#8184,.T.);
#8540=ADVANCED_FACE('',(#7700),#308,.T.);
#8541=ADVANCED_FACE('',(#7701),#8185,.T.);
#8542=ADVANCED_FACE('',(#7702),#309,.F.);
#8543=ADVANCED_FACE('',(#7703),#8186,.T.);
#8544=ADVANCED_FACE('',(#7704),#310,.F.);
#8545=ADVANCED_FACE('',(#7705),#8187,.T.);
#8546=ADVANCED_FACE('',(#7706),#8188,.T.);
#8547=ADVANCED_FACE('',(#7707),#311,.F.);
#8548=ADVANCED_FACE('',(#7708),#8189,.T.);
#8549=ADVANCED_FACE('',(#7709),#312,.T.);
#8550=ADVANCED_FACE('',(#7710),#8190,.T.);
#8551=ADVANCED_FACE('',(#7711),#313,.T.);
#8552=ADVANCED_FACE('',(#7712),#8191,.T.);
#8553=ADVANCED_FACE('',(#7713),#314,.F.);
#8554=ADVANCED_FACE('',(#7714),#8192,.T.);
#8555=ADVANCED_FACE('',(#7715),#315,.F.);
#8556=ADVANCED_FACE('',(#7716),#8193,.T.);
#8557=ADVANCED_FACE('',(#7717),#316,.T.);
#8558=ADVANCED_FACE('',(#7718),#8194,.T.);
#8559=ADVANCED_FACE('',(#7719),#317,.T.);
#8560=ADVANCED_FACE('',(#7720),#8195,.T.);
#8561=ADVANCED_FACE('',(#7721),#318,.F.);
#8562=ADVANCED_FACE('',(#7722),#8196,.T.);
#8563=ADVANCED_FACE('',(#7723),#319,.T.);
#8564=ADVANCED_FACE('',(#7724),#8197,.T.);
#8565=ADVANCED_FACE('',(#7725),#320,.T.);
#8566=ADVANCED_FACE('',(#7726),#8198,.T.);
#8567=ADVANCED_FACE('',(#7727),#321,.F.);
#8568=ADVANCED_FACE('',(#7728),#8199,.T.);
#8569=ADVANCED_FACE('',(#7729),#8200,.T.);
#8570=ADVANCED_FACE('',(#7730),#322,.F.);
#8571=ADVANCED_FACE('',(#7731),#8201,.T.);
#8572=ADVANCED_FACE('',(#7732),#323,.T.);
#8573=ADVANCED_FACE('',(#7733),#8202,.T.);
#8574=ADVANCED_FACE('',(#7734),#324,.T.);
#8575=ADVANCED_FACE('',(#7735),#8203,.T.);
#8576=ADVANCED_FACE('',(#7736),#325,.F.);
#8577=ADVANCED_FACE('',(#7737),#8204,.T.);
#8578=ADVANCED_FACE('',(#7738),#326,.T.);
#8579=ADVANCED_FACE('',(#7739),#8205,.T.);
#8580=ADVANCED_FACE('',(#7740),#327,.T.);
#8581=ADVANCED_FACE('',(#7741),#8206,.T.);
#8582=ADVANCED_FACE('',(#7742),#328,.F.);
#8583=ADVANCED_FACE('',(#7743),#8207,.T.);
#8584=ADVANCED_FACE('',(#7744),#329,.F.);
#8585=ADVANCED_FACE('',(#7745),#8208,.T.);
#8586=ADVANCED_FACE('',(#7746),#330,.T.);
#8587=ADVANCED_FACE('',(#7747),#8209,.T.);
#8588=ADVANCED_FACE('',(#7748),#331,.T.);
#8589=ADVANCED_FACE('',(#7749),#8210,.T.);
#8590=ADVANCED_FACE('',(#7750),#332,.F.);
#8591=ADVANCED_FACE('',(#7751),#8211,.T.);
#8592=ADVANCED_FACE('',(#7752),#8212,.T.);
#8593=ADVANCED_FACE('',(#7753),#333,.F.);
#8594=ADVANCED_FACE('',(#7754),#8213,.T.);
#8595=ADVANCED_FACE('',(#7755),#334,.F.);
#8596=ADVANCED_FACE('',(#7756),#335,.F.);
#8597=ADVANCED_FACE('',(#7757),#8214,.T.);
#8598=ADVANCED_FACE('',(#7758),#336,.T.);
#8599=ADVANCED_FACE('',(#7759),#8215,.T.);
#8600=ADVANCED_FACE('',(#7760),#337,.T.);
#8601=ADVANCED_FACE('',(#7761),#8216,.T.);
#8602=ADVANCED_FACE('',(#7762),#338,.F.);
#8603=ADVANCED_FACE('',(#7763),#8217,.T.);
#8604=ADVANCED_FACE('',(#7764),#339,.F.);
#8605=ADVANCED_FACE('',(#7765),#8218,.T.);
#8606=ADVANCED_FACE('',(#7766),#340,.T.);
#8607=ADVANCED_FACE('',(#7767),#8219,.T.);
#8608=ADVANCED_FACE('',(#7768),#341,.T.);
#8609=ADVANCED_FACE('',(#7769),#8220,.T.);
#8610=ADVANCED_FACE('',(#7770),#342,.T.);
#8611=ADVANCED_FACE('',(#7771),#8221,.T.);
#8612=ADVANCED_FACE('',(#7772),#343,.T.);
#8613=ADVANCED_FACE('',(#7773),#8222,.T.);
#8614=ADVANCED_FACE('',(#7774),#344,.T.);
#8615=ADVANCED_FACE('',(#7775),#8223,.T.);
#8616=ADVANCED_FACE('',(#7776),#345,.T.);
#8617=ADVANCED_FACE('',(#7777),#8224,.T.);
#8618=ADVANCED_FACE('',(#7778),#346,.F.);
#8619=ADVANCED_FACE('',(#7779),#347,.F.);
#8620=ADVANCED_FACE('',(#7780),#348,.T.);
#8621=ADVANCED_FACE('',(#7781),#8225,.T.);
#8622=ADVANCED_FACE('',(#7782),#349,.T.);
#8623=ADVANCED_FACE('',(#7783),#8226,.T.);
#8624=ADVANCED_FACE('',(#7784),#350,.F.);
#8625=ADVANCED_FACE('',(#7785),#351,.T.);
#8626=ADVANCED_FACE('',(#7786),#8227,.T.);
#8627=ADVANCED_FACE('',(#7787),#352,.T.);
#8628=ADVANCED_FACE('',(#7788),#8228,.T.);
#8629=ADVANCED_FACE('',(#7789),#353,.T.);
#8630=ADVANCED_FACE('',(#7790),#8229,.T.);
#8631=ADVANCED_FACE('',(#7791),#354,.T.);
#8632=ADVANCED_FACE('',(#7792),#355,.F.);
#8633=ADVANCED_FACE('',(#7793),#8230,.T.);
#8634=ADVANCED_FACE('',(#7794),#8231,.T.);
#8635=ADVANCED_FACE('',(#7795),#356,.F.);
#8636=ADVANCED_FACE('',(#7796),#8232,.T.);
#8637=ADVANCED_FACE('',(#7797),#357,.T.);
#8638=ADVANCED_FACE('',(#7798),#8233,.T.);
#8639=ADVANCED_FACE('',(#7799),#8234,.T.);
#8640=ADVANCED_FACE('',(#7800),#358,.T.);
#8641=ADVANCED_FACE('',(#7801),#8235,.T.);
#8642=ADVANCED_FACE('',(#7802),#359,.F.);
#8643=ADVANCED_FACE('',(#7803),#8236,.F.);
#8644=ADVANCED_FACE('',(#7804),#8237,.F.);
#8645=ADVANCED_FACE('',(#7805),#360,.F.);
#8646=ADVANCED_FACE('',(#7806),#361,.F.);
#8647=ADVANCED_FACE('',(#7807),#362,.F.);
#8648=ADVANCED_FACE('',(#7808),#363,.F.);
#8649=ADVANCED_FACE('',(#7809),#364,.F.);
#8650=ADVANCED_FACE('',(#7810),#365,.F.);
#8651=ADVANCED_FACE('',(#7811),#366,.F.);
#8652=ADVANCED_FACE('',(#7812),#367,.F.);
#8653=ADVANCED_FACE('',(#7813),#8238,.T.);
#8654=ADVANCED_FACE('',(#7814),#8239,.T.);
#8655=ADVANCED_FACE('',(#7815),#8240,.T.);
#8656=ADVANCED_FACE('',(#7816),#8241,.T.);
#8657=ADVANCED_FACE('',(#7817),#8242,.T.);
#8658=ADVANCED_FACE('',(#7818),#8243,.T.);
#8659=ADVANCED_FACE('',(#7819),#8244,.T.);
#8660=ADVANCED_FACE('',(#7820),#8245,.T.);
#8661=ADVANCED_FACE('',(#7821),#8246,.T.);
#8662=ADVANCED_FACE('',(#7822),#8247,.T.);
#8663=ADVANCED_FACE('',(#7823),#8248,.T.);
#8664=ADVANCED_FACE('',(#7824),#8249,.T.);
#8665=ADVANCED_FACE('',(#7825),#8250,.T.);
#8666=ADVANCED_FACE('',(#7826),#8251,.T.);
#8667=ADVANCED_FACE('',(#7827),#8252,.T.);
#8668=ADVANCED_FACE('',(#7828),#8253,.T.);
#8669=ADVANCED_FACE('',(#7829),#8254,.T.);
#8670=ADVANCED_FACE('',(#7830),#8255,.T.);
#8671=ADVANCED_FACE('',(#7831),#8256,.T.);
#8672=ADVANCED_FACE('',(#7832),#8257,.T.);
#8673=ADVANCED_FACE('',(#7833),#8258,.T.);
#8674=ADVANCED_FACE('',(#7834),#8259,.T.);
#8675=ADVANCED_FACE('',(#7835),#8260,.T.);
#8676=ADVANCED_FACE('',(#7836),#8261,.T.);
#8677=ADVANCED_FACE('',(#7837),#8262,.T.);
#8678=ADVANCED_FACE('',(#7838),#8263,.T.);
#8679=ADVANCED_FACE('',(#7839),#8264,.T.);
#8680=ADVANCED_FACE('',(#7840),#8265,.T.);
#8681=ADVANCED_FACE('',(#7841),#8266,.T.);
#8682=ADVANCED_FACE('',(#7842),#8267,.T.);
#8683=ADVANCED_FACE('',(#7843),#8268,.T.);
#8684=ADVANCED_FACE('',(#7844),#8269,.T.);
#8685=ADVANCED_FACE('',(#7845),#8270,.T.);
#8686=ADVANCED_FACE('',(#7846),#8271,.T.);
#8687=ADVANCED_FACE('',(#7847),#8272,.T.);
#8688=ADVANCED_FACE('',(#7848),#8273,.T.);
#8689=ADVANCED_FACE('',(#7849),#8274,.T.);
#8690=ADVANCED_FACE('',(#7850),#8275,.T.);
#8691=ADVANCED_FACE('',(#7851),#8276,.T.);
#8692=ADVANCED_FACE('',(#7852),#8277,.T.);
#8693=ADVANCED_FACE('',(#7853),#8278,.T.);
#8694=ADVANCED_FACE('',(#7854),#8279,.T.);
#8695=ADVANCED_FACE('',(#7855),#8280,.T.);
#8696=ADVANCED_FACE('',(#7856),#8281,.T.);
#8697=ADVANCED_FACE('',(#7857),#8282,.T.);
#8698=ADVANCED_FACE('',(#7858),#8283,.T.);
#8699=ADVANCED_FACE('',(#7859),#8284,.T.);
#8700=ADVANCED_FACE('',(#7860),#8285,.T.);
#8701=ADVANCED_FACE('',(#7861),#8286,.T.);
#8702=ADVANCED_FACE('',(#7862),#8287,.T.);
#8703=ADVANCED_FACE('',(#7863),#8288,.T.);
#8704=ADVANCED_FACE('',(#7864),#8289,.T.);
#8705=ADVANCED_FACE('',(#7865),#8290,.T.);
#8706=ADVANCED_FACE('',(#7866),#8291,.T.);
#8707=ADVANCED_FACE('',(#7867),#8292,.T.);
#8708=ADVANCED_FACE('',(#7868),#8293,.F.);
#8709=ADVANCED_FACE('',(#7869,#7870,#7871,#7872,#7873,#7874,#7875,#7876,
#7877,#7878,#7879,#7880,#7881,#7882,#7883,#7884,#7885,#7886,#7887,#7888,
#7889,#7890,#7891,#7892,#7893,#7894,#7895,#7896,#7897,#7898,#7899,#7900,
#7901,#7902,#7903,#7904,#7905,#7906,#7907,#7908,#7909,#7910,#7911,#7912,
#7913,#7914,#7915,#7916,#7917,#7918,#7919,#7920,#7921,#7922,#7923,#7924,
#7925,#7926,#7927,#7928,#7929,#7930,#7931,#7932,#7933),#8294,.T.);
#8710=ADVANCED_FACE('',(#7934,#7935,#7936,#7937,#7938,#7939,#7940,#7941,
#7942,#7943,#7944,#7945,#7946,#7947,#7948,#7949,#7950,#7951,#7952,#7953,
#7954,#7955,#7956,#7957,#7958,#7959,#7960,#7961,#7962,#7963,#7964,#7965,
#7966,#7967,#7968,#7969,#7970,#7971,#7972,#7973,#7974,#7975,#7976,#7977,
#7978,#7979,#7980,#7981,#7982,#7983,#7984,#7985,#7986,#7987,#7988,#7989,
#7990,#7991,#7992,#7993,#7994,#7995,#7996,#7997,#7998),#8295,.F.);
#8711=CLOSED_SHELL('',(#8296,#8297,#8298,#8299,#8300,#8301,#8302,#8303,
#8304,#8305,#8306,#8307,#8308,#8309,#8310,#8311,#8312,#8313,#8314,#8315,
#8316,#8317,#8318,#8319,#8320,#8321,#8322,#8323,#8324,#8325,#8326,#8327,
#8328,#8329,#8330,#8331,#8332,#8333,#8334,#8335,#8336,#8337,#8338,#8339,
#8340,#8341,#8342,#8343,#8344,#8345,#8346,#8347,#8348,#8349,#8350,#8351,
#8352,#8353,#8354,#8355,#8356,#8357,#8358,#8359,#8360,#8361,#8362,#8363,
#8364,#8365,#8366,#8367,#8368,#8369,#8370,#8371,#8372,#8373,#8374,#8375,
#8376,#8377,#8378,#8379,#8380,#8381,#8382,#8383,#8384,#8385,#8386,#8387,
#8388,#8389,#8390,#8391,#8392,#8393,#8394,#8395,#8396,#8397,#8398,#8399,
#8400,#8401,#8402,#8403,#8404,#8405,#8406,#8407,#8408,#8409,#8410,#8411,
#8412,#8413,#8414,#8415,#8416,#8417,#8418,#8419,#8420,#8421,#8422,#8423,
#8424,#8425,#8426,#8427,#8428,#8429,#8430,#8431,#8432,#8433,#8434,#8435,
#8436,#8437,#8438,#8439,#8440,#8441,#8442,#8443,#8444,#8445,#8446,#8447,
#8448,#8449,#8450,#8451,#8452,#8453,#8454,#8455,#8456,#8457,#8458,#8459,
#8460,#8461,#8462,#8463,#8464,#8465,#8466,#8467,#8468,#8469,#8470,#8471,
#8472,#8473,#8474,#8475,#8476,#8477,#8478,#8479,#8480,#8481,#8482,#8483,
#8484,#8485,#8486,#8487,#8488,#8489,#8490,#8491,#8492,#8493,#8494,#8495,
#8496,#8497,#8498,#8499,#8500,#8501,#8502,#8503,#8504,#8505,#8506,#8507,
#8508,#8509,#8510,#8511,#8512,#8513,#8514,#8515,#8516,#8517,#8518,#8519,
#8520,#8521,#8522,#8523,#8524,#8525,#8526,#8527,#8528,#8529,#8530,#8531,
#8532,#8533,#8534,#8535,#8536,#8537,#8538,#8539,#8540,#8541,#8542,#8543,
#8544,#8545,#8546,#8547,#8548,#8549,#8550,#8551,#8552,#8553,#8554,#8555,
#8556,#8557,#8558,#8559,#8560,#8561,#8562,#8563,#8564,#8565,#8566,#8567,
#8568,#8569,#8570,#8571,#8572,#8573,#8574,#8575,#8576,#8577,#8578,#8579,
#8580,#8581,#8582,#8583,#8584,#8585,#8586,#8587,#8588,#8589,#8590,#8591,
#8592,#8593,#8594,#8595,#8596,#8597,#8598,#8599,#8600,#8601,#8602,#8603,
#8604,#8605,#8606,#8607,#8608,#8609,#8610,#8611,#8612,#8613,#8614,#8615,
#8616,#8617,#8618,#8619,#8620,#8621,#8622,#8623,#8624,#8625,#8626,#8627,
#8628,#8629,#8630,#8631,#8632,#8633,#8634,#8635,#8636,#8637,#8638,#8639,
#8640,#8641,#8642,#8643,#8644,#8645,#8646,#8647,#8648,#8649,#8650,#8651,
#8652,#8653,#8654,#8655,#8656,#8657,#8658,#8659,#8660,#8661,#8662,#8663,
#8664,#8665,#8666,#8667,#8668,#8669,#8670,#8671,#8672,#8673,#8674,#8675,
#8676,#8677,#8678,#8679,#8680,#8681,#8682,#8683,#8684,#8685,#8686,#8687,
#8688,#8689,#8690,#8691,#8692,#8693,#8694,#8695,#8696,#8697,#8698,#8699,
#8700,#8701,#8702,#8703,#8704,#8705,#8706,#8707,#8708,#8709,#8710));
#8712=STYLED_ITEM('',(#8713),#8720);
#8713=PRESENTATION_STYLE_ASSIGNMENT((#8714));
#8714=SURFACE_STYLE_USAGE(.BOTH.,#8715);
#8715=SURFACE_SIDE_STYLE('',(#8716));
#8716=SURFACE_STYLE_FILL_AREA(#8717);
#8717=FILL_AREA_STYLE('',(#8718));
#8718=FILL_AREA_STYLE_COLOUR('',#8719);
#8719=COLOUR_RGB('',0.647058823529412,0.647058823529412,0.647058823529412);
#8720=MANIFOLD_SOLID_BREP('Part 2',#8711);
#8721=SHAPE_DEFINITION_REPRESENTATION(#14173,#8722);
#8722=SHAPE_REPRESENTATION('Part 2',(#8723),#14168);
#8723=AXIS2_PLACEMENT_3D('',#11680,#9375,#9376);
#8724=AXIS2_PLACEMENT_3D('',#11681,#9377,#9378);
#8725=AXIS2_PLACEMENT_3D('',#11690,#9383,#9384);
#8726=AXIS2_PLACEMENT_3D('',#11696,#9388,#9389);
#8727=AXIS2_PLACEMENT_3D('',#11702,#9393,#9394);
#8728=AXIS2_PLACEMENT_3D('',#11711,#9399,#9400);
#8729=AXIS2_PLACEMENT_3D('',#11717,#9404,#9405);
#8730=AXIS2_PLACEMENT_3D('',#11723,#9409,#9410);
#8731=AXIS2_PLACEMENT_3D('',#11724,#9411,#9412);
#8732=AXIS2_PLACEMENT_3D('',#11729,#9414,#9415);
#8733=AXIS2_PLACEMENT_3D('',#11732,#9417,#9418);
#8734=AXIS2_PLACEMENT_3D('',#11733,#9419,#9420);
#8735=AXIS2_PLACEMENT_3D('',#11737,#9422,#9423);
#8736=AXIS2_PLACEMENT_3D('',#11738,#9424,#9425);
#8737=AXIS2_PLACEMENT_3D('',#11739,#9426,#9427);
#8738=AXIS2_PLACEMENT_3D('',#11743,#9429,#9430);
#8739=AXIS2_PLACEMENT_3D('',#11744,#9431,#9432);
#8740=AXIS2_PLACEMENT_3D('',#11745,#9433,#9434);
#8741=AXIS2_PLACEMENT_3D('',#11749,#9436,#9437);
#8742=AXIS2_PLACEMENT_3D('',#11750,#9438,#9439);
#8743=AXIS2_PLACEMENT_3D('',#11751,#9440,#9441);
#8744=AXIS2_PLACEMENT_3D('',#11755,#9443,#9444);
#8745=AXIS2_PLACEMENT_3D('',#11756,#9445,#9446);
#8746=AXIS2_PLACEMENT_3D('',#11757,#9447,#9448);
#8747=AXIS2_PLACEMENT_3D('',#11762,#9450,#9451);
#8748=AXIS2_PLACEMENT_3D('',#11765,#9453,#9454);
#8749=AXIS2_PLACEMENT_3D('',#11766,#9455,#9456);
#8750=AXIS2_PLACEMENT_3D('',#11770,#9458,#9459);
#8751=AXIS2_PLACEMENT_3D('',#11771,#9460,#9461);
#8752=AXIS2_PLACEMENT_3D('',#11772,#9462,#9463);
#8753=AXIS2_PLACEMENT_3D('',#11776,#9465,#9466);
#8754=AXIS2_PLACEMENT_3D('',#11777,#9467,#9468);
#8755=AXIS2_PLACEMENT_3D('',#11778,#9469,#9470);
#8756=AXIS2_PLACEMENT_3D('',#11782,#9472,#9473);
#8757=AXIS2_PLACEMENT_3D('',#11783,#9474,#9475);
#8758=AXIS2_PLACEMENT_3D('',#11784,#9476,#9477);
#8759=AXIS2_PLACEMENT_3D('',#11788,#9479,#9480);
#8760=AXIS2_PLACEMENT_3D('',#11789,#9481,#9482);
#8761=AXIS2_PLACEMENT_3D('',#11790,#9483,#9484);
#8762=AXIS2_PLACEMENT_3D('',#11795,#9486,#9487);
#8763=AXIS2_PLACEMENT_3D('',#11798,#9489,#9490);
#8764=AXIS2_PLACEMENT_3D('',#11799,#9491,#9492);
#8765=AXIS2_PLACEMENT_3D('',#11803,#9494,#9495);
#8766=AXIS2_PLACEMENT_3D('',#11804,#9496,#9497);
#8767=AXIS2_PLACEMENT_3D('',#11805,#9498,#9499);
#8768=AXIS2_PLACEMENT_3D('',#11809,#9501,#9502);
#8769=AXIS2_PLACEMENT_3D('',#11810,#9503,#9504);
#8770=AXIS2_PLACEMENT_3D('',#11811,#9505,#9506);
#8771=AXIS2_PLACEMENT_3D('',#11815,#9508,#9509);
#8772=AXIS2_PLACEMENT_3D('',#11816,#9510,#9511);
#8773=AXIS2_PLACEMENT_3D('',#11817,#9512,#9513);
#8774=AXIS2_PLACEMENT_3D('',#11821,#9515,#9516);
#8775=AXIS2_PLACEMENT_3D('',#11822,#9517,#9518);
#8776=AXIS2_PLACEMENT_3D('',#11823,#9519,#9520);
#8777=AXIS2_PLACEMENT_3D('',#11828,#9522,#9523);
#8778=AXIS2_PLACEMENT_3D('',#11831,#9525,#9526);
#8779=AXIS2_PLACEMENT_3D('',#11832,#9527,#9528);
#8780=AXIS2_PLACEMENT_3D('',#11836,#9530,#9531);
#8781=AXIS2_PLACEMENT_3D('',#11837,#9532,#9533);
#8782=AXIS2_PLACEMENT_3D('',#11838,#9534,#9535);
#8783=AXIS2_PLACEMENT_3D('',#11842,#9537,#9538);
#8784=AXIS2_PLACEMENT_3D('',#11843,#9539,#9540);
#8785=AXIS2_PLACEMENT_3D('',#11844,#9541,#9542);
#8786=AXIS2_PLACEMENT_3D('',#11848,#9544,#9545);
#8787=AXIS2_PLACEMENT_3D('',#11849,#9546,#9547);
#8788=AXIS2_PLACEMENT_3D('',#11850,#9548,#9549);
#8789=AXIS2_PLACEMENT_3D('',#11854,#9551,#9552);
#8790=AXIS2_PLACEMENT_3D('',#11855,#9553,#9554);
#8791=AXIS2_PLACEMENT_3D('',#11856,#9555,#9556);
#8792=AXIS2_PLACEMENT_3D('',#11861,#9558,#9559);
#8793=AXIS2_PLACEMENT_3D('',#11864,#9561,#9562);
#8794=AXIS2_PLACEMENT_3D('',#11865,#9563,#9564);
#8795=AXIS2_PLACEMENT_3D('',#11869,#9566,#9567);
#8796=AXIS2_PLACEMENT_3D('',#11870,#9568,#9569);
#8797=AXIS2_PLACEMENT_3D('',#11871,#9570,#9571);
#8798=AXIS2_PLACEMENT_3D('',#11875,#9573,#9574);
#8799=AXIS2_PLACEMENT_3D('',#11876,#9575,#9576);
#8800=AXIS2_PLACEMENT_3D('',#11877,#9577,#9578);
#8801=AXIS2_PLACEMENT_3D('',#11881,#9580,#9581);
#8802=AXIS2_PLACEMENT_3D('',#11882,#9582,#9583);
#8803=AXIS2_PLACEMENT_3D('',#11883,#9584,#9585);
#8804=AXIS2_PLACEMENT_3D('',#11887,#9587,#9588);
#8805=AXIS2_PLACEMENT_3D('',#11888,#9589,#9590);
#8806=AXIS2_PLACEMENT_3D('',#11889,#9591,#9592);
#8807=AXIS2_PLACEMENT_3D('',#11894,#9594,#9595);
#8808=AXIS2_PLACEMENT_3D('',#11897,#9597,#9598);
#8809=AXIS2_PLACEMENT_3D('',#11898,#9599,#9600);
#8810=AXIS2_PLACEMENT_3D('',#11902,#9602,#9603);
#8811=AXIS2_PLACEMENT_3D('',#11903,#9604,#9605);
#8812=AXIS2_PLACEMENT_3D('',#11904,#9606,#9607);
#8813=AXIS2_PLACEMENT_3D('',#11908,#9609,#9610);
#8814=AXIS2_PLACEMENT_3D('',#11909,#9611,#9612);
#8815=AXIS2_PLACEMENT_3D('',#11910,#9613,#9614);
#8816=AXIS2_PLACEMENT_3D('',#11914,#9616,#9617);
#8817=AXIS2_PLACEMENT_3D('',#11915,#9618,#9619);
#8818=AXIS2_PLACEMENT_3D('',#11916,#9620,#9621);
#8819=AXIS2_PLACEMENT_3D('',#11920,#9623,#9624);
#8820=AXIS2_PLACEMENT_3D('',#11921,#9625,#9626);
#8821=AXIS2_PLACEMENT_3D('',#11922,#9627,#9628);
#8822=AXIS2_PLACEMENT_3D('',#11927,#9630,#9631);
#8823=AXIS2_PLACEMENT_3D('',#11930,#9633,#9634);
#8824=AXIS2_PLACEMENT_3D('',#11931,#9635,#9636);
#8825=AXIS2_PLACEMENT_3D('',#11935,#9638,#9639);
#8826=AXIS2_PLACEMENT_3D('',#11936,#9640,#9641);
#8827=AXIS2_PLACEMENT_3D('',#11937,#9642,#9643);
#8828=AXIS2_PLACEMENT_3D('',#11941,#9645,#9646);
#8829=AXIS2_PLACEMENT_3D('',#11942,#9647,#9648);
#8830=AXIS2_PLACEMENT_3D('',#11943,#9649,#9650);
#8831=AXIS2_PLACEMENT_3D('',#11947,#9652,#9653);
#8832=AXIS2_PLACEMENT_3D('',#11948,#9654,#9655);
#8833=AXIS2_PLACEMENT_3D('',#11949,#9656,#9657);
#8834=AXIS2_PLACEMENT_3D('',#11953,#9659,#9660);
#8835=AXIS2_PLACEMENT_3D('',#11954,#9661,#9662);
#8836=AXIS2_PLACEMENT_3D('',#11955,#9663,#9664);
#8837=AXIS2_PLACEMENT_3D('',#11960,#9666,#9667);
#8838=AXIS2_PLACEMENT_3D('',#11963,#9669,#9670);
#8839=AXIS2_PLACEMENT_3D('',#11964,#9671,#9672);
#8840=AXIS2_PLACEMENT_3D('',#11968,#9674,#9675);
#8841=AXIS2_PLACEMENT_3D('',#11969,#9676,#9677);
#8842=AXIS2_PLACEMENT_3D('',#11970,#9678,#9679);
#8843=AXIS2_PLACEMENT_3D('',#11974,#9681,#9682);
#8844=AXIS2_PLACEMENT_3D('',#11975,#9683,#9684);
#8845=AXIS2_PLACEMENT_3D('',#11976,#9685,#9686);
#8846=AXIS2_PLACEMENT_3D('',#11980,#9688,#9689);
#8847=AXIS2_PLACEMENT_3D('',#11981,#9690,#9691);
#8848=AXIS2_PLACEMENT_3D('',#11982,#9692,#9693);
#8849=AXIS2_PLACEMENT_3D('',#11986,#9695,#9696);
#8850=AXIS2_PLACEMENT_3D('',#11987,#9697,#9698);
#8851=AXIS2_PLACEMENT_3D('',#11996,#9703,#9704);
#8852=AXIS2_PLACEMENT_3D('',#12002,#9708,#9709);
#8853=AXIS2_PLACEMENT_3D('',#12008,#9713,#9714);
#8854=AXIS2_PLACEMENT_3D('',#12017,#9719,#9720);
#8855=AXIS2_PLACEMENT_3D('',#12023,#9724,#9725);
#8856=AXIS2_PLACEMENT_3D('',#12029,#9729,#9730);
#8857=AXIS2_PLACEMENT_3D('',#12038,#9735,#9736);
#8858=AXIS2_PLACEMENT_3D('',#12044,#9740,#9741);
#8859=AXIS2_PLACEMENT_3D('',#12050,#9745,#9746);
#8860=AXIS2_PLACEMENT_3D('',#12059,#9751,#9752);
#8861=AXIS2_PLACEMENT_3D('',#12065,#9756,#9757);
#8862=AXIS2_PLACEMENT_3D('',#12071,#9761,#9762);
#8863=AXIS2_PLACEMENT_3D('',#12080,#9767,#9768);
#8864=AXIS2_PLACEMENT_3D('',#12086,#9772,#9773);
#8865=AXIS2_PLACEMENT_3D('',#12092,#9777,#9778);
#8866=AXIS2_PLACEMENT_3D('',#12101,#9783,#9784);
#8867=AXIS2_PLACEMENT_3D('',#12107,#9788,#9789);
#8868=AXIS2_PLACEMENT_3D('',#12113,#9793,#9794);
#8869=AXIS2_PLACEMENT_3D('',#12122,#9799,#9800);
#8870=AXIS2_PLACEMENT_3D('',#12128,#9804,#9805);
#8871=AXIS2_PLACEMENT_3D('',#12134,#9809,#9810);
#8872=AXIS2_PLACEMENT_3D('',#12143,#9815,#9816);
#8873=AXIS2_PLACEMENT_3D('',#12149,#9820,#9821);
#8874=AXIS2_PLACEMENT_3D('',#12155,#9825,#9826);
#8875=AXIS2_PLACEMENT_3D('',#12164,#9831,#9832);
#8876=AXIS2_PLACEMENT_3D('',#12170,#9836,#9837);
#8877=AXIS2_PLACEMENT_3D('',#12176,#9841,#9842);
#8878=AXIS2_PLACEMENT_3D('',#12185,#9847,#9848);
#8879=AXIS2_PLACEMENT_3D('',#12191,#9852,#9853);
#8880=AXIS2_PLACEMENT_3D('',#12197,#9857,#9858);
#8881=AXIS2_PLACEMENT_3D('',#12206,#9863,#9864);
#8882=AXIS2_PLACEMENT_3D('',#12212,#9868,#9869);
#8883=AXIS2_PLACEMENT_3D('',#12218,#9873,#9874);
#8884=AXIS2_PLACEMENT_3D('',#12227,#9879,#9880);
#8885=AXIS2_PLACEMENT_3D('',#12233,#9884,#9885);
#8886=AXIS2_PLACEMENT_3D('',#12239,#9889,#9890);
#8887=AXIS2_PLACEMENT_3D('',#12248,#9895,#9896);
#8888=AXIS2_PLACEMENT_3D('',#12254,#9900,#9901);
#8889=AXIS2_PLACEMENT_3D('',#12260,#9905,#9906);
#8890=AXIS2_PLACEMENT_3D('',#12269,#9911,#9912);
#8891=AXIS2_PLACEMENT_3D('',#12275,#9916,#9917);
#8892=AXIS2_PLACEMENT_3D('',#12281,#9921,#9922);
#8893=AXIS2_PLACEMENT_3D('',#12290,#9927,#9928);
#8894=AXIS2_PLACEMENT_3D('',#12296,#9932,#9933);
#8895=AXIS2_PLACEMENT_3D('',#12302,#9937,#9938);
#8896=AXIS2_PLACEMENT_3D('',#12311,#9943,#9944);
#8897=AXIS2_PLACEMENT_3D('',#12317,#9948,#9949);
#8898=AXIS2_PLACEMENT_3D('',#12323,#9953,#9954);
#8899=AXIS2_PLACEMENT_3D('',#12332,#9959,#9960);
#8900=AXIS2_PLACEMENT_3D('',#12338,#9964,#9965);
#8901=AXIS2_PLACEMENT_3D('',#12344,#9969,#9970);
#8902=AXIS2_PLACEMENT_3D('',#12353,#9975,#9976);
#8903=AXIS2_PLACEMENT_3D('',#12359,#9980,#9981);
#8904=AXIS2_PLACEMENT_3D('',#12365,#9985,#9986);
#8905=AXIS2_PLACEMENT_3D('',#12374,#9991,#9992);
#8906=AXIS2_PLACEMENT_3D('',#12380,#9996,#9997);
#8907=AXIS2_PLACEMENT_3D('',#12386,#10001,#10002);
#8908=AXIS2_PLACEMENT_3D('',#12395,#10007,#10008);
#8909=AXIS2_PLACEMENT_3D('',#12401,#10012,#10013);
#8910=AXIS2_PLACEMENT_3D('',#12407,#10017,#10018);
#8911=AXIS2_PLACEMENT_3D('',#12416,#10023,#10024);
#8912=AXIS2_PLACEMENT_3D('',#12422,#10028,#10029);
#8913=AXIS2_PLACEMENT_3D('',#12428,#10033,#10034);
#8914=AXIS2_PLACEMENT_3D('',#12437,#10039,#10040);
#8915=AXIS2_PLACEMENT_3D('',#12443,#10044,#10045);
#8916=AXIS2_PLACEMENT_3D('',#12449,#10049,#10050);
#8917=AXIS2_PLACEMENT_3D('',#12458,#10055,#10056);
#8918=AXIS2_PLACEMENT_3D('',#12464,#10060,#10061);
#8919=AXIS2_PLACEMENT_3D('',#12470,#10065,#10066);
#8920=AXIS2_PLACEMENT_3D('',#12479,#10071,#10072);
#8921=AXIS2_PLACEMENT_3D('',#12485,#10076,#10077);
#8922=AXIS2_PLACEMENT_3D('',#12491,#10081,#10082);
#8923=AXIS2_PLACEMENT_3D('',#12500,#10087,#10088);
#8924=AXIS2_PLACEMENT_3D('',#12506,#10092,#10093);
#8925=AXIS2_PLACEMENT_3D('',#12512,#10097,#10098);
#8926=AXIS2_PLACEMENT_3D('',#12521,#10103,#10104);
#8927=AXIS2_PLACEMENT_3D('',#12527,#10108,#10109);
#8928=AXIS2_PLACEMENT_3D('',#12533,#10113,#10114);
#8929=AXIS2_PLACEMENT_3D('',#12542,#10119,#10120);
#8930=AXIS2_PLACEMENT_3D('',#12548,#10124,#10125);
#8931=AXIS2_PLACEMENT_3D('',#12554,#10129,#10130);
#8932=AXIS2_PLACEMENT_3D('',#12563,#10135,#10136);
#8933=AXIS2_PLACEMENT_3D('',#12569,#10140,#10141);
#8934=AXIS2_PLACEMENT_3D('',#12575,#10145,#10146);
#8935=AXIS2_PLACEMENT_3D('',#12584,#10151,#10152);
#8936=AXIS2_PLACEMENT_3D('',#12590,#10156,#10157);
#8937=AXIS2_PLACEMENT_3D('',#12596,#10161,#10162);
#8938=AXIS2_PLACEMENT_3D('',#12605,#10167,#10168);
#8939=AXIS2_PLACEMENT_3D('',#12611,#10172,#10173);
#8940=AXIS2_PLACEMENT_3D('',#12617,#10177,#10178);
#8941=AXIS2_PLACEMENT_3D('',#12626,#10183,#10184);
#8942=AXIS2_PLACEMENT_3D('',#12632,#10188,#10189);
#8943=AXIS2_PLACEMENT_3D('',#12638,#10193,#10194);
#8944=AXIS2_PLACEMENT_3D('',#12647,#10199,#10200);
#8945=AXIS2_PLACEMENT_3D('',#12653,#10204,#10205);
#8946=AXIS2_PLACEMENT_3D('',#12659,#10209,#10210);
#8947=AXIS2_PLACEMENT_3D('',#12668,#10215,#10216);
#8948=AXIS2_PLACEMENT_3D('',#12674,#10220,#10221);
#8949=AXIS2_PLACEMENT_3D('',#12680,#10225,#10226);
#8950=AXIS2_PLACEMENT_3D('',#12689,#10231,#10232);
#8951=AXIS2_PLACEMENT_3D('',#12695,#10236,#10237);
#8952=AXIS2_PLACEMENT_3D('',#12701,#10241,#10242);
#8953=AXIS2_PLACEMENT_3D('',#12710,#10247,#10248);
#8954=AXIS2_PLACEMENT_3D('',#12716,#10252,#10253);
#8955=AXIS2_PLACEMENT_3D('',#12722,#10257,#10258);
#8956=AXIS2_PLACEMENT_3D('',#12731,#10263,#10264);
#8957=AXIS2_PLACEMENT_3D('',#12737,#10268,#10269);
#8958=AXIS2_PLACEMENT_3D('',#12743,#10273,#10274);
#8959=AXIS2_PLACEMENT_3D('',#12752,#10279,#10280);
#8960=AXIS2_PLACEMENT_3D('',#12758,#10284,#10285);
#8961=AXIS2_PLACEMENT_3D('',#12764,#10289,#10290);
#8962=AXIS2_PLACEMENT_3D('',#12773,#10295,#10296);
#8963=AXIS2_PLACEMENT_3D('',#12779,#10300,#10301);
#8964=AXIS2_PLACEMENT_3D('',#12785,#10305,#10306);
#8965=AXIS2_PLACEMENT_3D('',#12794,#10311,#10312);
#8966=AXIS2_PLACEMENT_3D('',#12800,#10316,#10317);
#8967=AXIS2_PLACEMENT_3D('',#12806,#10321,#10322);
#8968=AXIS2_PLACEMENT_3D('',#12815,#10327,#10328);
#8969=AXIS2_PLACEMENT_3D('',#12821,#10332,#10333);
#8970=AXIS2_PLACEMENT_3D('',#12827,#10337,#10338);
#8971=AXIS2_PLACEMENT_3D('',#12836,#10343,#10344);
#8972=AXIS2_PLACEMENT_3D('',#12842,#10348,#10349);
#8973=AXIS2_PLACEMENT_3D('',#12848,#10353,#10354);
#8974=AXIS2_PLACEMENT_3D('',#12857,#10359,#10360);
#8975=AXIS2_PLACEMENT_3D('',#12863,#10364,#10365);
#8976=AXIS2_PLACEMENT_3D('',#12869,#10369,#10370);
#8977=AXIS2_PLACEMENT_3D('',#12878,#10375,#10376);
#8978=AXIS2_PLACEMENT_3D('',#12884,#10380,#10381);
#8979=AXIS2_PLACEMENT_3D('',#12890,#10385,#10386);
#8980=AXIS2_PLACEMENT_3D('',#12899,#10391,#10392);
#8981=AXIS2_PLACEMENT_3D('',#12905,#10396,#10397);
#8982=AXIS2_PLACEMENT_3D('',#12911,#10401,#10402);
#8983=AXIS2_PLACEMENT_3D('',#12920,#10407,#10408);
#8984=AXIS2_PLACEMENT_3D('',#12926,#10412,#10413);
#8985=AXIS2_PLACEMENT_3D('',#12932,#10417,#10418);
#8986=AXIS2_PLACEMENT_3D('',#12941,#10423,#10424);
#8987=AXIS2_PLACEMENT_3D('',#12947,#10428,#10429);
#8988=AXIS2_PLACEMENT_3D('',#12953,#10433,#10434);
#8989=AXIS2_PLACEMENT_3D('',#12962,#10439,#10440);
#8990=AXIS2_PLACEMENT_3D('',#12968,#10444,#10445);
#8991=AXIS2_PLACEMENT_3D('',#12974,#10449,#10450);
#8992=AXIS2_PLACEMENT_3D('',#12983,#10455,#10456);
#8993=AXIS2_PLACEMENT_3D('',#12989,#10460,#10461);
#8994=AXIS2_PLACEMENT_3D('',#12995,#10465,#10466);
#8995=AXIS2_PLACEMENT_3D('',#13004,#10471,#10472);
#8996=AXIS2_PLACEMENT_3D('',#13010,#10476,#10477);
#8997=AXIS2_PLACEMENT_3D('',#13016,#10481,#10482);
#8998=AXIS2_PLACEMENT_3D('',#13025,#10487,#10488);
#8999=AXIS2_PLACEMENT_3D('',#13031,#10492,#10493);
#9000=AXIS2_PLACEMENT_3D('',#13037,#10497,#10498);
#9001=AXIS2_PLACEMENT_3D('',#13046,#10503,#10504);
#9002=AXIS2_PLACEMENT_3D('',#13052,#10508,#10509);
#9003=AXIS2_PLACEMENT_3D('',#13058,#10513,#10514);
#9004=AXIS2_PLACEMENT_3D('',#13067,#10519,#10520);
#9005=AXIS2_PLACEMENT_3D('',#13073,#10524,#10525);
#9006=AXIS2_PLACEMENT_3D('',#13079,#10529,#10530);
#9007=AXIS2_PLACEMENT_3D('',#13088,#10535,#10536);
#9008=AXIS2_PLACEMENT_3D('',#13094,#10540,#10541);
#9009=AXIS2_PLACEMENT_3D('',#13100,#10545,#10546);
#9010=AXIS2_PLACEMENT_3D('',#13109,#10551,#10552);
#9011=AXIS2_PLACEMENT_3D('',#13115,#10556,#10557);
#9012=AXIS2_PLACEMENT_3D('',#13121,#10561,#10562);
#9013=AXIS2_PLACEMENT_3D('',#13130,#10567,#10568);
#9014=AXIS2_PLACEMENT_3D('',#13131,#10569,#10570);
#9015=AXIS2_PLACEMENT_3D('',#13135,#10572,#10573);
#9016=AXIS2_PLACEMENT_3D('',#13136,#10574,#10575);
#9017=AXIS2_PLACEMENT_3D('',#13137,#10576,#10577);
#9018=AXIS2_PLACEMENT_3D('',#13141,#10579,#10580);
#9019=AXIS2_PLACEMENT_3D('',#13142,#10581,#10582);
#9020=AXIS2_PLACEMENT_3D('',#13148,#10586,#10587);
#9021=AXIS2_PLACEMENT_3D('',#13149,#10588,#10589);
#9022=AXIS2_PLACEMENT_3D('',#13153,#10591,#10592);
#9023=AXIS2_PLACEMENT_3D('',#13154,#10593,#10594);
#9024=AXIS2_PLACEMENT_3D('',#13160,#10598,#10599);
#9025=AXIS2_PLACEMENT_3D('',#13161,#10600,#10601);
#9026=AXIS2_PLACEMENT_3D('',#13165,#10603,#10604);
#9027=AXIS2_PLACEMENT_3D('',#13166,#10605,#10606);
#9028=AXIS2_PLACEMENT_3D('',#13172,#10610,#10611);
#9029=AXIS2_PLACEMENT_3D('',#13173,#10612,#10613);
#9030=AXIS2_PLACEMENT_3D('',#13177,#10615,#10616);
#9031=AXIS2_PLACEMENT_3D('',#13178,#10617,#10618);
#9032=AXIS2_PLACEMENT_3D('',#13184,#10622,#10623);
#9033=AXIS2_PLACEMENT_3D('',#13185,#10624,#10625);
#9034=AXIS2_PLACEMENT_3D('',#13189,#10627,#10628);
#9035=AXIS2_PLACEMENT_3D('',#13190,#10629,#10630);
#9036=AXIS2_PLACEMENT_3D('',#13202,#10632,#10633);
#9037=AXIS2_PLACEMENT_3D('',#13208,#10637,#10638);
#9038=AXIS2_PLACEMENT_3D('',#13209,#10639,#10640);
#9039=AXIS2_PLACEMENT_3D('',#13213,#10642,#10643);
#9040=AXIS2_PLACEMENT_3D('',#13214,#10644,#10645);
#9041=AXIS2_PLACEMENT_3D('',#13220,#10649,#10650);
#9042=AXIS2_PLACEMENT_3D('',#13221,#10651,#10652);
#9043=AXIS2_PLACEMENT_3D('',#13225,#10654,#10655);
#9044=AXIS2_PLACEMENT_3D('',#13226,#10656,#10657);
#9045=AXIS2_PLACEMENT_3D('',#13227,#10658,#10659);
#9046=AXIS2_PLACEMENT_3D('',#13231,#10661,#10662);
#9047=AXIS2_PLACEMENT_3D('',#13232,#10663,#10664);
#9048=AXIS2_PLACEMENT_3D('',#13238,#10668,#10669);
#9049=AXIS2_PLACEMENT_3D('',#13239,#10670,#10671);
#9050=AXIS2_PLACEMENT_3D('',#13243,#10673,#10674);
#9051=AXIS2_PLACEMENT_3D('',#13244,#10675,#10676);
#9052=AXIS2_PLACEMENT_3D('',#13250,#10680,#10681);
#9053=AXIS2_PLACEMENT_3D('',#13251,#10682,#10683);
#9054=AXIS2_PLACEMENT_3D('',#13255,#10685,#10686);
#9055=AXIS2_PLACEMENT_3D('',#13256,#10687,#10688);
#9056=AXIS2_PLACEMENT_3D('',#13262,#10692,#10693);
#9057=AXIS2_PLACEMENT_3D('',#13263,#10694,#10695);
#9058=AXIS2_PLACEMENT_3D('',#13267,#10697,#10698);
#9059=AXIS2_PLACEMENT_3D('',#13268,#10699,#10700);
#9060=AXIS2_PLACEMENT_3D('',#13274,#10704,#10705);
#9061=AXIS2_PLACEMENT_3D('',#13275,#10706,#10707);
#9062=AXIS2_PLACEMENT_3D('',#13279,#10709,#10710);
#9063=AXIS2_PLACEMENT_3D('',#13280,#10711,#10712);
#9064=AXIS2_PLACEMENT_3D('',#13286,#10716,#10717);
#9065=AXIS2_PLACEMENT_3D('',#13287,#10718,#10719);
#9066=AXIS2_PLACEMENT_3D('',#13291,#10721,#10722);
#9067=AXIS2_PLACEMENT_3D('',#13292,#10723,#10724);
#9068=AXIS2_PLACEMENT_3D('',#13298,#10728,#10729);
#9069=AXIS2_PLACEMENT_3D('',#13299,#10730,#10731);
#9070=AXIS2_PLACEMENT_3D('',#13303,#10733,#10734);
#9071=AXIS2_PLACEMENT_3D('',#13304,#10735,#10736);
#9072=AXIS2_PLACEMENT_3D('',#13310,#10740,#10741);
#9073=AXIS2_PLACEMENT_3D('',#13311,#10742,#10743);
#9074=AXIS2_PLACEMENT_3D('',#13315,#10745,#10746);
#9075=AXIS2_PLACEMENT_3D('',#13316,#10747,#10748);
#9076=AXIS2_PLACEMENT_3D('',#13322,#10752,#10753);
#9077=AXIS2_PLACEMENT_3D('',#13323,#10754,#10755);
#9078=AXIS2_PLACEMENT_3D('',#13327,#10757,#10758);
#9079=AXIS2_PLACEMENT_3D('',#13328,#10759,#10760);
#9080=AXIS2_PLACEMENT_3D('',#13334,#10764,#10765);
#9081=AXIS2_PLACEMENT_3D('',#13335,#10766,#10767);
#9082=AXIS2_PLACEMENT_3D('',#13339,#10769,#10770);
#9083=AXIS2_PLACEMENT_3D('',#13340,#10771,#10772);
#9084=AXIS2_PLACEMENT_3D('',#13346,#10776,#10777);
#9085=AXIS2_PLACEMENT_3D('',#13347,#10778,#10779);
#9086=AXIS2_PLACEMENT_3D('',#13351,#10781,#10782);
#9087=AXIS2_PLACEMENT_3D('',#13352,#10783,#10784);
#9088=AXIS2_PLACEMENT_3D('',#13358,#10788,#10789);
#9089=AXIS2_PLACEMENT_3D('',#13359,#10790,#10791);
#9090=AXIS2_PLACEMENT_3D('',#13363,#10793,#10794);
#9091=AXIS2_PLACEMENT_3D('',#13364,#10795,#10796);
#9092=AXIS2_PLACEMENT_3D('',#13370,#10800,#10801);
#9093=AXIS2_PLACEMENT_3D('',#13371,#10802,#10803);
#9094=AXIS2_PLACEMENT_3D('',#13375,#10805,#10806);
#9095=AXIS2_PLACEMENT_3D('',#13376,#10807,#10808);
#9096=AXIS2_PLACEMENT_3D('',#13382,#10812,#10813);
#9097=AXIS2_PLACEMENT_3D('',#13388,#10817,#10818);
#9098=AXIS2_PLACEMENT_3D('',#13389,#10819,#10820);
#9099=AXIS2_PLACEMENT_3D('',#13393,#10822,#10823);
#9100=AXIS2_PLACEMENT_3D('',#13394,#10824,#10825);
#9101=AXIS2_PLACEMENT_3D('',#13400,#10829,#10830);
#9102=AXIS2_PLACEMENT_3D('',#13401,#10831,#10832);
#9103=AXIS2_PLACEMENT_3D('',#13405,#10834,#10835);
#9104=AXIS2_PLACEMENT_3D('',#13406,#10836,#10837);
#9105=AXIS2_PLACEMENT_3D('',#13412,#10841,#10842);
#9106=AXIS2_PLACEMENT_3D('',#13413,#10843,#10844);
#9107=AXIS2_PLACEMENT_3D('',#13417,#10846,#10847);
#9108=AXIS2_PLACEMENT_3D('',#13418,#10848,#10849);
#9109=AXIS2_PLACEMENT_3D('',#13424,#10853,#10854);
#9110=AXIS2_PLACEMENT_3D('',#13425,#10855,#10856);
#9111=AXIS2_PLACEMENT_3D('',#13429,#10858,#10859);
#9112=AXIS2_PLACEMENT_3D('',#13430,#10860,#10861);
#9113=AXIS2_PLACEMENT_3D('',#13436,#10865,#10866);
#9114=AXIS2_PLACEMENT_3D('',#13437,#10867,#10868);
#9115=AXIS2_PLACEMENT_3D('',#13441,#10870,#10871);
#9116=AXIS2_PLACEMENT_3D('',#13442,#10872,#10873);
#9117=AXIS2_PLACEMENT_3D('',#13448,#10877,#10878);
#9118=AXIS2_PLACEMENT_3D('',#13449,#10879,#10880);
#9119=AXIS2_PLACEMENT_3D('',#13453,#10882,#10883);
#9120=AXIS2_PLACEMENT_3D('',#13454,#10884,#10885);
#9121=AXIS2_PLACEMENT_3D('',#13460,#10889,#10890);
#9122=AXIS2_PLACEMENT_3D('',#13461,#10891,#10892);
#9123=AXIS2_PLACEMENT_3D('',#13465,#10894,#10895);
#9124=AXIS2_PLACEMENT_3D('',#13466,#10896,#10897);
#9125=AXIS2_PLACEMENT_3D('',#13472,#10901,#10902);
#9126=AXIS2_PLACEMENT_3D('',#13473,#10903,#10904);
#9127=AXIS2_PLACEMENT_3D('',#13477,#10906,#10907);
#9128=AXIS2_PLACEMENT_3D('',#13478,#10908,#10909);
#9129=AXIS2_PLACEMENT_3D('',#13484,#10913,#10914);
#9130=AXIS2_PLACEMENT_3D('',#13485,#10915,#10916);
#9131=AXIS2_PLACEMENT_3D('',#13489,#10918,#10919);
#9132=AXIS2_PLACEMENT_3D('',#13490,#10920,#10921);
#9133=AXIS2_PLACEMENT_3D('',#13496,#10925,#10926);
#9134=AXIS2_PLACEMENT_3D('',#13497,#10927,#10928);
#9135=AXIS2_PLACEMENT_3D('',#13501,#10930,#10931);
#9136=AXIS2_PLACEMENT_3D('',#13502,#10932,#10933);
#9137=AXIS2_PLACEMENT_3D('',#13508,#10937,#10938);
#9138=AXIS2_PLACEMENT_3D('',#13509,#10939,#10940);
#9139=AXIS2_PLACEMENT_3D('',#13513,#10942,#10943);
#9140=AXIS2_PLACEMENT_3D('',#13514,#10944,#10945);
#9141=AXIS2_PLACEMENT_3D('',#13520,#10949,#10950);
#9142=AXIS2_PLACEMENT_3D('',#13526,#10954,#10955);
#9143=AXIS2_PLACEMENT_3D('',#13527,#10956,#10957);
#9144=AXIS2_PLACEMENT_3D('',#13531,#10959,#10960);
#9145=AXIS2_PLACEMENT_3D('',#13532,#10961,#10962);
#9146=AXIS2_PLACEMENT_3D('',#13538,#10966,#10967);
#9147=AXIS2_PLACEMENT_3D('',#13539,#10968,#10969);
#9148=AXIS2_PLACEMENT_3D('',#13543,#10971,#10972);
#9149=AXIS2_PLACEMENT_3D('',#13544,#10973,#10974);
#9150=AXIS2_PLACEMENT_3D('',#13550,#10978,#10979);
#9151=AXIS2_PLACEMENT_3D('',#13551,#10980,#10981);
#9152=AXIS2_PLACEMENT_3D('',#13555,#10983,#10984);
#9153=AXIS2_PLACEMENT_3D('',#13556,#10985,#10986);
#9154=AXIS2_PLACEMENT_3D('',#13562,#10990,#10991);
#9155=AXIS2_PLACEMENT_3D('',#13563,#10992,#10993);
#9156=AXIS2_PLACEMENT_3D('',#13567,#10995,#10996);
#9157=AXIS2_PLACEMENT_3D('',#13568,#10997,#10998);
#9158=AXIS2_PLACEMENT_3D('',#13574,#11002,#11003);
#9159=AXIS2_PLACEMENT_3D('',#13575,#11004,#11005);
#9160=AXIS2_PLACEMENT_3D('',#13579,#11007,#11008);
#9161=AXIS2_PLACEMENT_3D('',#13580,#11009,#11010);
#9162=AXIS2_PLACEMENT_3D('',#13586,#11014,#11015);
#9163=AXIS2_PLACEMENT_3D('',#13587,#11016,#11017);
#9164=AXIS2_PLACEMENT_3D('',#13591,#11019,#11020);
#9165=AXIS2_PLACEMENT_3D('',#13592,#11021,#11022);
#9166=AXIS2_PLACEMENT_3D('',#13598,#11026,#11027);
#9167=AXIS2_PLACEMENT_3D('',#13599,#11028,#11029);
#9168=AXIS2_PLACEMENT_3D('',#13603,#11031,#11032);
#9169=AXIS2_PLACEMENT_3D('',#13604,#11033,#11034);
#9170=AXIS2_PLACEMENT_3D('',#13610,#11038,#11039);
#9171=AXIS2_PLACEMENT_3D('',#13611,#11040,#11041);
#9172=AXIS2_PLACEMENT_3D('',#13615,#11043,#11044);
#9173=AXIS2_PLACEMENT_3D('',#13616,#11045,#11046);
#9174=AXIS2_PLACEMENT_3D('',#13622,#11050,#11051);
#9175=AXIS2_PLACEMENT_3D('',#13623,#11052,#11053);
#9176=AXIS2_PLACEMENT_3D('',#13627,#11055,#11056);
#9177=AXIS2_PLACEMENT_3D('',#13628,#11057,#11058);
#9178=AXIS2_PLACEMENT_3D('',#13634,#11062,#11063);
#9179=AXIS2_PLACEMENT_3D('',#13635,#11064,#11065);
#9180=AXIS2_PLACEMENT_3D('',#13639,#11067,#11068);
#9181=AXIS2_PLACEMENT_3D('',#13640,#11069,#11070);
#9182=AXIS2_PLACEMENT_3D('',#13646,#11074,#11075);
#9183=AXIS2_PLACEMENT_3D('',#13647,#11076,#11077);
#9184=AXIS2_PLACEMENT_3D('',#13651,#11079,#11080);
#9185=AXIS2_PLACEMENT_3D('',#13652,#11081,#11082);
#9186=AXIS2_PLACEMENT_3D('',#13658,#11086,#11087);
#9187=AXIS2_PLACEMENT_3D('',#13664,#11091,#11092);
#9188=AXIS2_PLACEMENT_3D('',#13665,#11093,#11094);
#9189=AXIS2_PLACEMENT_3D('',#13669,#11096,#11097);
#9190=AXIS2_PLACEMENT_3D('',#13670,#11098,#11099);
#9191=AXIS2_PLACEMENT_3D('',#13676,#11103,#11104);
#9192=AXIS2_PLACEMENT_3D('',#13677,#11105,#11106);
#9193=AXIS2_PLACEMENT_3D('',#13681,#11108,#11109);
#9194=AXIS2_PLACEMENT_3D('',#13682,#11110,#11111);
#9195=AXIS2_PLACEMENT_3D('',#13683,#11112,#11113);
#9196=AXIS2_PLACEMENT_3D('',#13687,#11115,#11116);
#9197=AXIS2_PLACEMENT_3D('',#13688,#11117,#11118);
#9198=AXIS2_PLACEMENT_3D('',#13694,#11122,#11123);
#9199=AXIS2_PLACEMENT_3D('',#13695,#11124,#11125);
#9200=AXIS2_PLACEMENT_3D('',#13699,#11127,#11128);
#9201=AXIS2_PLACEMENT_3D('',#13700,#11129,#11130);
#9202=AXIS2_PLACEMENT_3D('',#13706,#11134,#11135);
#9203=AXIS2_PLACEMENT_3D('',#13707,#11136,#11137);
#9204=AXIS2_PLACEMENT_3D('',#13711,#11139,#11140);
#9205=AXIS2_PLACEMENT_3D('',#13712,#11141,#11142);
#9206=AXIS2_PLACEMENT_3D('',#13718,#11146,#11147);
#9207=AXIS2_PLACEMENT_3D('',#13719,#11148,#11149);
#9208=AXIS2_PLACEMENT_3D('',#13723,#11151,#11152);
#9209=AXIS2_PLACEMENT_3D('',#13724,#11153,#11154);
#9210=AXIS2_PLACEMENT_3D('',#13730,#11158,#11159);
#9211=AXIS2_PLACEMENT_3D('',#13731,#11160,#11161);
#9212=AXIS2_PLACEMENT_3D('',#13735,#11163,#11164);
#9213=AXIS2_PLACEMENT_3D('',#13736,#11165,#11166);
#9214=AXIS2_PLACEMENT_3D('',#13742,#11170,#11171);
#9215=AXIS2_PLACEMENT_3D('',#13743,#11172,#11173);
#9216=AXIS2_PLACEMENT_3D('',#13747,#11175,#11176);
#9217=AXIS2_PLACEMENT_3D('',#13748,#11177,#11178);
#9218=AXIS2_PLACEMENT_3D('',#13754,#11182,#11183);
#9219=AXIS2_PLACEMENT_3D('',#13755,#11184,#11185);
#9220=AXIS2_PLACEMENT_3D('',#13759,#11187,#11188);
#9221=AXIS2_PLACEMENT_3D('',#13760,#11189,#11190);
#9222=AXIS2_PLACEMENT_3D('',#13766,#11194,#11195);
#9223=AXIS2_PLACEMENT_3D('',#13767,#11196,#11197);
#9224=AXIS2_PLACEMENT_3D('',#13771,#11199,#11200);
#9225=AXIS2_PLACEMENT_3D('',#13772,#11201,#11202);
#9226=AXIS2_PLACEMENT_3D('',#13778,#11206,#11207);
#9227=AXIS2_PLACEMENT_3D('',#13779,#11208,#11209);
#9228=AXIS2_PLACEMENT_3D('',#13783,#11211,#11212);
#9229=AXIS2_PLACEMENT_3D('',#13784,#11213,#11214);
#9230=AXIS2_PLACEMENT_3D('',#13790,#11218,#11219);
#9231=AXIS2_PLACEMENT_3D('',#13791,#11220,#11221);
#9232=AXIS2_PLACEMENT_3D('',#13795,#11223,#11224);
#9233=AXIS2_PLACEMENT_3D('',#13796,#11225,#11226);
#9234=AXIS2_PLACEMENT_3D('',#13802,#11230,#11231);
#9235=AXIS2_PLACEMENT_3D('',#13803,#11232,#11233);
#9236=AXIS2_PLACEMENT_3D('',#13807,#11235,#11236);
#9237=AXIS2_PLACEMENT_3D('',#13808,#11237,#11238);
#9238=AXIS2_PLACEMENT_3D('',#13814,#11242,#11243);
#9239=AXIS2_PLACEMENT_3D('',#13815,#11244,#11245);
#9240=AXIS2_PLACEMENT_3D('',#13819,#11247,#11248);
#9241=AXIS2_PLACEMENT_3D('',#13820,#11249,#11250);
#9242=AXIS2_PLACEMENT_3D('',#13821,#11251,#11252);
#9243=AXIS2_PLACEMENT_3D('',#13825,#11254,#11255);
#9244=AXIS2_PLACEMENT_3D('',#13826,#11256,#11257);
#9245=AXIS2_PLACEMENT_3D('',#13827,#11258,#11259);
#9246=AXIS2_PLACEMENT_3D('',#13831,#11261,#11262);
#9247=AXIS2_PLACEMENT_3D('',#13832,#11263,#11264);
#9248=AXIS2_PLACEMENT_3D('',#13838,#11268,#11269);
#9249=AXIS2_PLACEMENT_3D('',#13839,#11270,#11271);
#9250=AXIS2_PLACEMENT_3D('',#13843,#11273,#11274);
#9251=AXIS2_PLACEMENT_3D('',#13844,#11275,#11276);
#9252=AXIS2_PLACEMENT_3D('',#13850,#11280,#11281);
#9253=AXIS2_PLACEMENT_3D('',#13851,#11282,#11283);
#9254=AXIS2_PLACEMENT_3D('',#13855,#11285,#11286);
#9255=AXIS2_PLACEMENT_3D('',#13856,#11287,#11288);
#9256=AXIS2_PLACEMENT_3D('',#13857,#11289,#11290);
#9257=AXIS2_PLACEMENT_3D('',#13861,#11292,#11293);
#9258=AXIS2_PLACEMENT_3D('',#13862,#11294,#11295);
#9259=AXIS2_PLACEMENT_3D('',#13868,#11299,#11300);
#9260=AXIS2_PLACEMENT_3D('',#13869,#11301,#11302);
#9261=AXIS2_PLACEMENT_3D('',#13873,#11304,#11305);
#9262=AXIS2_PLACEMENT_3D('',#13874,#11306,#11307);
#9263=AXIS2_PLACEMENT_3D('',#13880,#11311,#11312);
#9264=AXIS2_PLACEMENT_3D('',#13881,#11313,#11314);
#9265=AXIS2_PLACEMENT_3D('',#13885,#11316,#11317);
#9266=AXIS2_PLACEMENT_3D('',#13886,#11318,#11319);
#9267=AXIS2_PLACEMENT_3D('',#13892,#11323,#11324);
#9268=AXIS2_PLACEMENT_3D('',#13893,#11325,#11326);
#9269=AXIS2_PLACEMENT_3D('',#13897,#11328,#11329);
#9270=AXIS2_PLACEMENT_3D('',#13898,#11330,#11331);
#9271=AXIS2_PLACEMENT_3D('',#13899,#11332,#11333);
#9272=AXIS2_PLACEMENT_3D('',#13903,#11335,#11336);
#9273=AXIS2_PLACEMENT_3D('',#13904,#11337,#11338);
#9274=AXIS2_PLACEMENT_3D('',#13910,#11342,#11343);
#9275=AXIS2_PLACEMENT_3D('',#13916,#11347,#11348);
#9276=AXIS2_PLACEMENT_3D('',#13917,#11349,#11350);
#9277=AXIS2_PLACEMENT_3D('',#13921,#11352,#11353);
#9278=AXIS2_PLACEMENT_3D('',#13922,#11354,#11355);
#9279=AXIS2_PLACEMENT_3D('',#13928,#11359,#11360);
#9280=AXIS2_PLACEMENT_3D('',#13929,#11361,#11362);
#9281=AXIS2_PLACEMENT_3D('',#13933,#11364,#11365);
#9282=AXIS2_PLACEMENT_3D('',#13934,#11366,#11367);
#9283=AXIS2_PLACEMENT_3D('',#13940,#11371,#11372);
#9284=AXIS2_PLACEMENT_3D('',#13946,#11376,#11377);
#9285=AXIS2_PLACEMENT_3D('',#13947,#11378,#11379);
#9286=AXIS2_PLACEMENT_3D('',#13951,#11381,#11382);
#9287=AXIS2_PLACEMENT_3D('',#13952,#11383,#11384);
#9288=AXIS2_PLACEMENT_3D('',#13958,#11388,#11389);
#9289=AXIS2_PLACEMENT_3D('',#13959,#11390,#11391);
#9290=AXIS2_PLACEMENT_3D('',#13963,#11393,#11394);
#9291=AXIS2_PLACEMENT_3D('',#13964,#11395,#11396);
#9292=AXIS2_PLACEMENT_3D('',#13970,#11400,#11401);
#9293=AXIS2_PLACEMENT_3D('',#13973,#11404,#11405);
#9294=AXIS2_PLACEMENT_3D('',#13974,#11406,#11407);
#9295=AXIS2_PLACEMENT_3D('',#13975,#11408,#11409);
#9296=AXIS2_PLACEMENT_3D('',#13976,#11410,#11411);
#9297=AXIS2_PLACEMENT_3D('',#13977,#11412,#11413);
#9298=AXIS2_PLACEMENT_3D('',#13978,#11414,#11415);
#9299=AXIS2_PLACEMENT_3D('',#13979,#11416,#11417);
#9300=AXIS2_PLACEMENT_3D('',#13980,#11418,#11419);
#9301=AXIS2_PLACEMENT_3D('',#13981,#11420,#11421);
#9302=AXIS2_PLACEMENT_3D('',#13982,#11422,#11423);
#9303=AXIS2_PLACEMENT_3D('',#13983,#11424,#11425);
#9304=AXIS2_PLACEMENT_3D('',#13984,#11426,#11427);
#9305=AXIS2_PLACEMENT_3D('',#13985,#11428,#11429);
#9306=AXIS2_PLACEMENT_3D('',#13986,#11430,#11431);
#9307=AXIS2_PLACEMENT_3D('',#13987,#11432,#11433);
#9308=AXIS2_PLACEMENT_3D('',#13988,#11434,#11435);
#9309=AXIS2_PLACEMENT_3D('',#13989,#11436,#11437);
#9310=AXIS2_PLACEMENT_3D('',#13990,#11438,#11439);
#9311=AXIS2_PLACEMENT_3D('',#13991,#11440,#11441);
#9312=AXIS2_PLACEMENT_3D('',#13992,#11442,#11443);
#9313=AXIS2_PLACEMENT_3D('',#13993,#11444,#11445);
#9314=AXIS2_PLACEMENT_3D('',#13994,#11446,#11447);
#9315=AXIS2_PLACEMENT_3D('',#13995,#11448,#11449);
#9316=AXIS2_PLACEMENT_3D('',#13996,#11450,#11451);
#9317=AXIS2_PLACEMENT_3D('',#13997,#11452,#11453);
#9318=AXIS2_PLACEMENT_3D('',#14000,#11456,#11457);
#9319=AXIS2_PLACEMENT_3D('',#14003,#11460,#11461);
#9320=AXIS2_PLACEMENT_3D('',#14006,#11464,#11465);
#9321=AXIS2_PLACEMENT_3D('',#14009,#11468,#11469);
#9322=AXIS2_PLACEMENT_3D('',#14012,#11472,#11473);
#9323=AXIS2_PLACEMENT_3D('',#14015,#11476,#11477);
#9324=AXIS2_PLACEMENT_3D('',#14018,#11480,#11481);
#9325=AXIS2_PLACEMENT_3D('',#14021,#11484,#11485);
#9326=AXIS2_PLACEMENT_3D('',#14024,#11488,#11489);
#9327=AXIS2_PLACEMENT_3D('',#14027,#11492,#11493);
#9328=AXIS2_PLACEMENT_3D('',#14030,#11496,#11497);
#9329=AXIS2_PLACEMENT_3D('',#14033,#11500,#11501);
#9330=AXIS2_PLACEMENT_3D('',#14036,#11504,#11505);
#9331=AXIS2_PLACEMENT_3D('',#14039,#11508,#11509);
#9332=AXIS2_PLACEMENT_3D('',#14042,#11512,#11513);
#9333=AXIS2_PLACEMENT_3D('',#14045,#11516,#11517);
#9334=AXIS2_PLACEMENT_3D('',#14048,#11520,#11521);
#9335=AXIS2_PLACEMENT_3D('',#14051,#11524,#11525);
#9336=AXIS2_PLACEMENT_3D('',#14054,#11528,#11529);
#9337=AXIS2_PLACEMENT_3D('',#14057,#11532,#11533);
#9338=AXIS2_PLACEMENT_3D('',#14060,#11536,#11537);
#9339=AXIS2_PLACEMENT_3D('',#14063,#11540,#11541);
#9340=AXIS2_PLACEMENT_3D('',#14066,#11544,#11545);
#9341=AXIS2_PLACEMENT_3D('',#14069,#11548,#11549);
#9342=AXIS2_PLACEMENT_3D('',#14072,#11552,#11553);
#9343=AXIS2_PLACEMENT_3D('',#14075,#11556,#11557);
#9344=AXIS2_PLACEMENT_3D('',#14078,#11560,#11561);
#9345=AXIS2_PLACEMENT_3D('',#14081,#11564,#11565);
#9346=AXIS2_PLACEMENT_3D('',#14084,#11568,#11569);
#9347=AXIS2_PLACEMENT_3D('',#14087,#11572,#11573);
#9348=AXIS2_PLACEMENT_3D('',#14090,#11576,#11577);
#9349=AXIS2_PLACEMENT_3D('',#14093,#11580,#11581);
#9350=AXIS2_PLACEMENT_3D('',#14096,#11584,#11585);
#9351=AXIS2_PLACEMENT_3D('',#14099,#11588,#11589);
#9352=AXIS2_PLACEMENT_3D('',#14102,#11592,#11593);
#9353=AXIS2_PLACEMENT_3D('',#14105,#11596,#11597);
#9354=AXIS2_PLACEMENT_3D('',#14108,#11600,#11601);
#9355=AXIS2_PLACEMENT_3D('',#14111,#11604,#11605);
#9356=AXIS2_PLACEMENT_3D('',#14114,#11608,#11609);
#9357=AXIS2_PLACEMENT_3D('',#14117,#11612,#11613);
#9358=AXIS2_PLACEMENT_3D('',#14120,#11616,#11617);
#9359=AXIS2_PLACEMENT_3D('',#14123,#11620,#11621);
#9360=AXIS2_PLACEMENT_3D('',#14126,#11624,#11625);
#9361=AXIS2_PLACEMENT_3D('',#14129,#11628,#11629);
#9362=AXIS2_PLACEMENT_3D('',#14132,#11632,#11633);
#9363=AXIS2_PLACEMENT_3D('',#14135,#11636,#11637);
#9364=AXIS2_PLACEMENT_3D('',#14138,#11640,#11641);
#9365=AXIS2_PLACEMENT_3D('',#14141,#11644,#11645);
#9366=AXIS2_PLACEMENT_3D('',#14144,#11648,#11649);
#9367=AXIS2_PLACEMENT_3D('',#14147,#11652,#11653);
#9368=AXIS2_PLACEMENT_3D('',#14150,#11656,#11657);
#9369=AXIS2_PLACEMENT_3D('',#14153,#11660,#11661);
#9370=AXIS2_PLACEMENT_3D('',#14156,#11664,#11665);
#9371=AXIS2_PLACEMENT_3D('',#14159,#11668,#11669);
#9372=AXIS2_PLACEMENT_3D('',#14162,#11672,#11673);
#9373=AXIS2_PLACEMENT_3D('',#14165,#11676,#11677);
#9374=AXIS2_PLACEMENT_3D('',#14166,#11678,#11679);
#9375=DIRECTION('',(0.,0.,1.));
#9376=DIRECTION('',(1.,0.,0.));
#9377=DIRECTION('',(-1.,0.,0.));
#9378=DIRECTION('',(0.,0.,1.));
#9379=DIRECTION('',(0.,1.,0.));
#9380=DIRECTION('',(0.,0.,-1.));
#9381=DIRECTION('',(0.,1.,0.));
#9382=DIRECTION('',(0.,0.,-1.));
#9383=DIRECTION('',(0.,1.,0.));
#9384=DIRECTION('',(0.,0.,1.));
#9385=DIRECTION('',(1.,0.,0.));
#9386=DIRECTION('',(0.,0.,-1.));
#9387=DIRECTION('',(1.,0.,0.));
#9388=DIRECTION('',(1.,0.,0.));
#9389=DIRECTION('',(0.,0.,-1.));
#9390=DIRECTION('',(0.,-1.,0.));
#9391=DIRECTION('',(0.,0.,-1.));
#9392=DIRECTION('',(0.,-1.,0.));
#9393=DIRECTION('',(1.,0.,0.));
#9394=DIRECTION('',(0.,0.,-1.));
#9395=DIRECTION('',(0.,-1.,0.));
#9396=DIRECTION('',(0.,0.,-1.));
#9397=DIRECTION('',(0.,-1.,0.));
#9398=DIRECTION('',(0.,0.,-1.));
#9399=DIRECTION('',(0.,1.,0.));
#9400=DIRECTION('',(0.,0.,1.));
#9401=DIRECTION('',(1.,0.,0.));
#9402=DIRECTION('',(0.,0.,-1.));
#9403=DIRECTION('',(1.,0.,0.));
#9404=DIRECTION('',(-1.,0.,0.));
#9405=DIRECTION('',(0.,0.,1.));
#9406=DIRECTION('',(0.,1.,0.));
#9407=DIRECTION('',(0.,0.,-1.));
#9408=DIRECTION('',(0.,1.,0.));
#9409=DIRECTION('',(0.,0.,-1.));
#9410=DIRECTION('',(0.382683605154184,0.923879460939681,0.));
#9411=DIRECTION('',(-2.34326130861903E-17,-5.65713010333645E-17,1.));
#9412=DIRECTION('',(0.707116910345076,0.707096651882919,0.));
#9413=DIRECTION('',(0.,0.,-1.));
#9414=DIRECTION('',(-1.08405444741927E-16,-2.61713750216168E-16,1.));
#9415=DIRECTION('',(0.707116910345076,0.707096651882919,2.51417795667067E-16));
#9416=DIRECTION('',(0.,0.,-1.));
#9417=DIRECTION('',(0.,0.,-1.));
#9418=DIRECTION('',(0.92387946093966,0.382683605154237,0.));
#9419=DIRECTION('',(-5.65713010333643E-17,-2.34326130861908E-17,1.));
#9420=DIRECTION('',(0.999999999902923,-1.39339006103611E-5,0.));
#9421=DIRECTION('',(0.,0.,-1.));
#9422=DIRECTION('',(-2.61713750216167E-16,-1.08405444741929E-16,1.));
#9423=DIRECTION('',(0.999999999902923,-1.39339006103611E-5,2.51417795667079E-16));
#9424=DIRECTION('',(0.,0.,-1.));
#9425=DIRECTION('',(0.831469547960323,-0.555570329314531,0.));
#9426=DIRECTION('',(0.,0.,-1.));
#9427=DIRECTION('',(-1.,0.,0.));
#9428=DIRECTION('',(0.,0.,-1.));
#9429=DIRECTION('',(0.,0.,-1.));
#9430=DIRECTION('',(-1.,0.,0.));
#9431=DIRECTION('',(0.,0.,-1.));
#9432=DIRECTION('',(-0.195090400878074,-0.980785264716611,0.));
#9433=DIRECTION('',(0.,0.,-1.));
#9434=DIRECTION('',(-1.,0.,0.));
#9435=DIRECTION('',(0.,0.,-1.));
#9436=DIRECTION('',(0.,0.,-1.));
#9437=DIRECTION('',(-1.,0.,0.));
#9438=DIRECTION('',(0.,0.,-1.));
#9439=DIRECTION('',(-0.980785264716615,-0.195090400878054,0.));
#9440=DIRECTION('',(0.,0.,-1.));
#9441=DIRECTION('',(-1.,0.,0.));
#9442=DIRECTION('',(0.,0.,-1.));
#9443=DIRECTION('',(0.,0.,-1.));
#9444=DIRECTION('',(-1.,0.,0.));
#9445=DIRECTION('',(0.,0.,-1.));
#9446=DIRECTION('',(0.382683605154187,0.92387946093968,0.));
#9447=DIRECTION('',(-2.34326130861905E-17,-5.65713010333644E-17,1.));
#9448=DIRECTION('',(0.707116910345073,0.707096651882922,0.));
#9449=DIRECTION('',(0.,0.,-1.));
#9450=DIRECTION('',(-1.08405444741928E-16,-2.61713750216168E-16,1.));
#9451=DIRECTION('',(0.707116910345073,0.707096651882922,2.51417795667066E-16));
#9452=DIRECTION('',(0.,0.,-1.));
#9453=DIRECTION('',(0.,0.,-1.));
#9454=DIRECTION('',(0.923879460939659,0.382683605154239,0.));
#9455=DIRECTION('',(-5.65713010333643E-17,-2.34326130861909E-17,1.));
#9456=DIRECTION('',(0.999999999902923,-1.39339005962813E-5,0.));
#9457=DIRECTION('',(0.,0.,-1.));
#9458=DIRECTION('',(-2.61713750216167E-16,-1.0840544474193E-16,1.));
#9459=DIRECTION('',(0.999999999902923,-1.39339005962813E-5,2.51417795667071E-16));
#9460=DIRECTION('',(0.,0.,-1.));
#9461=DIRECTION('',(0.831469547960323,-0.555570329314531,0.));
#9462=DIRECTION('',(0.,0.,-1.));
#9463=DIRECTION('',(-1.,0.,0.));
#9464=DIRECTION('',(0.,0.,-1.));
#9465=DIRECTION('',(0.,0.,-1.));
#9466=DIRECTION('',(-1.,0.,0.));
#9467=DIRECTION('',(0.,0.,-1.));
#9468=DIRECTION('',(-0.195090400878053,-0.980785264716615,0.));
#9469=DIRECTION('',(0.,0.,-1.));
#9470=DIRECTION('',(-1.,0.,0.));
#9471=DIRECTION('',(0.,0.,-1.));
#9472=DIRECTION('',(0.,0.,-1.));
#9473=DIRECTION('',(-1.,0.,0.));
#9474=DIRECTION('',(0.,0.,-1.));
#9475=DIRECTION('',(-0.98078526471662,-0.195090400878028,0.));
#9476=DIRECTION('',(0.,0.,-1.));
#9477=DIRECTION('',(-1.,0.,0.));
#9478=DIRECTION('',(0.,0.,-1.));
#9479=DIRECTION('',(0.,0.,-1.));
#9480=DIRECTION('',(-1.,0.,0.));
#9481=DIRECTION('',(0.,0.,-1.));
#9482=DIRECTION('',(0.382683605154206,0.923879460939672,0.));
#9483=DIRECTION('',(-2.34326130861903E-17,-5.65713010333645E-17,1.));
#9484=DIRECTION('',(0.707116910345068,0.707096651882927,0.));
#9485=DIRECTION('',(0.,0.,-1.));
#9486=DIRECTION('',(-1.08405444741927E-16,-2.61713750216168E-16,1.));
#9487=DIRECTION('',(0.707116910345068,0.707096651882927,2.51417795667062E-16));
#9488=DIRECTION('',(0.,0.,-1.));
#9489=DIRECTION('',(0.,0.,-1.));
#9490=DIRECTION('',(0.923879460939669,0.382683605154215,0.));
#9491=DIRECTION('',(-5.65713010333646E-17,-2.34326130861901E-17,1.));
#9492=DIRECTION('',(0.999999999902923,-1.39339005962809E-5,0.));
#9493=DIRECTION('',(0.,0.,-1.));
#9494=DIRECTION('',(-2.61713750216168E-16,-1.08405444741926E-16,1.));
#9495=DIRECTION('',(0.999999999902923,-1.39339005962809E-5,2.51417795667064E-16));
#9496=DIRECTION('',(0.,0.,-1.));
#9497=DIRECTION('',(0.831469547960298,-0.555570329314568,0.));
#9498=DIRECTION('',(0.,0.,-1.));
#9499=DIRECTION('',(-1.,0.,0.));
#9500=DIRECTION('',(0.,0.,-1.));
#9501=DIRECTION('',(0.,0.,-1.));
#9502=DIRECTION('',(-1.,0.,0.));
#9503=DIRECTION('',(0.,0.,-1.));
#9504=DIRECTION('',(-0.195090400878033,-0.980785264716619,0.));
#9505=DIRECTION('',(0.,0.,-1.));
#9506=DIRECTION('',(-1.,0.,0.));
#9507=DIRECTION('',(0.,0.,-1.));
#9508=DIRECTION('',(0.,0.,-1.));
#9509=DIRECTION('',(-1.,0.,0.));
#9510=DIRECTION('',(0.,0.,-1.));
#9511=DIRECTION('',(-0.980785264716621,-0.195090400878023,0.));
#9512=DIRECTION('',(0.,0.,-1.));
#9513=DIRECTION('',(-1.,0.,0.));
#9514=DIRECTION('',(0.,0.,-1.));
#9515=DIRECTION('',(0.,0.,-1.));
#9516=DIRECTION('',(-1.,0.,0.));
#9517=DIRECTION('',(0.,0.,-1.));
#9518=DIRECTION('',(0.382683605154205,0.923879460939673,0.));
#9519=DIRECTION('',(-2.34326130861901E-17,-5.65713010333646E-17,1.));
#9520=DIRECTION('',(0.70711691034507,0.707096651882925,0.));
#9521=DIRECTION('',(0.,0.,-1.));
#9522=DIRECTION('',(-1.08405444741926E-16,-2.61713750216168E-16,1.));
#9523=DIRECTION('',(0.70711691034507,0.707096651882925,2.51417795667065E-16));
#9524=DIRECTION('',(0.,0.,-1.));
#9525=DIRECTION('',(0.,0.,-1.));
#9526=DIRECTION('',(0.923879460939666,0.382683605154221,0.));
#9527=DIRECTION('',(-5.65713010333645E-17,-2.34326130861902E-17,1.));
#9528=DIRECTION('',(0.999999999902923,-1.39339005942696E-5,0.));
#9529=DIRECTION('',(0.,0.,-1.));
#9530=DIRECTION('',(-2.61713750216168E-16,-1.08405444741927E-16,1.));
#9531=DIRECTION('',(0.999999999902923,-1.39339005942696E-5,2.51417795667064E-16));
#9532=DIRECTION('',(0.,0.,-1.));
#9533=DIRECTION('',(0.831469547960317,-0.55557032931454,0.));
#9534=DIRECTION('',(0.,0.,-1.));
#9535=DIRECTION('',(-1.,0.,0.));
#9536=DIRECTION('',(0.,0.,-1.));
#9537=DIRECTION('',(0.,0.,-1.));
#9538=DIRECTION('',(-1.,0.,0.));
#9539=DIRECTION('',(0.,0.,-1.));
#9540=DIRECTION('',(-0.195090400878036,-0.980785264716619,0.));
#9541=DIRECTION('',(0.,0.,-1.));
#9542=DIRECTION('',(-1.,0.,0.));
#9543=DIRECTION('',(0.,0.,-1.));
#9544=DIRECTION('',(0.,0.,-1.));
#9545=DIRECTION('',(-1.,0.,0.));
#9546=DIRECTION('',(0.,0.,-1.));
#9547=DIRECTION('',(-0.980785264716621,-0.195090400878023,0.));
#9548=DIRECTION('',(0.,0.,-1.));
#9549=DIRECTION('',(-1.,0.,0.));
#9550=DIRECTION('',(0.,0.,-1.));
#9551=DIRECTION('',(0.,0.,-1.));
#9552=DIRECTION('',(-1.,0.,0.));
#9553=DIRECTION('',(0.,0.,-1.));
#9554=DIRECTION('',(0.382683088434157,0.923879674972068,0.));
#9555=DIRECTION('',(-2.34325868077521E-17,-5.65713119182489E-17,1.));
#9556=DIRECTION('',(0.707115931846126,0.707097630408549,0.));
#9557=DIRECTION('',(0.,0.,-1.));
#9558=DIRECTION('',(-1.08405323170945E-16,-2.61713800572512E-16,1.));
#9559=DIRECTION('',(0.707115931846126,0.707097630408549,3.54036450262512E-16));
#9560=DIRECTION('',(0.,0.,-1.));
#9561=DIRECTION('',(0.,0.,-1.));
#9562=DIRECTION('',(0.923879674972052,0.382683088434198,0.));
#9563=DIRECTION('',(-5.65713119182487E-17,-2.34325868077524E-17,1.));
#9564=DIRECTION('',(0.999999999909157,-1.34791129671398E-5,0.));
#9565=DIRECTION('',(0.,0.,-1.));
#9566=DIRECTION('',(-2.61713800572511E-16,-1.08405323170947E-16,1.));
#9567=DIRECTION('',(0.999999999909157,-1.34791129671398E-5,3.54036450262535E-16));
#9568=DIRECTION('',(0.,0.,-1.));
#9569=DIRECTION('',(0.831469657554778,-0.555570165294844,0.));
#9570=DIRECTION('',(0.,0.,-1.));
#9571=DIRECTION('',(-1.,0.,0.));
#9572=DIRECTION('',(0.,0.,-1.));
#9573=DIRECTION('',(0.,0.,-1.));
#9574=DIRECTION('',(-1.,0.,0.));
#9575=DIRECTION('',(0.,0.,-1.));
#9576=DIRECTION('',(-0.195090194797765,-0.980785305708528,0.));
#9577=DIRECTION('',(0.,0.,-1.));
#9578=DIRECTION('',(-1.,0.,0.));
#9579=DIRECTION('',(0.,0.,-1.));
#9580=DIRECTION('',(0.,0.,-1.));
#9581=DIRECTION('',(-1.,0.,0.));
#9582=DIRECTION('',(0.,0.,-1.));
#9583=DIRECTION('',(-0.980785305708526,-0.195090194797775,0.));
#9584=DIRECTION('',(0.,0.,-1.));
#9585=DIRECTION('',(-1.,0.,0.));
#9586=DIRECTION('',(0.,0.,-1.));
#9587=DIRECTION('',(0.,0.,-1.));
#9588=DIRECTION('',(-1.,0.,0.));
#9589=DIRECTION('',(0.,0.,-1.));
#9590=DIRECTION('',(0.382683088434155,0.923879674972069,0.));
#9591=DIRECTION('',(-2.34325868077528E-17,-5.65713119182486E-17,1.));
#9592=DIRECTION('',(0.707115931846143,0.707097630408532,0.));
#9593=DIRECTION('',(0.,0.,-1.));
#9594=DIRECTION('',(-1.08405323170949E-16,-2.61713800572511E-16,1.));
#9595=DIRECTION('',(0.707115931846143,0.707097630408532,3.54036450262515E-16));
#9596=DIRECTION('',(0.,0.,-1.));
#9597=DIRECTION('',(0.,0.,-1.));
#9598=DIRECTION('',(0.923879674972057,0.382683088434185,0.));
#9599=DIRECTION('',(-5.65713119182488E-17,-2.34325868077523E-17,1.));
#9600=DIRECTION('',(0.999999999909157,-1.34791129728044E-5,0.));
#9601=DIRECTION('',(0.,0.,-1.));
#9602=DIRECTION('',(-2.61713800572512E-16,-1.08405323170946E-16,1.));
#9603=DIRECTION('',(0.999999999909157,-1.34791129728044E-5,3.54036450262535E-16));
#9604=DIRECTION('',(0.,0.,-1.));
#9605=DIRECTION('',(0.831469657554765,-0.555570165294863,0.));
#9606=DIRECTION('',(0.,0.,-1.));
#9607=DIRECTION('',(-1.,0.,0.));
#9608=DIRECTION('',(0.,0.,-1.));
#9609=DIRECTION('',(0.,0.,-1.));
#9610=DIRECTION('',(-1.,0.,0.));
#9611=DIRECTION('',(0.,0.,-1.));
#9612=DIRECTION('',(-0.195090194797767,-0.980785305708527,0.));
#9613=DIRECTION('',(0.,0.,-1.));
#9614=DIRECTION('',(-1.,0.,0.));
#9615=DIRECTION('',(0.,0.,-1.));
#9616=DIRECTION('',(0.,0.,-1.));
#9617=DIRECTION('',(-1.,0.,0.));
#9618=DIRECTION('',(0.,0.,-1.));
#9619=DIRECTION('',(-0.980785305708532,-0.195090194797746,0.));
#9620=DIRECTION('',(0.,0.,-1.));
#9621=DIRECTION('',(-1.,0.,0.));
#9622=DIRECTION('',(0.,0.,-1.));
#9623=DIRECTION('',(0.,0.,-1.));
#9624=DIRECTION('',(-1.,0.,0.));
#9625=DIRECTION('',(0.,0.,-1.));
#9626=DIRECTION('',(0.382683088434162,0.923879674972067,0.));
#9627=DIRECTION('',(-2.34325868077528E-17,-5.65713119182486E-17,1.));
#9628=DIRECTION('',(0.707115931846137,0.707097630408538,0.));
#9629=DIRECTION('',(0.,0.,-1.));
#9630=DIRECTION('',(-1.08405323170949E-16,-2.61713800572511E-16,1.));
#9631=DIRECTION('',(0.707115931846137,0.707097630408538,3.54036450262518E-16));
#9632=DIRECTION('',(0.,0.,-1.));
#9633=DIRECTION('',(0.,0.,-1.));
#9634=DIRECTION('',(0.923879674972056,0.382683088434188,0.));
#9635=DIRECTION('',(-5.65713119182488E-17,-2.34325868077523E-17,1.));
#9636=DIRECTION('',(0.999999999909157,-1.34791129614748E-5,0.));
#9637=DIRECTION('',(0.,0.,-1.));
#9638=DIRECTION('',(-2.61713800572512E-16,-1.08405323170946E-16,1.));
#9639=DIRECTION('',(0.999999999909157,-1.34791129614748E-5,3.54036450262522E-16));
#9640=DIRECTION('',(0.,0.,-1.));
#9641=DIRECTION('',(0.831469657554765,-0.555570165294863,0.));
#9642=DIRECTION('',(0.,0.,-1.));
#9643=DIRECTION('',(-1.,0.,0.));
#9644=DIRECTION('',(0.,0.,-1.));
#9645=DIRECTION('',(0.,0.,-1.));
#9646=DIRECTION('',(-1.,0.,0.));
#9647=DIRECTION('',(0.,0.,-1.));
#9648=DIRECTION('',(-0.19509019479777,-0.980785305708527,0.));
#9649=DIRECTION('',(0.,0.,-1.));
#9650=DIRECTION('',(-1.,0.,0.));
#9651=DIRECTION('',(0.,0.,-1.));
#9652=DIRECTION('',(0.,0.,-1.));
#9653=DIRECTION('',(-1.,0.,0.));
#9654=DIRECTION('',(0.,0.,-1.));
#9655=DIRECTION('',(-0.98078530570853,-0.195090194797754,0.));
#9656=DIRECTION('',(0.,0.,-1.));
#9657=DIRECTION('',(-1.,0.,0.));
#9658=DIRECTION('',(0.,0.,-1.));
#9659=DIRECTION('',(0.,0.,-1.));
#9660=DIRECTION('',(-1.,0.,0.));
#9661=DIRECTION('',(0.,0.,-1.));
#9662=DIRECTION('',(0.382683088434155,0.923879674972069,0.));
#9663=DIRECTION('',(-2.34325868077524E-17,-5.65713119182487E-17,1.));
#9664=DIRECTION('',(0.707115931846131,0.707097630408544,0.));
#9665=DIRECTION('',(0.,0.,-1.));
#9666=DIRECTION('',(-1.08405323170947E-16,-2.61713800572511E-16,1.));
#9667=DIRECTION('',(0.707115931846131,0.707097630408544,3.54036450262515E-16));
#9668=DIRECTION('',(0.,0.,-1.));
#9669=DIRECTION('',(0.,0.,-1.));
#9670=DIRECTION('',(0.923879674972049,0.382683088434204,0.));
#9671=DIRECTION('',(-5.65713119182487E-17,-2.34325868077524E-17,1.));
#9672=DIRECTION('',(0.999999999909157,-1.34791129558103E-5,0.));
#9673=DIRECTION('',(0.,0.,-1.));
#9674=DIRECTION('',(-2.61713800572511E-16,-1.08405323170947E-16,1.));
#9675=DIRECTION('',(0.999999999909157,-1.34791129558103E-5,3.54036450262526E-16));
#9676=DIRECTION('',(0.,0.,-1.));
#9677=DIRECTION('',(0.831469657554773,-0.555570165294852,0.));
#9678=DIRECTION('',(0.,0.,-1.));
#9679=DIRECTION('',(-1.,0.,0.));
#9680=DIRECTION('',(0.,0.,-1.));
#9681=DIRECTION('',(0.,0.,-1.));
#9682=DIRECTION('',(-1.,0.,0.));
#9683=DIRECTION('',(0.,0.,-1.));
#9684=DIRECTION('',(-0.195090194797797,-0.980785305708522,0.));
#9685=DIRECTION('',(0.,0.,-1.));
#9686=DIRECTION('',(-1.,0.,0.));
#9687=DIRECTION('',(0.,0.,-1.));
#9688=DIRECTION('',(0.,0.,-1.));
#9689=DIRECTION('',(-1.,0.,0.));
#9690=DIRECTION('',(0.,0.,-1.));
#9691=DIRECTION('',(-0.980785305708532,-0.195090194797743,0.));
#9692=DIRECTION('',(0.,0.,-1.));
#9693=DIRECTION('',(-1.,0.,0.));
#9694=DIRECTION('',(0.,0.,-1.));
#9695=DIRECTION('',(0.,0.,-1.));
#9696=DIRECTION('',(-1.,0.,0.));
#9697=DIRECTION('',(0.965925414311443,-0.258820582619058,0.));
#9698=DIRECTION('',(0.258820582619058,0.965925414311443,0.));
#9699=DIRECTION('',(-0.258820582619058,-0.965925414311442,0.));
#9700=DIRECTION('',(0.,0.,-1.));
#9701=DIRECTION('',(-0.258820582619058,-0.965925414311442,0.));
#9702=DIRECTION('',(0.,0.,-1.));
#9703=DIRECTION('',(-0.25882236834923,-0.965924935821669,0.));
#9704=DIRECTION('',(0.965924935821669,-0.258822368349231,0.));
#9705=DIRECTION('',(-0.965924935821669,0.258822368349231,0.));
#9706=DIRECTION('',(0.,0.,-1.));
#9707=DIRECTION('',(-0.965924935821669,0.258822368349231,0.));
#9708=DIRECTION('',(-0.965927200010049,0.258813918251601,0.));
#9709=DIRECTION('',(-0.258813918251601,-0.965927200010049,0.));
#9710=DIRECTION('',(0.258813918251601,0.965927200010049,0.));
#9711=DIRECTION('',(0.,0.,-1.));
#9712=DIRECTION('',(0.258813918251601,0.965927200010049,0.));
#9713=DIRECTION('',(-0.258822368349232,-0.965924935821668,0.));
#9714=DIRECTION('',(0.965924935821669,-0.258822368349232,0.));
#9715=DIRECTION('',(-0.965924935821669,0.258822368349232,0.));
#9716=DIRECTION('',(0.,0.,-1.));
#9717=DIRECTION('',(-0.965924935821669,0.258822368349232,0.));
#9718=DIRECTION('',(0.,0.,-1.));
#9719=DIRECTION('',(-0.965924935821668,0.258822368349233,0.));
#9720=DIRECTION('',(-0.258822368349233,-0.965924935821668,0.));
#9721=DIRECTION('',(0.258822368349233,0.965924935821668,0.));
#9722=DIRECTION('',(0.,0.,-1.));
#9723=DIRECTION('',(0.258822368349233,0.965924935821668,0.));
#9724=DIRECTION('',(0.258815703942397,0.965926721544032,0.));
#9725=DIRECTION('',(-0.965926721544032,0.258815703942397,0.));
#9726=DIRECTION('',(0.965926721544032,-0.258815703942397,0.));
#9727=DIRECTION('',(0.,0.,-1.));
#9728=DIRECTION('',(0.965926721544032,-0.258815703942397,0.));
#9729=DIRECTION('',(-0.258820582619056,-0.965925414311443,0.));
#9730=DIRECTION('',(0.965925414311443,-0.258820582619056,0.));
#9731=DIRECTION('',(-0.965925414311443,0.258820582619056,0.));
#9732=DIRECTION('',(0.,0.,-1.));
#9733=DIRECTION('',(-0.965925414311443,0.258820582619056,0.));
#9734=DIRECTION('',(0.,0.,-1.));
#9735=DIRECTION('',(-0.965924935821668,0.258822368349233,0.));
#9736=DIRECTION('',(-0.258822368349233,-0.965924935821668,0.));
#9737=DIRECTION('',(0.258822368349233,0.965924935821668,0.));
#9738=DIRECTION('',(0.,0.,-1.));
#9739=DIRECTION('',(0.258822368349233,0.965924935821668,0.));
#9740=DIRECTION('',(0.258815703942398,0.965926721544032,0.));
#9741=DIRECTION('',(-0.965926721544032,0.258815703942398,0.));
#9742=DIRECTION('',(0.965926721544032,-0.258815703942398,0.));
#9743=DIRECTION('',(0.,0.,-1.));
#9744=DIRECTION('',(0.965926721544032,-0.258815703942398,0.));
#9745=DIRECTION('',(-0.965924935821669,0.258822368349231,0.));
#9746=DIRECTION('',(-0.258822368349231,-0.965924935821669,0.));
#9747=DIRECTION('',(0.258822368349231,0.965924935821669,0.));
#9748=DIRECTION('',(0.,0.,-1.));
#9749=DIRECTION('',(0.258822368349231,0.965924935821669,0.));
#9750=DIRECTION('',(0.,0.,-1.));
#9751=DIRECTION('',(0.258820582619058,0.965925414311443,0.));
#9752=DIRECTION('',(-0.965925414311443,0.258820582619058,0.));
#9753=DIRECTION('',(0.965925414311442,-0.258820582619058,0.));
#9754=DIRECTION('',(0.,0.,-1.));
#9755=DIRECTION('',(0.965925414311442,-0.258820582619058,0.));
#9756=DIRECTION('',(0.965924935821669,-0.258822368349232,0.));
#9757=DIRECTION('',(0.258822368349232,0.965924935821669,0.));
#9758=DIRECTION('',(-0.258822368349232,-0.965924935821669,0.));
#9759=DIRECTION('',(0.,0.,-1.));
#9760=DIRECTION('',(-0.258822368349232,-0.965924935821669,0.));
#9761=DIRECTION('',(0.965924935821669,-0.25882236834923,0.));
#9762=DIRECTION('',(0.258822368349231,0.965924935821669,0.));
#9763=DIRECTION('',(-0.258822368349231,-0.965924935821669,0.));
#9764=DIRECTION('',(0.,0.,-1.));
#9765=DIRECTION('',(-0.258822368349231,-0.965924935821669,0.));
#9766=DIRECTION('',(0.,0.,-1.));
#9767=DIRECTION('',(-0.258813918251601,-0.965927200010049,0.));
#9768=DIRECTION('',(0.965927200010049,-0.258813918251601,0.));
#9769=DIRECTION('',(-0.965927200010049,0.258813918251601,0.));
#9770=DIRECTION('',(0.,0.,-1.));
#9771=DIRECTION('',(-0.965927200010049,0.258813918251601,0.));
#9772=DIRECTION('',(-0.965925414311443,0.258820582619058,0.));
#9773=DIRECTION('',(-0.258820582619058,-0.965925414311443,0.));
#9774=DIRECTION('',(0.258820582619058,0.965925414311442,0.));
#9775=DIRECTION('',(0.,0.,-1.));
#9776=DIRECTION('',(0.258820582619058,0.965925414311442,0.));
#9777=DIRECTION('',(-0.258813918251601,-0.965927200010049,0.));
#9778=DIRECTION('',(0.965927200010049,-0.258813918251601,0.));
#9779=DIRECTION('',(-0.965927200010049,0.258813918251601,0.));
#9780=DIRECTION('',(0.,0.,-1.));
#9781=DIRECTION('',(-0.965927200010049,0.258813918251601,0.));
#9782=DIRECTION('',(0.,0.,-1.));
#9783=DIRECTION('',(-0.965925414311443,0.258820582619058,0.));
#9784=DIRECTION('',(-0.258820582619058,-0.965925414311443,0.));
#9785=DIRECTION('',(0.258820582619058,0.965925414311442,0.));
#9786=DIRECTION('',(0.,0.,-1.));
#9787=DIRECTION('',(0.258820582619058,0.965925414311442,0.));
#9788=DIRECTION('',(0.258820582619056,0.965925414311443,0.));
#9789=DIRECTION('',(-0.965925414311443,0.258820582619056,0.));
#9790=DIRECTION('',(0.965925414311443,-0.258820582619056,0.));
#9791=DIRECTION('',(0.,0.,-1.));
#9792=DIRECTION('',(0.965925414311443,-0.258820582619056,0.));
#9793=DIRECTION('',(0.258820582619057,0.965925414311442,0.));
#9794=DIRECTION('',(-0.965925414311443,0.258820582619057,0.));
#9795=DIRECTION('',(0.965925414311443,-0.258820582619057,0.));
#9796=DIRECTION('',(0.,0.,-1.));
#9797=DIRECTION('',(0.965925414311443,-0.258820582619057,0.));
#9798=DIRECTION('',(0.,0.,-1.));
#9799=DIRECTION('',(0.965925414311442,-0.258820582619057,0.));
#9800=DIRECTION('',(0.258820582619057,0.965925414311443,0.));
#9801=DIRECTION('',(-0.258820582619057,-0.965925414311443,0.));
#9802=DIRECTION('',(0.,0.,-1.));
#9803=DIRECTION('',(-0.258820582619057,-0.965925414311443,0.));
#9804=DIRECTION('',(-0.258822368349232,-0.965924935821669,0.));
#9805=DIRECTION('',(0.965924935821669,-0.258822368349232,0.));
#9806=DIRECTION('',(-0.965924935821669,0.258822368349232,0.));
#9807=DIRECTION('',(0.,0.,-1.));
#9808=DIRECTION('',(-0.965924935821669,0.258822368349232,0.));
#9809=DIRECTION('',(0.258813918251601,0.965927200010049,0.));
#9810=DIRECTION('',(-0.965927200010049,0.258813918251601,0.));
#9811=DIRECTION('',(0.965927200010049,-0.258813918251601,0.));
#9812=DIRECTION('',(0.,0.,-1.));
#9813=DIRECTION('',(0.965927200010049,-0.258813918251601,0.));
#9814=DIRECTION('',(0.,0.,-1.));
#9815=DIRECTION('',(0.965925414311442,-0.258820582619058,0.));
#9816=DIRECTION('',(0.258820582619058,0.965925414311443,0.));
#9817=DIRECTION('',(-0.258820582619058,-0.965925414311443,0.));
#9818=DIRECTION('',(0.,0.,-1.));
#9819=DIRECTION('',(-0.258820582619058,-0.965925414311443,0.));
#9820=DIRECTION('',(-0.258822368349231,-0.965924935821669,0.));
#9821=DIRECTION('',(0.965924935821669,-0.258822368349231,0.));
#9822=DIRECTION('',(-0.965924935821669,0.258822368349231,0.));
#9823=DIRECTION('',(0.,0.,-1.));
#9824=DIRECTION('',(-0.965924935821669,0.258822368349231,0.));
#9825=DIRECTION('',(-0.965926721544032,0.258815703942398,0.));
#9826=DIRECTION('',(-0.258815703942398,-0.965926721544032,0.));
#9827=DIRECTION('',(0.258815703942398,0.965926721544032,0.));
#9828=DIRECTION('',(0.,0.,-1.));
#9829=DIRECTION('',(0.258815703942398,0.965926721544032,0.));
#9830=DIRECTION('',(0.,0.,-1.));
#9831=DIRECTION('',(0.2588139182516,0.965927200010049,0.));
#9832=DIRECTION('',(-0.965927200010049,0.2588139182516,0.));
#9833=DIRECTION('',(0.965927200010049,-0.2588139182516,0.));
#9834=DIRECTION('',(0.,0.,-1.));
#9835=DIRECTION('',(0.965927200010049,-0.2588139182516,0.));
#9836=DIRECTION('',(0.965925414311442,-0.258820582619059,0.));
#9837=DIRECTION('',(0.258820582619059,0.965925414311442,0.));
#9838=DIRECTION('',(-0.258820582619059,-0.965925414311442,0.));
#9839=DIRECTION('',(0.,0.,-1.));
#9840=DIRECTION('',(-0.258820582619059,-0.965925414311442,0.));
#9841=DIRECTION('',(-0.258822368349231,-0.965924935821669,0.));
#9842=DIRECTION('',(0.965924935821669,-0.258822368349231,0.));
#9843=DIRECTION('',(-0.965924935821669,0.258822368349231,0.));
#9844=DIRECTION('',(0.,0.,-1.));
#9845=DIRECTION('',(-0.965924935821669,0.258822368349231,0.));
#9846=DIRECTION('',(0.,0.,-1.));
#9847=DIRECTION('',(-0.965926721544032,0.258815703942397,0.));
#9848=DIRECTION('',(-0.258815703942397,-0.965926721544032,0.));
#9849=DIRECTION('',(0.258815703942397,0.965926721544032,0.));
#9850=DIRECTION('',(0.,0.,-1.));
#9851=DIRECTION('',(0.258815703942397,0.965926721544032,0.));
#9852=DIRECTION('',(0.258813918251602,0.965927200010049,0.));
#9853=DIRECTION('',(-0.965927200010049,0.258813918251602,0.));
#9854=DIRECTION('',(0.965927200010049,-0.258813918251602,0.));
#9855=DIRECTION('',(0.,0.,-1.));
#9856=DIRECTION('',(0.965927200010049,-0.258813918251602,0.));
#9857=DIRECTION('',(0.258820582619056,0.965925414311443,0.));
#9858=DIRECTION('',(-0.965925414311443,0.258820582619056,0.));
#9859=DIRECTION('',(0.965925414311443,-0.258820582619056,0.));
#9860=DIRECTION('',(0.,0.,-1.));
#9861=DIRECTION('',(0.965925414311443,-0.258820582619056,0.));
#9862=DIRECTION('',(0.,0.,-1.));
#9863=DIRECTION('',(0.965925414311442,-0.258820582619057,0.));
#9864=DIRECTION('',(0.258820582619057,0.965925414311443,0.));
#9865=DIRECTION('',(-0.258820582619057,-0.965925414311443,0.));
#9866=DIRECTION('',(0.,0.,-1.));
#9867=DIRECTION('',(-0.258820582619057,-0.965925414311443,0.));
#9868=DIRECTION('',(-0.258822368349232,-0.965924935821668,0.));
#9869=DIRECTION('',(0.965924935821669,-0.258822368349232,0.));
#9870=DIRECTION('',(-0.965924935821669,0.258822368349232,0.));
#9871=DIRECTION('',(0.,0.,-1.));
#9872=DIRECTION('',(-0.965924935821669,0.258822368349232,0.));
#9873=DIRECTION('',(-0.258820582619058,-0.965925414311442,0.));
#9874=DIRECTION('',(0.965925414311443,-0.258820582619058,0.));
#9875=DIRECTION('',(-0.965925414311443,0.258820582619058,0.));
#9876=DIRECTION('',(0.,0.,-1.));
#9877=DIRECTION('',(-0.965925414311443,0.258820582619058,0.));
#9878=DIRECTION('',(0.,0.,-1.));
#9879=DIRECTION('',(-0.965924935821669,0.258822368349231,0.));
#9880=DIRECTION('',(-0.258822368349232,-0.965924935821669,0.));
#9881=DIRECTION('',(0.258822368349232,0.965924935821669,0.));
#9882=DIRECTION('',(0.,0.,-1.));
#9883=DIRECTION('',(0.258822368349232,0.965924935821669,0.));
#9884=DIRECTION('',(0.258813918251602,0.965927200010049,0.));
#9885=DIRECTION('',(-0.965927200010049,0.258813918251602,0.));
#9886=DIRECTION('',(0.965927200010049,-0.258813918251602,0.));
#9887=DIRECTION('',(0.,0.,-1.));
#9888=DIRECTION('',(0.965927200010049,-0.258813918251602,0.));
#9889=DIRECTION('',(0.965925414311443,-0.258820582619058,0.));
#9890=DIRECTION('',(0.258820582619058,0.965925414311443,0.));
#9891=DIRECTION('',(-0.258820582619058,-0.965925414311442,0.));
#9892=DIRECTION('',(0.,0.,-1.));
#9893=DIRECTION('',(-0.258820582619058,-0.965925414311442,0.));
#9894=DIRECTION('',(0.,0.,-1.));
#9895=DIRECTION('',(-0.258820582619057,-0.965925414311442,0.));
#9896=DIRECTION('',(0.965925414311443,-0.258820582619057,0.));
#9897=DIRECTION('',(-0.965925414311443,0.258820582619057,0.));
#9898=DIRECTION('',(0.,0.,-1.));
#9899=DIRECTION('',(-0.965925414311443,0.258820582619057,0.));
#9900=DIRECTION('',(-0.965925414311442,0.258820582619058,0.));
#9901=DIRECTION('',(-0.258820582619058,-0.965925414311443,0.));
#9902=DIRECTION('',(0.258820582619058,0.965925414311443,0.));
#9903=DIRECTION('',(0.,0.,-1.));
#9904=DIRECTION('',(0.258820582619058,0.965925414311443,0.));
#9905=DIRECTION('',(0.965925414311442,-0.258820582619058,0.));
#9906=DIRECTION('',(0.258820582619058,0.965925414311443,0.));
#9907=DIRECTION('',(-0.258820582619058,-0.965925414311443,0.));
#9908=DIRECTION('',(0.,0.,-1.));
#9909=DIRECTION('',(-0.258820582619058,-0.965925414311443,0.));
#9910=DIRECTION('',(0.,0.,-1.));
#9911=DIRECTION('',(-0.258820582619058,-0.965925414311442,0.));
#9912=DIRECTION('',(0.965925414311443,-0.258820582619058,0.));
#9913=DIRECTION('',(-0.965925414311443,0.258820582619058,0.));
#9914=DIRECTION('',(0.,0.,-1.));
#9915=DIRECTION('',(-0.965925414311443,0.258820582619058,0.));
#9916=DIRECTION('',(-0.965925414311443,0.258820582619058,0.));
#9917=DIRECTION('',(-0.258820582619058,-0.965925414311443,0.));
#9918=DIRECTION('',(0.258820582619058,0.965925414311442,0.));
#9919=DIRECTION('',(0.,0.,-1.));
#9920=DIRECTION('',(0.258820582619058,0.965925414311442,0.));
#9921=DIRECTION('',(-0.258820582619056,-0.965925414311443,0.));
#9922=DIRECTION('',(0.965925414311443,-0.258820582619056,0.));
#9923=DIRECTION('',(-0.965925414311443,0.258820582619056,0.));
#9924=DIRECTION('',(0.,0.,-1.));
#9925=DIRECTION('',(-0.965925414311443,0.258820582619056,0.));
#9926=DIRECTION('',(0.,0.,-1.));
#9927=DIRECTION('',(-0.965925414311442,0.258820582619058,0.));
#9928=DIRECTION('',(-0.258820582619058,-0.965925414311443,0.));
#9929=DIRECTION('',(0.258820582619058,0.965925414311443,0.));
#9930=DIRECTION('',(0.,0.,-1.));
#9931=DIRECTION('',(0.258820582619058,0.965925414311443,0.));
#9932=DIRECTION('',(0.258820582619058,0.965925414311442,0.));
#9933=DIRECTION('',(-0.965925414311443,0.258820582619058,0.));
#9934=DIRECTION('',(0.965925414311443,-0.258820582619058,0.));
#9935=DIRECTION('',(0.,0.,-1.));
#9936=DIRECTION('',(0.965925414311443,-0.258820582619058,0.));
#9937=DIRECTION('',(-0.258820582619058,-0.965925414311442,0.));
#9938=DIRECTION('',(0.965925414311443,-0.258820582619058,0.));
#9939=DIRECTION('',(-0.965925414311443,0.258820582619058,0.));
#9940=DIRECTION('',(0.,0.,-1.));
#9941=DIRECTION('',(-0.965925414311443,0.258820582619058,0.));
#9942=DIRECTION('',(0.,0.,-1.));
#9943=DIRECTION('',(-0.965924935821669,0.258822368349231,0.));
#9944=DIRECTION('',(-0.258822368349231,-0.965924935821669,0.));
#9945=DIRECTION('',(0.258822368349231,0.965924935821669,0.));
#9946=DIRECTION('',(0.,0.,-1.));
#9947=DIRECTION('',(0.258822368349231,0.965924935821669,0.));
#9948=DIRECTION('',(0.258815703942398,0.965926721544032,0.));
#9949=DIRECTION('',(-0.965926721544032,0.258815703942398,0.));
#9950=DIRECTION('',(0.965926721544032,-0.258815703942398,0.));
#9951=DIRECTION('',(0.,0.,-1.));
#9952=DIRECTION('',(0.965926721544032,-0.258815703942398,0.));
#9953=DIRECTION('',(0.707110352622312,-0.707103209732745,0.));
#9954=DIRECTION('',(0.707103209732745,0.707110352622312,0.));
#9955=DIRECTION('',(-0.707103209732745,-0.707110352622312,0.));
#9956=DIRECTION('',(0.,0.,-1.));
#9957=DIRECTION('',(-0.707103209732745,-0.707110352622312,0.));
#9958=DIRECTION('',(0.,0.,-1.));
#9959=DIRECTION('',(-0.707106781186548,-0.707106781186548,0.));
#9960=DIRECTION('',(0.707106781186548,-0.707106781186548,0.));
#9961=DIRECTION('',(-0.707106781186548,0.707106781186548,0.));
#9962=DIRECTION('',(0.,0.,-1.));
#9963=DIRECTION('',(-0.707106781186548,0.707106781186548,0.));
#9964=DIRECTION('',(-0.707106781186548,0.707106781186548,0.));
#9965=DIRECTION('',(-0.707106781186548,-0.707106781186548,0.));
#9966=DIRECTION('',(0.707106781186548,0.707106781186548,0.));
#9967=DIRECTION('',(0.,0.,-1.));
#9968=DIRECTION('',(0.707106781186548,0.707106781186548,0.));
#9969=DIRECTION('',(-0.258820582619058,-0.965925414311442,0.));
#9970=DIRECTION('',(0.965925414311443,-0.258820582619058,0.));
#9971=DIRECTION('',(-0.965925414311443,0.258820582619058,0.));
#9972=DIRECTION('',(0.,0.,-1.));
#9973=DIRECTION('',(-0.965925414311443,0.258820582619058,0.));
#9974=DIRECTION('',(0.,0.,-1.));
#9975=DIRECTION('',(-0.965924935821669,0.258822368349231,0.));
#9976=DIRECTION('',(-0.258822368349231,-0.965924935821669,0.));
#9977=DIRECTION('',(0.258822368349231,0.965924935821669,0.));
#9978=DIRECTION('',(0.,0.,-1.));
#9979=DIRECTION('',(0.258822368349231,0.965924935821669,0.));
#9980=DIRECTION('',(0.258813918251601,0.965927200010049,0.));
#9981=DIRECTION('',(-0.965927200010049,0.258813918251601,0.));
#9982=DIRECTION('',(0.965927200010049,-0.258813918251601,0.));
#9983=DIRECTION('',(0.,0.,-1.));
#9984=DIRECTION('',(0.965927200010049,-0.258813918251601,0.));
#9985=DIRECTION('',(-0.258813918251601,-0.965927200010049,0.));
#9986=DIRECTION('',(0.965927200010049,-0.258813918251601,0.));
#9987=DIRECTION('',(-0.965927200010049,0.258813918251601,0.));
#9988=DIRECTION('',(0.,0.,-1.));
#9989=DIRECTION('',(-0.965927200010049,0.258813918251601,0.));
#9990=DIRECTION('',(0.,0.,-1.));
#9991=DIRECTION('',(-0.965925414311442,0.258820582619058,0.));
#9992=DIRECTION('',(-0.258820582619058,-0.965925414311442,0.));
#9993=DIRECTION('',(0.258820582619058,0.965925414311442,0.));
#9994=DIRECTION('',(0.,0.,-1.));
#9995=DIRECTION('',(0.258820582619058,0.965925414311442,0.));
#9996=DIRECTION('',(0.258820582619058,0.965925414311443,0.));
#9997=DIRECTION('',(-0.965925414311443,0.258820582619058,0.));
#9998=DIRECTION('',(0.965925414311442,-0.258820582619058,0.));
#9999=DIRECTION('',(0.,0.,-1.));
#10000=DIRECTION('',(0.965925414311442,-0.258820582619058,0.));
#10001=DIRECTION('',(-0.258822368349231,-0.965924935821669,0.));
#10002=DIRECTION('',(0.965924935821669,-0.258822368349231,0.));
#10003=DIRECTION('',(-0.965924935821669,0.258822368349231,0.));
#10004=DIRECTION('',(0.,0.,-1.));
#10005=DIRECTION('',(-0.965924935821669,0.258822368349231,0.));
#10006=DIRECTION('',(0.,0.,-1.));
#10007=DIRECTION('',(-0.965924935821669,0.258822368349231,0.));
#10008=DIRECTION('',(-0.258822368349231,-0.965924935821669,0.));
#10009=DIRECTION('',(0.258822368349231,0.965924935821669,0.));
#10010=DIRECTION('',(0.,0.,-1.));
#10011=DIRECTION('',(0.258822368349231,0.965924935821669,0.));
#10012=DIRECTION('',(0.258815703942398,0.965926721544032,0.));
#10013=DIRECTION('',(-0.965926721544032,0.258815703942398,0.));
#10014=DIRECTION('',(0.965926721544032,-0.258815703942398,0.));
#10015=DIRECTION('',(0.,0.,-1.));
#10016=DIRECTION('',(0.965926721544032,-0.258815703942398,0.));
#10017=DIRECTION('',(0.258820582619058,0.965925414311443,0.));
#10018=DIRECTION('',(-0.965925414311443,0.258820582619058,0.));
#10019=DIRECTION('',(0.965925414311442,-0.258820582619058,0.));
#10020=DIRECTION('',(0.,0.,-1.));
#10021=DIRECTION('',(0.965925414311442,-0.258820582619058,0.));
#10022=DIRECTION('',(0.,0.,-1.));
#10023=DIRECTION('',(0.965924935821669,-0.258822368349231,0.));
#10024=DIRECTION('',(0.258822368349231,0.965924935821669,0.));
#10025=DIRECTION('',(-0.258822368349231,-0.965924935821669,0.));
#10026=DIRECTION('',(0.,0.,-1.));
#10027=DIRECTION('',(-0.258822368349231,-0.965924935821669,0.));
#10028=DIRECTION('',(-0.258813918251603,-0.965927200010049,0.));
#10029=DIRECTION('',(0.965927200010049,-0.258813918251603,0.));
#10030=DIRECTION('',(-0.965927200010049,0.258813918251603,0.));
#10031=DIRECTION('',(0.,0.,-1.));
#10032=DIRECTION('',(-0.965927200010049,0.258813918251603,0.));
#10033=DIRECTION('',(0.258820582619056,0.965925414311443,0.));
#10034=DIRECTION('',(-0.965925414311443,0.258820582619056,0.));
#10035=DIRECTION('',(0.965925414311443,-0.258820582619056,0.));
#10036=DIRECTION('',(0.,0.,-1.));
#10037=DIRECTION('',(0.965925414311443,-0.258820582619056,0.));
#10038=DIRECTION('',(0.,0.,-1.));
#10039=DIRECTION('',(0.965924935821669,-0.258822368349231,0.));
#10040=DIRECTION('',(0.258822368349231,0.965924935821669,0.));
#10041=DIRECTION('',(-0.258822368349231,-0.965924935821669,0.));
#10042=DIRECTION('',(0.,0.,-1.));
#10043=DIRECTION('',(-0.258822368349231,-0.965924935821669,0.));
#10044=DIRECTION('',(-0.258813918251602,-0.965927200010049,0.));
#10045=DIRECTION('',(0.965927200010049,-0.258813918251602,0.));
#10046=DIRECTION('',(-0.965927200010049,0.258813918251602,0.));
#10047=DIRECTION('',(0.,0.,-1.));
#10048=DIRECTION('',(-0.965927200010049,0.258813918251602,0.));
#10049=DIRECTION('',(0.258820582619058,0.965925414311442,0.));
#10050=DIRECTION('',(-0.965925414311443,0.258820582619058,0.));
#10051=DIRECTION('',(0.965925414311443,-0.258820582619058,0.));
#10052=DIRECTION('',(0.,0.,-1.));
#10053=DIRECTION('',(0.965925414311443,-0.258820582619058,0.));
#10054=DIRECTION('',(0.,0.,-1.));
#10055=DIRECTION('',(0.965924935821669,-0.258822368349232,0.));
#10056=DIRECTION('',(0.258822368349232,0.965924935821669,0.));
#10057=DIRECTION('',(-0.258822368349232,-0.965924935821669,0.));
#10058=DIRECTION('',(0.,0.,-1.));
#10059=DIRECTION('',(-0.258822368349232,-0.965924935821669,0.));
#10060=DIRECTION('',(-0.258813918251602,-0.965927200010049,0.));
#10061=DIRECTION('',(0.965927200010049,-0.258813918251602,0.));
#10062=DIRECTION('',(-0.965927200010049,0.258813918251602,0.));
#10063=DIRECTION('',(0.,0.,-1.));
#10064=DIRECTION('',(-0.965927200010049,0.258813918251602,0.));
#10065=DIRECTION('',(0.965925414311443,-0.258820582619056,0.));
#10066=DIRECTION('',(0.258820582619056,0.965925414311443,0.));
#10067=DIRECTION('',(-0.258820582619056,-0.965925414311443,0.));
#10068=DIRECTION('',(0.,0.,-1.));
#10069=DIRECTION('',(-0.258820582619056,-0.965925414311443,0.));
#10070=DIRECTION('',(0.,0.,-1.));
#10071=DIRECTION('',(-0.258820582619056,-0.965925414311443,0.));
#10072=DIRECTION('',(0.965925414311443,-0.258820582619056,0.));
#10073=DIRECTION('',(-0.965925414311443,0.258820582619056,0.));
#10074=DIRECTION('',(0.,0.,-1.));
#10075=DIRECTION('',(-0.965925414311443,0.258820582619056,0.));
#10076=DIRECTION('',(-0.965925414311442,0.258820582619058,0.));
#10077=DIRECTION('',(-0.258820582619058,-0.965925414311443,0.));
#10078=DIRECTION('',(0.258820582619058,0.965925414311443,0.));
#10079=DIRECTION('',(0.,0.,-1.));
#10080=DIRECTION('',(0.258820582619058,0.965925414311443,0.));
#10081=DIRECTION('',(-0.258820582619058,-0.965925414311442,0.));
#10082=DIRECTION('',(0.965925414311443,-0.258820582619058,0.));
#10083=DIRECTION('',(-0.965925414311443,0.258820582619058,0.));
#10084=DIRECTION('',(0.,0.,-1.));
#10085=DIRECTION('',(-0.965925414311443,0.258820582619058,0.));
#10086=DIRECTION('',(0.,0.,-1.));
#10087=DIRECTION('',(-0.965924935821669,0.258822368349231,0.));
#10088=DIRECTION('',(-0.258822368349231,-0.965924935821669,0.));
#10089=DIRECTION('',(0.258822368349231,0.965924935821669,0.));
#10090=DIRECTION('',(0.,0.,-1.));
#10091=DIRECTION('',(0.258822368349231,0.965924935821669,0.));
#10092=DIRECTION('',(0.258815703942398,0.965926721544032,0.));
#10093=DIRECTION('',(-0.965926721544032,0.258815703942398,0.));
#10094=DIRECTION('',(0.965926721544032,-0.258815703942398,0.));
#10095=DIRECTION('',(0.,0.,-1.));
#10096=DIRECTION('',(0.965926721544032,-0.258815703942398,0.));
#10097=DIRECTION('',(-0.258820582619058,-0.965925414311442,0.));
#10098=DIRECTION('',(0.965925414311442,-0.258820582619058,0.));
#10099=DIRECTION('',(-0.965925414311442,0.258820582619058,0.));
#10100=DIRECTION('',(0.,0.,-1.));
#10101=DIRECTION('',(-0.965925414311442,0.258820582619058,0.));
#10102=DIRECTION('',(0.,0.,-1.));
#10103=DIRECTION('',(-0.965924935821669,0.258822368349232,0.));
#10104=DIRECTION('',(-0.258822368349232,-0.965924935821669,0.));
#10105=DIRECTION('',(0.258822368349232,0.965924935821669,0.));
#10106=DIRECTION('',(0.,0.,-1.));
#10107=DIRECTION('',(0.258822368349232,0.965924935821669,0.));
#10108=DIRECTION('',(0.258815703942397,0.965926721544032,0.));
#10109=DIRECTION('',(-0.965926721544032,0.258815703942397,0.));
#10110=DIRECTION('',(0.965926721544032,-0.258815703942397,0.));
#10111=DIRECTION('',(0.,0.,-1.));
#10112=DIRECTION('',(0.965926721544032,-0.258815703942397,0.));
#10113=DIRECTION('',(-0.258820582619057,-0.965925414311442,0.));
#10114=DIRECTION('',(0.965925414311443,-0.258820582619057,0.));
#10115=DIRECTION('',(-0.965925414311443,0.258820582619057,0.));
#10116=DIRECTION('',(0.,0.,-1.));
#10117=DIRECTION('',(-0.965925414311443,0.258820582619057,0.));
#10118=DIRECTION('',(0.,0.,-1.));
#10119=DIRECTION('',(-0.965925414311443,0.258820582619058,0.));
#10120=DIRECTION('',(-0.258820582619058,-0.965925414311443,0.));
#10121=DIRECTION('',(0.258820582619058,0.965925414311442,0.));
#10122=DIRECTION('',(0.,0.,-1.));
#10123=DIRECTION('',(0.258820582619058,0.965925414311442,0.));
#10124=DIRECTION('',(0.258822368349231,0.965924935821669,0.));
#10125=DIRECTION('',(-0.965924935821669,0.258822368349231,0.));
#10126=DIRECTION('',(0.965924935821669,-0.258822368349231,0.));
#10127=DIRECTION('',(0.,0.,-1.));
#10128=DIRECTION('',(0.965924935821669,-0.258822368349231,0.));
#10129=DIRECTION('',(-0.96592493582167,-0.258822368349228,0.));
#10130=DIRECTION('',(0.258822368349228,-0.96592493582167,0.));
#10131=DIRECTION('',(-0.258822368349228,0.96592493582167,0.));
#10132=DIRECTION('',(0.,0.,-1.));
#10133=DIRECTION('',(-0.258822368349228,0.96592493582167,0.));
#10134=DIRECTION('',(0.,0.,-1.));
#10135=DIRECTION('',(-0.258820582619056,0.965925414311443,0.));
#10136=DIRECTION('',(-0.965925414311443,-0.258820582619056,0.));
#10137=DIRECTION('',(0.965925414311443,0.258820582619056,0.));
#10138=DIRECTION('',(0.,0.,-1.));
#10139=DIRECTION('',(0.965925414311443,0.258820582619056,0.));
#10140=DIRECTION('',(0.965925414311442,0.258820582619057,0.));
#10141=DIRECTION('',(-0.258820582619057,0.965925414311443,0.));
#10142=DIRECTION('',(0.258820582619057,-0.965925414311443,0.));
#10143=DIRECTION('',(0.,0.,-1.));
#10144=DIRECTION('',(0.258820582619057,-0.965925414311443,0.));
#10145=DIRECTION('',(-0.258820582619056,0.965925414311443,0.));
#10146=DIRECTION('',(-0.965925414311443,-0.258820582619056,0.));
#10147=DIRECTION('',(0.965925414311443,0.258820582619056,0.));
#10148=DIRECTION('',(0.,0.,-1.));
#10149=DIRECTION('',(0.965925414311443,0.258820582619056,0.));
#10150=DIRECTION('',(0.,0.,-1.));
#10151=DIRECTION('',(0.965927200010049,0.258813918251602,0.));
#10152=DIRECTION('',(-0.258813918251602,0.965927200010049,0.));
#10153=DIRECTION('',(0.258813918251602,-0.965927200010049,0.));
#10154=DIRECTION('',(0.,0.,-1.));
#10155=DIRECTION('',(0.258813918251602,-0.965927200010049,0.));
#10156=DIRECTION('',(0.258822368349231,-0.965924935821669,0.));
#10157=DIRECTION('',(0.965924935821669,0.258822368349231,0.));
#10158=DIRECTION('',(-0.965924935821669,-0.258822368349231,0.));
#10159=DIRECTION('',(0.,0.,-1.));
#10160=DIRECTION('',(-0.965924935821669,-0.258822368349231,0.));
#10161=DIRECTION('',(-0.258820582619058,0.965925414311442,0.));
#10162=DIRECTION('',(-0.965925414311443,-0.258820582619058,0.));
#10163=DIRECTION('',(0.965925414311443,0.258820582619058,0.));
#10164=DIRECTION('',(0.,0.,-1.));
#10165=DIRECTION('',(0.965925414311443,0.258820582619058,0.));
#10166=DIRECTION('',(0.,0.,-1.));
#10167=DIRECTION('',(0.965927200010049,0.258813918251602,0.));
#10168=DIRECTION('',(-0.258813918251602,0.965927200010049,0.));
#10169=DIRECTION('',(0.258813918251602,-0.965927200010049,0.));
#10170=DIRECTION('',(0.,0.,-1.));
#10171=DIRECTION('',(0.258813918251602,-0.965927200010049,0.));
#10172=DIRECTION('',(0.258815703942397,-0.965926721544032,0.));
#10173=DIRECTION('',(0.965926721544032,0.258815703942397,0.));
#10174=DIRECTION('',(-0.965926721544032,-0.258815703942397,0.));
#10175=DIRECTION('',(0.,0.,-1.));
#10176=DIRECTION('',(-0.965926721544032,-0.258815703942397,0.));
#10177=DIRECTION('',(0.965926721544032,0.258815703942397,0.));
#10178=DIRECTION('',(-0.258815703942397,0.965926721544032,0.));
#10179=DIRECTION('',(0.258815703942397,-0.965926721544032,0.));
#10180=DIRECTION('',(0.,0.,-1.));
#10181=DIRECTION('',(0.258815703942397,-0.965926721544032,0.));
#10182=DIRECTION('',(0.,0.,-1.));
#10183=DIRECTION('',(0.258822368349231,-0.965924935821669,0.));
#10184=DIRECTION('',(0.965924935821669,0.258822368349231,0.));
#10185=DIRECTION('',(-0.965924935821669,-0.258822368349231,0.));
#10186=DIRECTION('',(0.,0.,-1.));
#10187=DIRECTION('',(-0.965924935821669,-0.258822368349231,0.));
#10188=DIRECTION('',(-0.965925414311443,-0.258820582619058,0.));
#10189=DIRECTION('',(0.258820582619058,-0.965925414311443,0.));
#10190=DIRECTION('',(-0.258820582619058,0.965925414311442,0.));
#10191=DIRECTION('',(0.,0.,-1.));
#10192=DIRECTION('',(-0.258820582619058,0.965925414311442,0.));
#10193=DIRECTION('',(0.258813918251601,-0.965927200010049,0.));
#10194=DIRECTION('',(0.965927200010049,0.258813918251601,0.));
#10195=DIRECTION('',(-0.965927200010049,-0.258813918251601,0.));
#10196=DIRECTION('',(0.,0.,-1.));
#10197=DIRECTION('',(-0.965927200010049,-0.258813918251601,0.));
#10198=DIRECTION('',(0.,0.,-1.));
#10199=DIRECTION('',(-0.965924935821669,-0.258822368349231,0.));
#10200=DIRECTION('',(0.258822368349231,-0.965924935821669,0.));
#10201=DIRECTION('',(-0.258822368349231,0.965924935821669,0.));
#10202=DIRECTION('',(0.,0.,-1.));
#10203=DIRECTION('',(-0.258822368349231,0.965924935821669,0.));
#10204=DIRECTION('',(-0.258820582619056,0.965925414311443,0.));
#10205=DIRECTION('',(-0.965925414311443,-0.258820582619056,0.));
#10206=DIRECTION('',(0.965925414311443,0.258820582619056,0.));
#10207=DIRECTION('',(0.,0.,-1.));
#10208=DIRECTION('',(0.965925414311443,0.258820582619056,0.));
#10209=DIRECTION('',(-0.965925414311441,-0.258820582619061,0.));
#10210=DIRECTION('',(0.258820582619061,-0.965925414311442,0.));
#10211=DIRECTION('',(-0.258820582619061,0.965925414311441,0.));
#10212=DIRECTION('',(0.,0.,-1.));
#10213=DIRECTION('',(-0.258820582619061,0.965925414311441,0.));
#10214=DIRECTION('',(0.,0.,-1.));
#10215=DIRECTION('',(-0.258822368349231,0.965924935821669,0.));
#10216=DIRECTION('',(-0.965924935821669,-0.258822368349231,0.));
#10217=DIRECTION('',(0.965924935821669,0.258822368349231,0.));
#10218=DIRECTION('',(0.,0.,-1.));
#10219=DIRECTION('',(0.965924935821669,0.258822368349231,0.));
#10220=DIRECTION('',(0.965925414311441,0.258820582619061,0.));
#10221=DIRECTION('',(-0.258820582619061,0.965925414311441,0.));
#10222=DIRECTION('',(0.258820582619061,-0.965925414311441,0.));
#10223=DIRECTION('',(0.,0.,-1.));
#10224=DIRECTION('',(0.258820582619061,-0.965925414311441,0.));
#10225=DIRECTION('',(0.965926721544032,0.258815703942397,0.));
#10226=DIRECTION('',(-0.258815703942397,0.965926721544032,0.));
#10227=DIRECTION('',(0.258815703942397,-0.965926721544032,0.));
#10228=DIRECTION('',(0.,0.,-1.));
#10229=DIRECTION('',(0.258815703942397,-0.965926721544032,0.));
#10230=DIRECTION('',(0.,0.,-1.));
#10231=DIRECTION('',(0.25882236834923,-0.965924935821669,0.));
#10232=DIRECTION('',(0.965924935821669,0.25882236834923,0.));
#10233=DIRECTION('',(-0.965924935821669,-0.25882236834923,0.));
#10234=DIRECTION('',(0.,0.,-1.));
#10235=DIRECTION('',(-0.965924935821669,-0.25882236834923,0.));
#10236=DIRECTION('',(-0.965925414311442,-0.258820582619058,0.));
#10237=DIRECTION('',(0.258820582619058,-0.965925414311443,0.));
#10238=DIRECTION('',(-0.258820582619058,0.965925414311443,0.));
#10239=DIRECTION('',(0.,0.,-1.));
#10240=DIRECTION('',(-0.258820582619058,0.965925414311443,0.));
#10241=DIRECTION('',(0.258813918251601,-0.965927200010049,0.));
#10242=DIRECTION('',(0.965927200010049,0.258813918251601,0.));
#10243=DIRECTION('',(-0.965927200010049,-0.258813918251601,0.));
#10244=DIRECTION('',(0.,0.,-1.));
#10245=DIRECTION('',(-0.965927200010049,-0.258813918251601,0.));
#10246=DIRECTION('',(0.,0.,-1.));
#10247=DIRECTION('',(-0.965926721544032,-0.258815703942398,0.));
#10248=DIRECTION('',(0.258815703942398,-0.965926721544032,0.));
#10249=DIRECTION('',(-0.258815703942398,0.965926721544032,0.));
#10250=DIRECTION('',(0.,0.,-1.));
#10251=DIRECTION('',(-0.258815703942398,0.965926721544032,0.));
#10252=DIRECTION('',(-0.258822368349231,0.965924935821669,0.));
#10253=DIRECTION('',(-0.965924935821669,-0.258822368349231,0.));
#10254=DIRECTION('',(0.965924935821669,0.258822368349231,0.));
#10255=DIRECTION('',(0.,0.,-1.));
#10256=DIRECTION('',(0.965924935821669,0.258822368349231,0.));
#10257=DIRECTION('',(-0.965924935821668,-0.258822368349235,0.));
#10258=DIRECTION('',(0.258822368349235,-0.965924935821668,0.));
#10259=DIRECTION('',(-0.258822368349235,0.965924935821668,0.));
#10260=DIRECTION('',(0.,0.,-1.));
#10261=DIRECTION('',(-0.258822368349235,0.965924935821668,0.));
#10262=DIRECTION('',(0.,0.,-1.));
#10263=DIRECTION('',(-0.258820582619056,0.965925414311443,0.));
#10264=DIRECTION('',(-0.965925414311443,-0.258820582619056,0.));
#10265=DIRECTION('',(0.965925414311443,0.258820582619056,0.));
#10266=DIRECTION('',(0.,0.,-1.));
#10267=DIRECTION('',(0.965925414311443,0.258820582619056,0.));
#10268=DIRECTION('',(0.965924935821669,0.258822368349232,0.));
#10269=DIRECTION('',(-0.258822368349232,0.965924935821669,0.));
#10270=DIRECTION('',(0.258822368349232,-0.965924935821669,0.));
#10271=DIRECTION('',(0.,0.,-1.));
#10272=DIRECTION('',(0.258822368349232,-0.965924935821669,0.));
#10273=DIRECTION('',(-0.25882236834923,0.965924935821669,0.));
#10274=DIRECTION('',(-0.965924935821669,-0.25882236834923,0.));
#10275=DIRECTION('',(0.965924935821669,0.25882236834923,0.));
#10276=DIRECTION('',(0.,0.,-1.));
#10277=DIRECTION('',(0.965924935821669,0.25882236834923,0.));
#10278=DIRECTION('',(0.,0.,-1.));
#10279=DIRECTION('',(0.965925414311442,0.258820582619058,0.));
#10280=DIRECTION('',(-0.258820582619058,0.965925414311443,0.));
#10281=DIRECTION('',(0.258820582619058,-0.965925414311442,0.));
#10282=DIRECTION('',(0.,0.,-1.));
#10283=DIRECTION('',(0.258820582619058,-0.965925414311442,0.));
#10284=DIRECTION('',(0.258815703942398,-0.965926721544032,0.));
#10285=DIRECTION('',(0.965926721544032,0.258815703942398,0.));
#10286=DIRECTION('',(-0.965926721544032,-0.258815703942398,0.));
#10287=DIRECTION('',(0.,0.,-1.));
#10288=DIRECTION('',(-0.965926721544032,-0.258815703942398,0.));
#10289=DIRECTION('',(-0.258813918251601,0.965927200010049,0.));
#10290=DIRECTION('',(-0.965927200010049,-0.258813918251601,0.));
#10291=DIRECTION('',(0.965927200010049,0.258813918251601,0.));
#10292=DIRECTION('',(0.,0.,-1.));
#10293=DIRECTION('',(0.965927200010049,0.258813918251601,0.));
#10294=DIRECTION('',(0.,0.,-1.));
#10295=DIRECTION('',(0.965926721544032,0.258815703942398,0.));
#10296=DIRECTION('',(-0.258815703942398,0.965926721544032,0.));
#10297=DIRECTION('',(0.258815703942398,-0.965926721544032,0.));
#10298=DIRECTION('',(0.,0.,-1.));
#10299=DIRECTION('',(0.258815703942398,-0.965926721544032,0.));
#10300=DIRECTION('',(0.258822368349231,-0.965924935821669,0.));
#10301=DIRECTION('',(0.965924935821669,0.258822368349231,0.));
#10302=DIRECTION('',(-0.965924935821669,-0.258822368349231,0.));
#10303=DIRECTION('',(0.,0.,-1.));
#10304=DIRECTION('',(-0.965924935821669,-0.258822368349231,0.));
#10305=DIRECTION('',(-0.258820582619058,0.965925414311442,0.));
#10306=DIRECTION('',(-0.965925414311443,-0.258820582619058,0.));
#10307=DIRECTION('',(0.965925414311443,0.258820582619058,0.));
#10308=DIRECTION('',(0.,0.,-1.));
#10309=DIRECTION('',(0.965925414311443,0.258820582619058,0.));
#10310=DIRECTION('',(0.,0.,-1.));
#10311=DIRECTION('',(0.965926721544032,0.258815703942397,0.));
#10312=DIRECTION('',(-0.258815703942397,0.965926721544032,0.));
#10313=DIRECTION('',(0.258815703942397,-0.965926721544032,0.));
#10314=DIRECTION('',(0.,0.,-1.));
#10315=DIRECTION('',(0.258815703942397,-0.965926721544032,0.));
#10316=DIRECTION('',(0.25882236834923,-0.965924935821669,0.));
#10317=DIRECTION('',(0.965924935821669,0.258822368349231,0.));
#10318=DIRECTION('',(-0.965924935821669,-0.258822368349231,0.));
#10319=DIRECTION('',(0.,0.,-1.));
#10320=DIRECTION('',(-0.965924935821669,-0.258822368349231,0.));
#10321=DIRECTION('',(-0.258820582619058,0.965925414311442,0.));
#10322=DIRECTION('',(-0.965925414311442,-0.258820582619058,0.));
#10323=DIRECTION('',(0.965925414311442,0.258820582619058,0.));
#10324=DIRECTION('',(0.,0.,-1.));
#10325=DIRECTION('',(0.965925414311442,0.258820582619058,0.));
#10326=DIRECTION('',(0.,0.,-1.));
#10327=DIRECTION('',(0.965925414311443,0.258820582619058,0.));
#10328=DIRECTION('',(-0.258820582619058,0.965925414311443,0.));
#10329=DIRECTION('',(0.258820582619058,-0.965925414311442,0.));
#10330=DIRECTION('',(0.,0.,-1.));
#10331=DIRECTION('',(0.258820582619058,-0.965925414311442,0.));
#10332=DIRECTION('',(0.258813918251602,-0.965927200010049,0.));
#10333=DIRECTION('',(0.965927200010049,0.258813918251602,0.));
#10334=DIRECTION('',(-0.965927200010049,-0.258813918251602,0.));
#10335=DIRECTION('',(0.,0.,-1.));
#10336=DIRECTION('',(-0.965927200010049,-0.258813918251602,0.));
#10337=DIRECTION('',(0.258822368349231,-0.965924935821669,0.));
#10338=DIRECTION('',(0.965924935821669,0.258822368349231,0.));
#10339=DIRECTION('',(-0.965924935821669,-0.258822368349231,0.));
#10340=DIRECTION('',(0.,0.,-1.));
#10341=DIRECTION('',(-0.965924935821669,-0.258822368349231,0.));
#10342=DIRECTION('',(0.,0.,-1.));
#10343=DIRECTION('',(-0.965925414311442,-0.258820582619061,0.));
#10344=DIRECTION('',(0.258820582619061,-0.965925414311442,0.));
#10345=DIRECTION('',(-0.258820582619061,0.965925414311442,0.));
#10346=DIRECTION('',(0.,0.,-1.));
#10347=DIRECTION('',(-0.258820582619061,0.965925414311442,0.));
#10348=DIRECTION('',(-0.258822368349232,0.965924935821668,0.));
#10349=DIRECTION('',(-0.965924935821669,-0.258822368349232,0.));
#10350=DIRECTION('',(0.965924935821669,0.258822368349232,0.));
#10351=DIRECTION('',(0.,0.,-1.));
#10352=DIRECTION('',(0.965924935821669,0.258822368349232,0.));
#10353=DIRECTION('',(0.258820582619056,-0.965925414311443,0.));
#10354=DIRECTION('',(0.965925414311443,0.258820582619056,0.));
#10355=DIRECTION('',(-0.965925414311443,-0.258820582619056,0.));
#10356=DIRECTION('',(0.,0.,-1.));
#10357=DIRECTION('',(-0.965925414311443,-0.258820582619056,0.));
#10358=DIRECTION('',(0.,0.,-1.));
#10359=DIRECTION('',(-0.965927200010049,-0.258813918251602,0.));
#10360=DIRECTION('',(0.258813918251602,-0.965927200010049,0.));
#10361=DIRECTION('',(-0.258813918251602,0.965927200010049,0.));
#10362=DIRECTION('',(0.,0.,-1.));
#10363=DIRECTION('',(-0.258813918251602,0.965927200010049,0.));
#10364=DIRECTION('',(-0.258815703942398,0.965926721544032,0.));
#10365=DIRECTION('',(-0.965926721544032,-0.258815703942398,0.));
#10366=DIRECTION('',(0.965926721544031,0.258815703942398,0.));
#10367=DIRECTION('',(0.,0.,-1.));
#10368=DIRECTION('',(0.965926721544031,0.258815703942398,0.));
#10369=DIRECTION('',(-0.965926721544032,-0.258815703942397,0.));
#10370=DIRECTION('',(0.258815703942397,-0.965926721544032,0.));
#10371=DIRECTION('',(-0.258815703942397,0.965926721544032,0.));
#10372=DIRECTION('',(0.,0.,-1.));
#10373=DIRECTION('',(-0.258815703942397,0.965926721544032,0.));
#10374=DIRECTION('',(0.,0.,-1.));
#10375=DIRECTION('',(-0.25882236834923,0.965924935821669,0.));
#10376=DIRECTION('',(-0.965924935821669,-0.258822368349231,0.));
#10377=DIRECTION('',(0.965924935821669,0.258822368349231,0.));
#10378=DIRECTION('',(0.,0.,-1.));
#10379=DIRECTION('',(0.965924935821669,0.258822368349231,0.));
#10380=DIRECTION('',(0.965925414311442,0.258820582619058,0.));
#10381=DIRECTION('',(-0.258820582619058,0.965925414311442,0.));
#10382=DIRECTION('',(0.258820582619058,-0.965925414311442,0.));
#10383=DIRECTION('',(0.,0.,-1.));
#10384=DIRECTION('',(0.258820582619058,-0.965925414311442,0.));
#10385=DIRECTION('',(-0.965926721544032,-0.258815703942397,0.));
#10386=DIRECTION('',(0.258815703942397,-0.965926721544032,0.));
#10387=DIRECTION('',(-0.258815703942397,0.965926721544032,0.));
#10388=DIRECTION('',(0.,0.,-1.));
#10389=DIRECTION('',(-0.258815703942397,0.965926721544032,0.));
#10390=DIRECTION('',(0.,0.,-1.));
#10391=DIRECTION('',(-0.258822368349231,0.965924935821669,0.));
#10392=DIRECTION('',(-0.965924935821669,-0.258822368349231,0.));
#10393=DIRECTION('',(0.965924935821669,0.258822368349231,0.));
#10394=DIRECTION('',(0.,0.,-1.));
#10395=DIRECTION('',(0.965924935821669,0.258822368349231,0.));
#10396=DIRECTION('',(0.965925414311441,0.258820582619061,0.));
#10397=DIRECTION('',(-0.258820582619061,0.965925414311442,0.));
#10398=DIRECTION('',(0.258820582619061,-0.965925414311441,0.));
#10399=DIRECTION('',(0.,0.,-1.));
#10400=DIRECTION('',(0.258820582619061,-0.965925414311441,0.));
#10401=DIRECTION('',(-0.965925414311441,-0.258820582619061,0.));
#10402=DIRECTION('',(0.258820582619061,-0.965925414311442,0.));
#10403=DIRECTION('',(-0.258820582619061,0.965925414311441,0.));
#10404=DIRECTION('',(0.,0.,-1.));
#10405=DIRECTION('',(-0.258820582619061,0.965925414311441,0.));
#10406=DIRECTION('',(0.,0.,-1.));
#10407=DIRECTION('',(-0.258813918251601,0.965927200010049,0.));
#10408=DIRECTION('',(-0.965927200010049,-0.258813918251601,0.));
#10409=DIRECTION('',(0.965927200010049,0.258813918251601,0.));
#10410=DIRECTION('',(0.,0.,-1.));
#10411=DIRECTION('',(0.965927200010049,0.258813918251601,0.));
#10412=DIRECTION('',(0.96592493582167,0.258822368349228,0.));
#10413=DIRECTION('',(-0.258822368349228,0.96592493582167,0.));
#10414=DIRECTION('',(0.258822368349228,-0.96592493582167,0.));
#10415=DIRECTION('',(0.,0.,-1.));
#10416=DIRECTION('',(0.258822368349228,-0.96592493582167,0.));
#10417=DIRECTION('',(0.258820582619058,-0.965925414311442,0.));
#10418=DIRECTION('',(0.965925414311442,0.258820582619059,0.));
#10419=DIRECTION('',(-0.965925414311442,-0.258820582619059,0.));
#10420=DIRECTION('',(0.,0.,-1.));
#10421=DIRECTION('',(-0.965925414311442,-0.258820582619059,0.));
#10422=DIRECTION('',(0.,0.,-1.));
#10423=DIRECTION('',(-0.965925414311443,-0.258820582619054,0.));
#10424=DIRECTION('',(0.258820582619054,-0.965925414311444,0.));
#10425=DIRECTION('',(-0.258820582619054,0.965925414311443,0.));
#10426=DIRECTION('',(0.,0.,-1.));
#10427=DIRECTION('',(-0.258820582619054,0.965925414311443,0.));
#10428=DIRECTION('',(-0.258813918251601,0.965927200010049,0.));
#10429=DIRECTION('',(-0.965927200010049,-0.258813918251601,0.));
#10430=DIRECTION('',(0.965927200010049,0.258813918251601,0.));
#10431=DIRECTION('',(0.,0.,-1.));
#10432=DIRECTION('',(0.965927200010049,0.258813918251601,0.));
#10433=DIRECTION('',(0.258820582619056,-0.965925414311443,0.));
#10434=DIRECTION('',(0.965925414311443,0.258820582619056,0.));
#10435=DIRECTION('',(-0.965925414311443,-0.258820582619056,0.));
#10436=DIRECTION('',(0.,0.,-1.));
#10437=DIRECTION('',(-0.965925414311443,-0.258820582619056,0.));
#10438=DIRECTION('',(0.,0.,-1.));
#10439=DIRECTION('',(-0.965925414311443,-0.258820582619056,0.));
#10440=DIRECTION('',(0.258820582619056,-0.965925414311443,0.));
#10441=DIRECTION('',(-0.258820582619056,0.965925414311443,0.));
#10442=DIRECTION('',(0.,0.,-1.));
#10443=DIRECTION('',(-0.258820582619056,0.965925414311443,0.));
#10444=DIRECTION('',(-0.258820582619059,0.965925414311442,0.));
#10445=DIRECTION('',(-0.965925414311442,-0.25882058261906,0.));
#10446=DIRECTION('',(0.965925414311442,0.258820582619059,0.));
#10447=DIRECTION('',(0.,0.,-1.));
#10448=DIRECTION('',(0.965925414311442,0.258820582619059,0.));
#10449=DIRECTION('',(-0.258820582619057,0.965925414311442,0.));
#10450=DIRECTION('',(-0.965925414311443,-0.258820582619057,0.));
#10451=DIRECTION('',(0.965925414311443,0.258820582619057,0.));
#10452=DIRECTION('',(0.,0.,-1.));
#10453=DIRECTION('',(0.965925414311443,0.258820582619057,0.));
#10454=DIRECTION('',(0.,0.,-1.));
#10455=DIRECTION('',(0.965925414311442,0.258820582619058,0.));
#10456=DIRECTION('',(-0.258820582619059,0.965925414311442,0.));
#10457=DIRECTION('',(0.258820582619059,-0.965925414311442,0.));
#10458=DIRECTION('',(0.,0.,-1.));
#10459=DIRECTION('',(0.258820582619059,-0.965925414311442,0.));
#10460=DIRECTION('',(0.258820582619055,-0.965925414311443,0.));
#10461=DIRECTION('',(0.965925414311443,0.258820582619055,0.));
#10462=DIRECTION('',(-0.965925414311443,-0.258820582619055,0.));
#10463=DIRECTION('',(0.,0.,-1.));
#10464=DIRECTION('',(-0.965925414311443,-0.258820582619055,0.));
#10465=DIRECTION('',(-0.707106781186548,0.707106781186548,0.));
#10466=DIRECTION('',(-0.707106781186548,-0.707106781186548,0.));
#10467=DIRECTION('',(0.707106781186548,0.707106781186548,0.));
#10468=DIRECTION('',(0.,0.,-1.));
#10469=DIRECTION('',(0.707106781186548,0.707106781186548,0.));
#10470=DIRECTION('',(0.,0.,-1.));
#10471=DIRECTION('',(0.707106781186548,0.707106781186548,0.));
#10472=DIRECTION('',(-0.707106781186548,0.707106781186548,0.));
#10473=DIRECTION('',(0.707106781186548,-0.707106781186548,0.));
#10474=DIRECTION('',(0.,0.,-1.));
#10475=DIRECTION('',(0.707106781186548,-0.707106781186548,0.));
#10476=DIRECTION('',(0.707106781186548,-0.707106781186548,0.));
#10477=DIRECTION('',(0.707106781186548,0.707106781186548,0.));
#10478=DIRECTION('',(-0.707106781186548,-0.707106781186548,0.));
#10479=DIRECTION('',(0.,0.,-1.));
#10480=DIRECTION('',(-0.707106781186548,-0.707106781186548,0.));
#10481=DIRECTION('',(0.258820582619058,-0.965925414311442,0.));
#10482=DIRECTION('',(0.965925414311442,0.258820582619058,0.));
#10483=DIRECTION('',(-0.965925414311442,-0.258820582619058,0.));
#10484=DIRECTION('',(0.,0.,-1.));
#10485=DIRECTION('',(-0.965925414311442,-0.258820582619058,0.));
#10486=DIRECTION('',(0.,0.,-1.));
#10487=DIRECTION('',(-0.965927200010049,-0.258813918251601,0.));
#10488=DIRECTION('',(0.258813918251601,-0.965927200010049,0.));
#10489=DIRECTION('',(-0.258813918251601,0.965927200010049,0.));
#10490=DIRECTION('',(0.,0.,-1.));
#10491=DIRECTION('',(-0.258813918251601,0.965927200010049,0.));
#10492=DIRECTION('',(-0.258822368349231,0.965924935821669,0.));
#10493=DIRECTION('',(-0.965924935821669,-0.258822368349231,0.));
#10494=DIRECTION('',(0.965924935821669,0.258822368349231,0.));
#10495=DIRECTION('',(0.,0.,-1.));
#10496=DIRECTION('',(0.965924935821669,0.258822368349231,0.));
#10497=DIRECTION('',(-0.965926721544032,-0.258815703942398,0.));
#10498=DIRECTION('',(0.258815703942398,-0.965926721544032,0.));
#10499=DIRECTION('',(-0.258815703942398,0.965926721544032,0.));
#10500=DIRECTION('',(0.,0.,-1.));
#10501=DIRECTION('',(-0.258815703942398,0.965926721544032,0.));
#10502=DIRECTION('',(0.,0.,-1.));
#10503=DIRECTION('',(-0.258822368349231,0.965924935821669,0.));
#10504=DIRECTION('',(-0.965924935821669,-0.258822368349231,0.));
#10505=DIRECTION('',(0.965924935821669,0.258822368349231,0.));
#10506=DIRECTION('',(0.,0.,-1.));
#10507=DIRECTION('',(0.965924935821669,0.258822368349231,0.));
#10508=DIRECTION('',(0.965925414311443,0.258820582619057,0.));
#10509=DIRECTION('',(-0.258820582619057,0.965925414311443,0.));
#10510=DIRECTION('',(0.258820582619057,-0.965925414311443,0.));
#10511=DIRECTION('',(0.,0.,-1.));
#10512=DIRECTION('',(0.258820582619057,-0.965925414311443,0.));
#10513=DIRECTION('',(0.965925414311443,0.258820582619057,0.));
#10514=DIRECTION('',(-0.258820582619057,0.965925414311443,0.));
#10515=DIRECTION('',(0.258820582619057,-0.965925414311443,0.));
#10516=DIRECTION('',(0.,0.,-1.));
#10517=DIRECTION('',(0.258820582619057,-0.965925414311443,0.));
#10518=DIRECTION('',(0.,0.,-1.));
#10519=DIRECTION('',(0.258813918251602,-0.965927200010049,0.));
#10520=DIRECTION('',(0.965927200010049,0.258813918251602,0.));
#10521=DIRECTION('',(-0.965927200010049,-0.258813918251602,0.));
#10522=DIRECTION('',(0.,0.,-1.));
#10523=DIRECTION('',(-0.965927200010049,-0.258813918251602,0.));
#10524=DIRECTION('',(-0.965926721544032,-0.258815703942397,0.));
#10525=DIRECTION('',(0.258815703942397,-0.965926721544032,0.));
#10526=DIRECTION('',(-0.258815703942397,0.965926721544032,0.));
#10527=DIRECTION('',(0.,0.,-1.));
#10528=DIRECTION('',(-0.258815703942397,0.965926721544032,0.));
#10529=DIRECTION('',(-0.965926721544032,-0.258815703942398,0.));
#10530=DIRECTION('',(0.258815703942398,-0.965926721544032,0.));
#10531=DIRECTION('',(-0.258815703942398,0.965926721544032,0.));
#10532=DIRECTION('',(0.,0.,-1.));
#10533=DIRECTION('',(-0.258815703942398,0.965926721544032,0.));
#10534=DIRECTION('',(0.,0.,-1.));
#10535=DIRECTION('',(-0.258822368349232,0.965924935821668,0.));
#10536=DIRECTION('',(-0.965924935821669,-0.258822368349232,0.));
#10537=DIRECTION('',(0.965924935821669,0.258822368349232,0.));
#10538=DIRECTION('',(0.,0.,-1.));
#10539=DIRECTION('',(0.965924935821669,0.258822368349232,0.));
#10540=DIRECTION('',(0.965925414311442,0.258820582619058,0.));
#10541=DIRECTION('',(-0.258820582619058,0.965925414311443,0.));
#10542=DIRECTION('',(0.258820582619058,-0.965925414311443,0.));
#10543=DIRECTION('',(0.,0.,-1.));
#10544=DIRECTION('',(0.258820582619058,-0.965925414311443,0.));
#10545=DIRECTION('',(-0.965927200010049,-0.258813918251601,0.));
#10546=DIRECTION('',(0.258813918251602,-0.965927200010049,0.));
#10547=DIRECTION('',(-0.258813918251601,0.965927200010049,0.));
#10548=DIRECTION('',(0.,0.,-1.));
#10549=DIRECTION('',(-0.258813918251601,0.965927200010049,0.));
#10550=DIRECTION('',(0.,0.,-1.));
#10551=DIRECTION('',(-0.258815703942396,0.965926721544032,0.));
#10552=DIRECTION('',(-0.965926721544032,-0.258815703942396,0.));
#10553=DIRECTION('',(0.965926721544032,0.258815703942396,0.));
#10554=DIRECTION('',(0.,0.,-1.));
#10555=DIRECTION('',(0.965926721544032,0.258815703942396,0.));
#10556=DIRECTION('',(0.965924935821669,0.258822368349231,0.));
#10557=DIRECTION('',(-0.258822368349231,0.965924935821669,0.));
#10558=DIRECTION('',(0.258822368349231,-0.965924935821669,0.));
#10559=DIRECTION('',(0.,0.,-1.));
#10560=DIRECTION('',(0.258822368349231,-0.965924935821669,0.));
#10561=DIRECTION('',(0.259545236730395,0.965730951192186,0.));
#10562=DIRECTION('',(-0.965730951192186,0.259545236730395,0.));
#10563=DIRECTION('',(0.965730951192186,-0.259545236730395,0.));
#10564=DIRECTION('',(0.,0.,-1.));
#10565=DIRECTION('',(0.965730951192186,-0.259545236730395,0.));
#10566=DIRECTION('',(0.,0.,-1.));
#10567=DIRECTION('',(0.,0.,-1.));
#10568=DIRECTION('',(-0.614510802100517,-0.788908406661876,0.));
#10569=DIRECTION('',(0.,0.,-1.));
#10570=DIRECTION('',(-1.,0.,0.));
#10571=DIRECTION('',(0.,0.,-1.));
#10572=DIRECTION('',(0.,0.,-1.));
#10573=DIRECTION('',(-1.,0.,0.));
#10574=DIRECTION('',(0.,0.,-1.));
#10575=DIRECTION('',(-0.991002370326191,-0.133844320043365,0.));
#10576=DIRECTION('',(0.,0.,-1.));
#10577=DIRECTION('',(-1.,0.,0.));
#10578=DIRECTION('',(0.,0.,-1.));
#10579=DIRECTION('',(0.,0.,-1.));
#10580=DIRECTION('',(-1.,0.,0.));
#10581=DIRECTION('',(0.965942459738851,-0.25875696024196,0.));
#10582=DIRECTION('',(0.25875696024196,0.965942459738851,0.));
#10583=DIRECTION('',(-0.25875696024196,-0.965942459738851,0.));
#10584=DIRECTION('',(0.,0.,-1.));
#10585=DIRECTION('',(-0.25875696024196,-0.965942459738851,0.));
#10586=DIRECTION('',(0.,0.,-1.));
#10587=DIRECTION('',(-1.,0.,0.));
#10588=DIRECTION('',(0.,0.,-1.));
#10589=DIRECTION('',(-1.,0.,0.));
#10590=DIRECTION('',(0.,0.,-1.));
#10591=DIRECTION('',(0.,0.,-1.));
#10592=DIRECTION('',(-1.,0.,0.));
#10593=DIRECTION('',(0.866906523821865,0.498470740319922,0.));
#10594=DIRECTION('',(-0.498470740319922,0.866906523821865,0.));
#10595=DIRECTION('',(0.498470740319922,-0.866906523821865,0.));
#10596=DIRECTION('',(0.,0.,-1.));
#10597=DIRECTION('',(0.498470740319922,-0.866906523821865,0.));
#10598=DIRECTION('',(0.,0.,-1.));
#10599=DIRECTION('',(-1.,0.,0.));
#10600=DIRECTION('',(0.,0.,-1.));
#10601=DIRECTION('',(-1.,0.,0.));
#10602=DIRECTION('',(0.,0.,-1.));
#10603=DIRECTION('',(0.,0.,-1.));
#10604=DIRECTION('',(-1.,0.,0.));
#10605=DIRECTION('',(0.258217220051986,0.966086883912945,0.));
#10606=DIRECTION('',(-0.966086883912945,0.258217220051986,0.));
#10607=DIRECTION('',(0.966086883912945,-0.258217220051986,0.));
#10608=DIRECTION('',(0.,0.,-1.));
#10609=DIRECTION('',(0.966086883912945,-0.258217220051986,0.));
#10610=DIRECTION('',(0.,0.,-1.));
#10611=DIRECTION('',(-1.,0.,0.));
#10612=DIRECTION('',(0.,0.,-1.));
#10613=DIRECTION('',(-1.,0.,0.));
#10614=DIRECTION('',(0.,0.,-1.));
#10615=DIRECTION('',(0.,0.,-1.));
#10616=DIRECTION('',(-1.,0.,0.));
#10617=DIRECTION('',(-0.498692640121133,0.866778893772232,0.));
#10618=DIRECTION('',(-0.866778893772232,-0.498692640121133,0.));
#10619=DIRECTION('',(0.866778893772232,0.498692640121133,0.));
#10620=DIRECTION('',(0.,0.,-1.));
#10621=DIRECTION('',(0.866778893772232,0.498692640121133,0.));
#10622=DIRECTION('',(0.,0.,-1.));
#10623=DIRECTION('',(-1.,0.,0.));
#10624=DIRECTION('',(0.,0.,-1.));
#10625=DIRECTION('',(-1.,0.,0.));
#10626=DIRECTION('',(0.,0.,-1.));
#10627=DIRECTION('',(0.,0.,-1.));
#10628=DIRECTION('',(-1.,0.,0.));
#10629=DIRECTION('',(0.581268256108137,-0.813711997233054,0.));
#10630=DIRECTION('',(0.813711997233054,0.581268256108137,0.));
#10631=DIRECTION('',(0.,0.,-1.));
#10632=DIRECTION('',(0.258647807759857,0.965971692929467,0.));
#10633=DIRECTION('',(-0.965971692929467,0.258647807759857,0.));
#10634=DIRECTION('',(0.965971692929467,-0.258647807759857,0.));
#10635=DIRECTION('',(0.,0.,-1.));
#10636=DIRECTION('',(0.965971692929467,-0.258647807759857,0.));
#10637=DIRECTION('',(0.,0.,-1.));
#10638=DIRECTION('',(-1.,0.,0.));
#10639=DIRECTION('',(0.,0.,-1.));
#10640=DIRECTION('',(-1.,0.,0.));
#10641=DIRECTION('',(0.,0.,-1.));
#10642=DIRECTION('',(0.,0.,-1.));
#10643=DIRECTION('',(-1.,0.,0.));
#10644=DIRECTION('',(-0.503191976529282,0.864174655238485,0.));
#10645=DIRECTION('',(-0.864174655238485,-0.503191976529282,0.));
#10646=DIRECTION('',(0.864174655238485,0.503191976529282,0.));
#10647=DIRECTION('',(0.,0.,-1.));
#10648=DIRECTION('',(0.864174655238485,0.503191976529282,0.));
#10649=DIRECTION('',(0.,0.,-1.));
#10650=DIRECTION('',(-1.,0.,0.));
#10651=DIRECTION('',(0.,0.,-1.));
#10652=DIRECTION('',(-1.,0.,0.));
#10653=DIRECTION('',(0.,0.,-1.));
#10654=DIRECTION('',(0.,0.,-1.));
#10655=DIRECTION('',(-1.,0.,0.));
#10656=DIRECTION('',(0.,0.,-1.));
#10657=DIRECTION('',(-1.,0.,0.));
#10658=DIRECTION('',(0.,0.,-1.));
#10659=DIRECTION('',(-1.,0.,0.));
#10660=DIRECTION('',(0.,0.,-1.));
#10661=DIRECTION('',(0.,0.,-1.));
#10662=DIRECTION('',(-1.,0.,0.));
#10663=DIRECTION('',(0.258323331232969,0.966058516105884,0.));
#10664=DIRECTION('',(-0.966058516105884,0.258323331232969,0.));
#10665=DIRECTION('',(0.966058516105884,-0.258323331232969,0.));
#10666=DIRECTION('',(0.,0.,-1.));
#10667=DIRECTION('',(0.966058516105884,-0.258323331232969,0.));
#10668=DIRECTION('',(0.,0.,-1.));
#10669=DIRECTION('',(-1.,0.,0.));
#10670=DIRECTION('',(0.,0.,-1.));
#10671=DIRECTION('',(-1.,0.,0.));
#10672=DIRECTION('',(0.,0.,-1.));
#10673=DIRECTION('',(0.,0.,-1.));
#10674=DIRECTION('',(-1.,0.,0.));
#10675=DIRECTION('',(-0.698290250034099,0.715814729317102,0.));
#10676=DIRECTION('',(-0.715814729317102,-0.698290250034099,0.));
#10677=DIRECTION('',(0.715814729317102,0.698290250034099,0.));
#10678=DIRECTION('',(0.,0.,-1.));
#10679=DIRECTION('',(0.715814729317102,0.698290250034099,0.));
#10680=DIRECTION('',(0.,0.,-1.));
#10681=DIRECTION('',(-1.,0.,0.));
#10682=DIRECTION('',(0.,0.,-1.));
#10683=DIRECTION('',(-1.,0.,0.));
#10684=DIRECTION('',(0.,0.,-1.));
#10685=DIRECTION('',(0.,0.,-1.));
#10686=DIRECTION('',(-1.,0.,0.));
#10687=DIRECTION('',(-0.965974111823733,0.258638773748928,0.));
#10688=DIRECTION('',(-0.258638773748928,-0.965974111823733,0.));
#10689=DIRECTION('',(0.258638773748928,0.965974111823733,0.));
#10690=DIRECTION('',(0.,0.,-1.));
#10691=DIRECTION('',(0.258638773748928,0.965974111823733,0.));
#10692=DIRECTION('',(0.,0.,-1.));
#10693=DIRECTION('',(-1.,0.,0.));
#10694=DIRECTION('',(0.,0.,-1.));
#10695=DIRECTION('',(-1.,0.,0.));
#10696=DIRECTION('',(0.,0.,-1.));
#10697=DIRECTION('',(0.,0.,-1.));
#10698=DIRECTION('',(-1.,0.,0.));
#10699=DIRECTION('',(-0.867629498964844,-0.497211275541911,0.));
#10700=DIRECTION('',(0.497211275541911,-0.867629498964844,0.));
#10701=DIRECTION('',(-0.497211275541911,0.867629498964844,0.));
#10702=DIRECTION('',(0.,0.,-1.));
#10703=DIRECTION('',(-0.497211275541911,0.867629498964844,0.));
#10704=DIRECTION('',(0.,0.,-1.));
#10705=DIRECTION('',(-1.,0.,0.));
#10706=DIRECTION('',(0.,0.,-1.));
#10707=DIRECTION('',(-1.,0.,0.));
#10708=DIRECTION('',(0.,0.,-1.));
#10709=DIRECTION('',(0.,0.,-1.));
#10710=DIRECTION('',(-1.,0.,0.));
#10711=DIRECTION('',(-0.258331407048874,-0.966056356602527,0.));
#10712=DIRECTION('',(0.966056356602527,-0.258331407048874,0.));
#10713=DIRECTION('',(-0.966056356602527,0.258331407048874,0.));
#10714=DIRECTION('',(0.,0.,-1.));
#10715=DIRECTION('',(-0.966056356602527,0.258331407048874,0.));
#10716=DIRECTION('',(0.,0.,-1.));
#10717=DIRECTION('',(-1.,0.,0.));
#10718=DIRECTION('',(0.,0.,-1.));
#10719=DIRECTION('',(-1.,0.,0.));
#10720=DIRECTION('',(0.,0.,-1.));
#10721=DIRECTION('',(0.,0.,-1.));
#10722=DIRECTION('',(-1.,0.,0.));
#10723=DIRECTION('',(0.4995683820842,-0.866274455136347,0.));
#10724=DIRECTION('',(0.866274455136347,0.4995683820842,0.));
#10725=DIRECTION('',(-0.866274455136347,-0.4995683820842,0.));
#10726=DIRECTION('',(0.,0.,-1.));
#10727=DIRECTION('',(-0.866274455136347,-0.4995683820842,0.));
#10728=DIRECTION('',(0.,0.,-1.));
#10729=DIRECTION('',(-1.,0.,0.));
#10730=DIRECTION('',(0.,0.,-1.));
#10731=DIRECTION('',(-1.,0.,0.));
#10732=DIRECTION('',(0.,0.,-1.));
#10733=DIRECTION('',(0.,0.,-1.));
#10734=DIRECTION('',(-1.,0.,0.));
#10735=DIRECTION('',(0.965843259590179,-0.259126991848048,0.));
#10736=DIRECTION('',(0.259126991848048,0.965843259590179,0.));
#10737=DIRECTION('',(-0.259126991848048,-0.965843259590179,0.));
#10738=DIRECTION('',(0.,0.,-1.));
#10739=DIRECTION('',(-0.259126991848048,-0.965843259590179,0.));
#10740=DIRECTION('',(0.,0.,-1.));
#10741=DIRECTION('',(-1.,0.,0.));
#10742=DIRECTION('',(0.,0.,-1.));
#10743=DIRECTION('',(-1.,0.,0.));
#10744=DIRECTION('',(0.,0.,-1.));
#10745=DIRECTION('',(0.,0.,-1.));
#10746=DIRECTION('',(-1.,0.,0.));
#10747=DIRECTION('',(0.504892419788798,-0.863182277644654,0.));
#10748=DIRECTION('',(0.863182277644654,0.504892419788798,0.));
#10749=DIRECTION('',(-0.863182277644654,-0.504892419788798,0.));
#10750=DIRECTION('',(0.,0.,-1.));
#10751=DIRECTION('',(-0.863182277644654,-0.504892419788798,0.));
#10752=DIRECTION('',(0.,0.,-1.));
#10753=DIRECTION('',(-1.,0.,0.));
#10754=DIRECTION('',(0.,0.,-1.));
#10755=DIRECTION('',(-1.,0.,0.));
#10756=DIRECTION('',(0.,0.,-1.));
#10757=DIRECTION('',(0.,0.,-1.));
#10758=DIRECTION('',(-1.,0.,0.));
#10759=DIRECTION('',(-0.258347186323908,-0.966052136956655,0.));
#10760=DIRECTION('',(0.966052136956655,-0.258347186323908,0.));
#10761=DIRECTION('',(-0.966052136956655,0.258347186323908,0.));
#10762=DIRECTION('',(0.,0.,-1.));
#10763=DIRECTION('',(-0.966052136956655,0.258347186323908,0.));
#10764=DIRECTION('',(0.,0.,-1.));
#10765=DIRECTION('',(-1.,0.,0.));
#10766=DIRECTION('',(0.,0.,-1.));
#10767=DIRECTION('',(-1.,0.,0.));
#10768=DIRECTION('',(0.,0.,-1.));
#10769=DIRECTION('',(0.,0.,-1.));
#10770=DIRECTION('',(-1.,0.,0.));
#10771=DIRECTION('',(0.510540879523084,-0.859853481900141,0.));
#10772=DIRECTION('',(0.859853481900141,0.510540879523084,0.));
#10773=DIRECTION('',(-0.859853481900141,-0.510540879523084,0.));
#10774=DIRECTION('',(0.,0.,-1.));
#10775=DIRECTION('',(-0.859853481900141,-0.510540879523084,0.));
#10776=DIRECTION('',(0.,0.,-1.));
#10777=DIRECTION('',(-1.,0.,0.));
#10778=DIRECTION('',(0.,0.,-1.));
#10779=DIRECTION('',(-1.,0.,0.));
#10780=DIRECTION('',(0.,0.,-1.));
#10781=DIRECTION('',(0.,0.,-1.));
#10782=DIRECTION('',(-1.,0.,0.));
#10783=DIRECTION('',(0.965990893588443,-0.258576088423118,0.));
#10784=DIRECTION('',(0.258576088423118,0.965990893588443,0.));
#10785=DIRECTION('',(-0.258576088423118,-0.965990893588443,0.));
#10786=DIRECTION('',(0.,0.,-1.));
#10787=DIRECTION('',(-0.258576088423118,-0.965990893588443,0.));
#10788=DIRECTION('',(0.,0.,-1.));
#10789=DIRECTION('',(-1.,0.,0.));
#10790=DIRECTION('',(0.,0.,-1.));
#10791=DIRECTION('',(-1.,0.,0.));
#10792=DIRECTION('',(0.,0.,-1.));
#10793=DIRECTION('',(0.,0.,-1.));
#10794=DIRECTION('',(-1.,0.,0.));
#10795=DIRECTION('',(-0.262959437466121,-0.964806889614446,0.));
#10796=DIRECTION('',(0.964806889614446,-0.262959437466121,0.));
#10797=DIRECTION('',(-0.964806889614446,0.262959437466121,0.));
#10798=DIRECTION('',(0.,0.,-1.));
#10799=DIRECTION('',(-0.964806889614446,0.262959437466121,0.));
#10800=DIRECTION('',(0.,0.,-1.));
#10801=DIRECTION('',(-1.,0.,0.));
#10802=DIRECTION('',(0.,0.,-1.));
#10803=DIRECTION('',(-1.,0.,0.));
#10804=DIRECTION('',(0.,0.,-1.));
#10805=DIRECTION('',(0.,0.,-1.));
#10806=DIRECTION('',(-1.,0.,0.));
#10807=DIRECTION('',(-0.86650018647557,-0.499176749095752,0.));
#10808=DIRECTION('',(0.499176749095752,-0.86650018647557,0.));
#10809=DIRECTION('',(-0.499176749095752,0.86650018647557,0.));
#10810=DIRECTION('',(0.,0.,-1.));
#10811=DIRECTION('',(-0.499176749095752,0.86650018647557,0.));
#10812=DIRECTION('',(-0.857491965622728,-0.514497355573837,0.));
#10813=DIRECTION('',(0.514497355573837,-0.857491965622728,0.));
#10814=DIRECTION('',(-0.514497355573837,0.857491965622728,0.));
#10815=DIRECTION('',(0.,0.,-1.));
#10816=DIRECTION('',(-0.514497355573837,0.857491965622728,0.));
#10817=DIRECTION('',(0.,0.,-1.));
#10818=DIRECTION('',(-1.,0.,0.));
#10819=DIRECTION('',(0.,0.,-1.));
#10820=DIRECTION('',(-1.,0.,0.));
#10821=DIRECTION('',(0.,0.,-1.));
#10822=DIRECTION('',(0.,0.,-1.));
#10823=DIRECTION('',(-1.,0.,0.));
#10824=DIRECTION('',(-0.965802249696555,0.25927979960088,0.));
#10825=DIRECTION('',(-0.25927979960088,-0.965802249696555,0.));
#10826=DIRECTION('',(0.25927979960088,0.965802249696555,0.));
#10827=DIRECTION('',(0.,0.,-1.));
#10828=DIRECTION('',(0.25927979960088,0.965802249696555,0.));
#10829=DIRECTION('',(0.,0.,-1.));
#10830=DIRECTION('',(-1.,0.,0.));
#10831=DIRECTION('',(0.,0.,-1.));
#10832=DIRECTION('',(-1.,0.,0.));
#10833=DIRECTION('',(0.,0.,-1.));
#10834=DIRECTION('',(0.,0.,-1.));
#10835=DIRECTION('',(-1.,0.,0.));
#10836=DIRECTION('',(-0.86646134284584,-0.499244170074908,0.));
#10837=DIRECTION('',(0.499244170074908,-0.86646134284584,0.));
#10838=DIRECTION('',(-0.499244170074908,0.86646134284584,0.));
#10839=DIRECTION('',(0.,0.,-1.));
#10840=DIRECTION('',(-0.499244170074908,0.86646134284584,0.));
#10841=DIRECTION('',(0.,0.,-1.));
#10842=DIRECTION('',(-1.,0.,0.));
#10843=DIRECTION('',(0.,0.,-1.));
#10844=DIRECTION('',(-1.,0.,0.));
#10845=DIRECTION('',(0.,0.,-1.));
#10846=DIRECTION('',(0.,0.,-1.));
#10847=DIRECTION('',(-1.,0.,0.));
#10848=DIRECTION('',(-0.258361930174101,-0.966048193951375,0.));
#10849=DIRECTION('',(0.966048193951375,-0.258361930174101,0.));
#10850=DIRECTION('',(-0.966048193951375,0.258361930174101,0.));
#10851=DIRECTION('',(0.,0.,-1.));
#10852=DIRECTION('',(-0.966048193951375,0.258361930174101,0.));
#10853=DIRECTION('',(0.,0.,-1.));
#10854=DIRECTION('',(-1.,0.,0.));
#10855=DIRECTION('',(0.,0.,-1.));
#10856=DIRECTION('',(-1.,0.,0.));
#10857=DIRECTION('',(0.,0.,-1.));
#10858=DIRECTION('',(0.,0.,-1.));
#10859=DIRECTION('',(-1.,0.,0.));
#10860=DIRECTION('',(-0.866620592371243,-0.49896768320014,0.));
#10861=DIRECTION('',(0.49896768320014,-0.866620592371243,0.));
#10862=DIRECTION('',(-0.49896768320014,0.866620592371243,0.));
#10863=DIRECTION('',(0.,0.,-1.));
#10864=DIRECTION('',(-0.49896768320014,0.866620592371243,0.));
#10865=DIRECTION('',(0.,0.,-1.));
#10866=DIRECTION('',(-1.,0.,0.));
#10867=DIRECTION('',(0.,0.,-1.));
#10868=DIRECTION('',(-1.,0.,0.));
#10869=DIRECTION('',(0.,0.,-1.));
#10870=DIRECTION('',(0.,0.,-1.));
#10871=DIRECTION('',(-1.,0.,0.));
#10872=DIRECTION('',(-0.977940288144527,0.208884639990113,0.));
#10873=DIRECTION('',(-0.208884639990113,-0.977940288144527,0.));
#10874=DIRECTION('',(0.208884639990113,0.977940288144527,0.));
#10875=DIRECTION('',(0.,0.,-1.));
#10876=DIRECTION('',(0.208884639990113,0.977940288144527,0.));
#10877=DIRECTION('',(0.,0.,-1.));
#10878=DIRECTION('',(-1.,0.,0.));
#10879=DIRECTION('',(0.,0.,-1.));
#10880=DIRECTION('',(-1.,0.,0.));
#10881=DIRECTION('',(0.,0.,-1.));
#10882=DIRECTION('',(0.,0.,-1.));
#10883=DIRECTION('',(-1.,0.,0.));
#10884=DIRECTION('',(-0.866252924129029,-0.499605715978017,0.));
#10885=DIRECTION('',(0.499605715978017,-0.866252924129029,0.));
#10886=DIRECTION('',(-0.499605715978017,0.866252924129029,0.));
#10887=DIRECTION('',(0.,0.,-1.));
#10888=DIRECTION('',(-0.499605715978017,0.866252924129029,0.));
#10889=DIRECTION('',(0.,0.,-1.));
#10890=DIRECTION('',(-1.,0.,0.));
#10891=DIRECTION('',(0.,0.,-1.));
#10892=DIRECTION('',(-1.,0.,0.));
#10893=DIRECTION('',(0.,0.,-1.));
#10894=DIRECTION('',(0.,0.,-1.));
#10895=DIRECTION('',(-1.,0.,0.));
#10896=DIRECTION('',(-0.259371333636043,-0.965777671769161,0.));
#10897=DIRECTION('',(0.965777671769161,-0.259371333636043,0.));
#10898=DIRECTION('',(-0.965777671769161,0.259371333636043,0.));
#10899=DIRECTION('',(0.,0.,-1.));
#10900=DIRECTION('',(-0.965777671769161,0.259371333636043,0.));
#10901=DIRECTION('',(0.,0.,-1.));
#10902=DIRECTION('',(-1.,0.,0.));
#10903=DIRECTION('',(0.,0.,-1.));
#10904=DIRECTION('',(-1.,0.,0.));
#10905=DIRECTION('',(0.,0.,-1.));
#10906=DIRECTION('',(0.,0.,-1.));
#10907=DIRECTION('',(-1.,0.,0.));
#10908=DIRECTION('',(-0.707520854269923,-0.706692465484923,0.));
#10909=DIRECTION('',(0.706692465484923,-0.707520854269923,0.));
#10910=DIRECTION('',(-0.706692465484923,0.707520854269923,0.));
#10911=DIRECTION('',(0.,0.,-1.));
#10912=DIRECTION('',(-0.706692465484923,0.707520854269923,0.));
#10913=DIRECTION('',(0.,0.,-1.));
#10914=DIRECTION('',(-1.,0.,0.));
#10915=DIRECTION('',(0.,0.,-1.));
#10916=DIRECTION('',(-1.,0.,0.));
#10917=DIRECTION('',(0.,0.,-1.));
#10918=DIRECTION('',(0.,0.,-1.));
#10919=DIRECTION('',(-1.,0.,0.));
#10920=DIRECTION('',(3.04990005991786E-7,-0.999999999999953,0.));
#10921=DIRECTION('',(0.999999999999953,3.04990005991786E-7,0.));
#10922=DIRECTION('',(-0.999999999999954,-3.04990005991786E-7,0.));
#10923=DIRECTION('',(0.,0.,-1.));
#10924=DIRECTION('',(-0.999999999999954,-3.04990005991786E-7,0.));
#10925=DIRECTION('',(0.,0.,-1.));
#10926=DIRECTION('',(-1.,0.,0.));
#10927=DIRECTION('',(0.,0.,-1.));
#10928=DIRECTION('',(-1.,0.,0.));
#10929=DIRECTION('',(0.,0.,-1.));
#10930=DIRECTION('',(0.,0.,-1.));
#10931=DIRECTION('',(-1.,0.,0.));
#10932=DIRECTION('',(0.707226820831251,-0.706986721160251,0.));
#10933=DIRECTION('',(0.706986721160251,0.707226820831251,0.));
#10934=DIRECTION('',(-0.706986721160251,-0.707226820831251,0.));
#10935=DIRECTION('',(0.,0.,-1.));
#10936=DIRECTION('',(-0.706986721160251,-0.707226820831251,0.));
#10937=DIRECTION('',(0.,0.,-1.));
#10938=DIRECTION('',(-1.,0.,0.));
#10939=DIRECTION('',(0.,0.,-1.));
#10940=DIRECTION('',(-1.,0.,0.));
#10941=DIRECTION('',(0.,0.,-1.));
#10942=DIRECTION('',(0.,0.,-1.));
#10943=DIRECTION('',(-1.,0.,0.));
#10944=DIRECTION('',(8.81724114056993E-8,-1.,0.));
#10945=DIRECTION('',(1.,8.81724114056993E-8,0.));
#10946=DIRECTION('',(-1.,-8.81724114056996E-8,0.));
#10947=DIRECTION('',(0.,0.,-1.));
#10948=DIRECTION('',(-1.,-8.81724114056996E-8,0.));
#10949=DIRECTION('',(-2.75047347282889E-7,-0.999999999999962,0.));
#10950=DIRECTION('',(0.999999999999962,-2.75047347282889E-7,0.));
#10951=DIRECTION('',(-0.999999999999962,2.75047347282889E-7,0.));
#10952=DIRECTION('',(0.,0.,-1.));
#10953=DIRECTION('',(-0.999999999999962,2.75047347282889E-7,0.));
#10954=DIRECTION('',(0.,0.,-1.));
#10955=DIRECTION('',(-1.,0.,0.));
#10956=DIRECTION('',(0.,0.,-1.));
#10957=DIRECTION('',(-1.,0.,0.));
#10958=DIRECTION('',(0.,0.,-1.));
#10959=DIRECTION('',(0.,0.,-1.));
#10960=DIRECTION('',(-1.,0.,0.));
#10961=DIRECTION('',(-0.707226579142749,-0.706986962930749,0.));
#10962=DIRECTION('',(0.706986962930749,-0.707226579142749,0.));
#10963=DIRECTION('',(-0.706986962930749,0.707226579142749,0.));
#10964=DIRECTION('',(0.,0.,-1.));
#10965=DIRECTION('',(-0.706986962930749,0.707226579142749,0.));
#10966=DIRECTION('',(0.,0.,-1.));
#10967=DIRECTION('',(-1.,0.,0.));
#10968=DIRECTION('',(0.,0.,-1.));
#10969=DIRECTION('',(-1.,0.,0.));
#10970=DIRECTION('',(0.,0.,-1.));
#10971=DIRECTION('',(0.,0.,-1.));
#10972=DIRECTION('',(-1.,0.,0.));
#10973=DIRECTION('',(-3.04989350526786E-7,-0.999999999999953,0.));
#10974=DIRECTION('',(0.999999999999953,-3.04989350526786E-7,0.));
#10975=DIRECTION('',(-0.999999999999954,3.04989350526786E-7,0.));
#10976=DIRECTION('',(0.,0.,-1.));
#10977=DIRECTION('',(-0.999999999999954,3.04989350526786E-7,0.));
#10978=DIRECTION('',(0.,0.,-1.));
#10979=DIRECTION('',(-1.,0.,0.));
#10980=DIRECTION('',(0.,0.,-1.));
#10981=DIRECTION('',(-1.,0.,0.));
#10982=DIRECTION('',(0.,0.,-1.));
#10983=DIRECTION('',(0.,0.,-1.));
#10984=DIRECTION('',(-1.,0.,0.));
#10985=DIRECTION('',(0.707520617386221,-0.706692702646221,0.));
#10986=DIRECTION('',(0.706692702646221,0.707520617386221,0.));
#10987=DIRECTION('',(-0.706692702646221,-0.707520617386221,0.));
#10988=DIRECTION('',(0.,0.,-1.));
#10989=DIRECTION('',(-0.706692702646221,-0.707520617386221,0.));
#10990=DIRECTION('',(0.,0.,-1.));
#10991=DIRECTION('',(-1.,0.,0.));
#10992=DIRECTION('',(0.,0.,-1.));
#10993=DIRECTION('',(-1.,0.,0.));
#10994=DIRECTION('',(0.,0.,-1.));
#10995=DIRECTION('',(0.,0.,-1.));
#10996=DIRECTION('',(-1.,0.,0.));
#10997=DIRECTION('',(0.259371908865995,-0.965777517283981,0.));
#10998=DIRECTION('',(0.965777517283981,0.259371908865995,0.));
#10999=DIRECTION('',(-0.965777517283981,-0.259371908865995,0.));
#11000=DIRECTION('',(0.,0.,-1.));
#11001=DIRECTION('',(-0.965777517283981,-0.259371908865995,0.));
#11002=DIRECTION('',(0.,0.,-1.));
#11003=DIRECTION('',(-1.,0.,0.));
#11004=DIRECTION('',(0.,0.,-1.));
#11005=DIRECTION('',(-1.,0.,0.));
#11006=DIRECTION('',(0.,0.,-1.));
#11007=DIRECTION('',(0.,0.,-1.));
#11008=DIRECTION('',(-1.,0.,0.));
#11009=DIRECTION('',(0.866252072626142,-0.499607192373082,0.));
#11010=DIRECTION('',(0.499607192373082,0.866252072626142,0.));
#11011=DIRECTION('',(-0.499607192373082,-0.866252072626142,0.));
#11012=DIRECTION('',(0.,0.,-1.));
#11013=DIRECTION('',(-0.499607192373082,-0.866252072626142,0.));
#11014=DIRECTION('',(0.,0.,-1.));
#11015=DIRECTION('',(-1.,0.,0.));
#11016=DIRECTION('',(0.,0.,-1.));
#11017=DIRECTION('',(-1.,0.,0.));
#11018=DIRECTION('',(0.,0.,-1.));
#11019=DIRECTION('',(0.,0.,-1.));
#11020=DIRECTION('',(-1.,0.,0.));
#11021=DIRECTION('',(0.977939943186716,0.20888625498094,0.));
#11022=DIRECTION('',(-0.20888625498094,0.977939943186716,0.));
#11023=DIRECTION('',(0.20888625498094,-0.977939943186716,0.));
#11024=DIRECTION('',(0.,0.,-1.));
#11025=DIRECTION('',(0.20888625498094,-0.977939943186716,0.));
#11026=DIRECTION('',(0.,0.,-1.));
#11027=DIRECTION('',(-1.,0.,0.));
#11028=DIRECTION('',(0.,0.,-1.));
#11029=DIRECTION('',(-1.,0.,0.));
#11030=DIRECTION('',(0.,0.,-1.));
#11031=DIRECTION('',(0.,0.,-1.));
#11032=DIRECTION('',(-1.,0.,0.));
#11033=DIRECTION('',(0.866617795609045,-0.498972540661026,0.));
#11034=DIRECTION('',(0.498972540661026,0.866617795609045,0.));
#11035=DIRECTION('',(-0.498972540661026,-0.866617795609045,0.));
#11036=DIRECTION('',(0.,0.,-1.));
#11037=DIRECTION('',(-0.498972540661026,-0.866617795609045,0.));
#11038=DIRECTION('',(0.,0.,-1.));
#11039=DIRECTION('',(-1.,0.,0.));
#11040=DIRECTION('',(0.,0.,-1.));
#11041=DIRECTION('',(-1.,0.,0.));
#11042=DIRECTION('',(0.,0.,-1.));
#11043=DIRECTION('',(0.,0.,-1.));
#11044=DIRECTION('',(-1.,0.,0.));
#11045=DIRECTION('',(0.258361663935902,-0.966048265154631,0.));
#11046=DIRECTION('',(0.966048265154631,0.258361663935902,0.));
#11047=DIRECTION('',(-0.966048265154631,-0.258361663935902,0.));
#11048=DIRECTION('',(0.,0.,-1.));
#11049=DIRECTION('',(-0.966048265154631,-0.258361663935902,0.));
#11050=DIRECTION('',(0.,0.,-1.));
#11051=DIRECTION('',(-1.,0.,0.));
#11052=DIRECTION('',(0.,0.,-1.));
#11053=DIRECTION('',(-1.,0.,0.));
#11054=DIRECTION('',(0.,0.,-1.));
#11055=DIRECTION('',(0.,0.,-1.));
#11056=DIRECTION('',(-1.,0.,0.));
#11057=DIRECTION('',(0.866460239472146,-0.499246085026084,0.));
#11058=DIRECTION('',(0.499246085026084,0.866460239472146,0.));
#11059=DIRECTION('',(-0.499246085026084,-0.866460239472146,0.));
#11060=DIRECTION('',(0.,0.,-1.));
#11061=DIRECTION('',(-0.499246085026084,-0.866460239472146,0.));
#11062=DIRECTION('',(0.,0.,-1.));
#11063=DIRECTION('',(-1.,0.,0.));
#11064=DIRECTION('',(0.,0.,-1.));
#11065=DIRECTION('',(-1.,0.,0.));
#11066=DIRECTION('',(0.,0.,-1.));
#11067=DIRECTION('',(0.,0.,-1.));
#11068=DIRECTION('',(-1.,0.,0.));
#11069=DIRECTION('',(0.965802248900819,0.259279802564951,0.));
#11070=DIRECTION('',(-0.259279802564951,0.965802248900819,0.));
#11071=DIRECTION('',(0.259279802564951,-0.965802248900819,0.));
#11072=DIRECTION('',(0.,0.,-1.));
#11073=DIRECTION('',(0.259279802564951,-0.965802248900819,0.));
#11074=DIRECTION('',(0.,0.,-1.));
#11075=DIRECTION('',(-1.,0.,0.));
#11076=DIRECTION('',(0.,0.,-1.));
#11077=DIRECTION('',(-1.,0.,0.));
#11078=DIRECTION('',(0.,0.,-1.));
#11079=DIRECTION('',(0.,0.,-1.));
#11080=DIRECTION('',(-1.,0.,0.));
#11081=DIRECTION('',(0.857493006369475,-0.514495620999285,0.));
#11082=DIRECTION('',(0.514495620999285,0.857493006369475,0.));
#11083=DIRECTION('',(-0.514495620999285,-0.857493006369475,0.));
#11084=DIRECTION('',(0.,0.,-1.));
#11085=DIRECTION('',(-0.514495620999285,-0.857493006369475,0.));
#11086=DIRECTION('',(0.866500480202387,-0.499176239227223,0.));
#11087=DIRECTION('',(0.499176239227223,0.866500480202387,0.));
#11088=DIRECTION('',(-0.499176239227223,-0.866500480202387,0.));
#11089=DIRECTION('',(0.,0.,-1.));
#11090=DIRECTION('',(-0.499176239227223,-0.866500480202387,0.));
#11091=DIRECTION('',(0.,0.,-1.));
#11092=DIRECTION('',(-1.,0.,0.));
#11093=DIRECTION('',(0.,0.,-1.));
#11094=DIRECTION('',(-1.,0.,0.));
#11095=DIRECTION('',(0.,0.,-1.));
#11096=DIRECTION('',(0.,0.,-1.));
#11097=DIRECTION('',(-1.,0.,0.));
#11098=DIRECTION('',(0.262961303251073,-0.964806381090267,0.));
#11099=DIRECTION('',(0.964806381090267,0.262961303251073,0.));
#11100=DIRECTION('',(-0.964806381090267,-0.262961303251073,0.));
#11101=DIRECTION('',(0.,0.,-1.));
#11102=DIRECTION('',(-0.964806381090267,-0.262961303251073,0.));
#11103=DIRECTION('',(0.,0.,-1.));
#11104=DIRECTION('',(-1.,0.,0.));
#11105=DIRECTION('',(0.,0.,-1.));
#11106=DIRECTION('',(-1.,0.,0.));
#11107=DIRECTION('',(0.,0.,-1.));
#11108=DIRECTION('',(0.,0.,-1.));
#11109=DIRECTION('',(-1.,0.,0.));
#11110=DIRECTION('',(0.,0.,-1.));
#11111=DIRECTION('',(0.792840847026099,0.609428741763086,0.));
#11112=DIRECTION('',(0.,0.,-1.));
#11113=DIRECTION('',(-1.,0.,0.));
#11114=DIRECTION('',(0.,0.,-1.));
#11115=DIRECTION('',(0.,0.,-1.));
#11116=DIRECTION('',(-1.,0.,0.));
#11117=DIRECTION('',(-0.965991189140919,-0.258574984292978,0.));
#11118=DIRECTION('',(0.258574984292978,-0.965991189140919,0.));
#11119=DIRECTION('',(-0.258574984292978,0.965991189140919,0.));
#11120=DIRECTION('',(0.,0.,-1.));
#11121=DIRECTION('',(-0.258574984292978,0.965991189140919,0.));
#11122=DIRECTION('',(0.,0.,-1.));
#11123=DIRECTION('',(-1.,0.,0.));
#11124=DIRECTION('',(0.,0.,-1.));
#11125=DIRECTION('',(-1.,0.,0.));
#11126=DIRECTION('',(0.,0.,-1.));
#11127=DIRECTION('',(0.,0.,-1.));
#11128=DIRECTION('',(-1.,0.,0.));
#11129=DIRECTION('',(-0.510534518683169,-0.859857258638284,0.));
#11130=DIRECTION('',(0.859857258638284,-0.510534518683169,0.));
#11131=DIRECTION('',(-0.859857258638284,0.510534518683169,0.));
#11132=DIRECTION('',(0.,0.,-1.));
#11133=DIRECTION('',(-0.859857258638284,0.510534518683169,0.));
#11134=DIRECTION('',(0.,0.,-1.));
#11135=DIRECTION('',(-1.,0.,0.));
#11136=DIRECTION('',(0.,0.,-1.));
#11137=DIRECTION('',(-1.,0.,0.));
#11138=DIRECTION('',(0.,0.,-1.));
#11139=DIRECTION('',(0.,0.,-1.));
#11140=DIRECTION('',(-1.,0.,0.));
#11141=DIRECTION('',(0.258346892617097,-0.966052215501362,0.));
#11142=DIRECTION('',(0.966052215501362,0.258346892617097,0.));
#11143=DIRECTION('',(-0.966052215501362,-0.258346892617097,0.));
#11144=DIRECTION('',(0.,0.,-1.));
#11145=DIRECTION('',(-0.966052215501362,-0.258346892617097,0.));
#11146=DIRECTION('',(0.,0.,-1.));
#11147=DIRECTION('',(-1.,0.,0.));
#11148=DIRECTION('',(0.,0.,-1.));
#11149=DIRECTION('',(-1.,0.,0.));
#11150=DIRECTION('',(0.,0.,-1.));
#11151=DIRECTION('',(0.,0.,-1.));
#11152=DIRECTION('',(-1.,0.,0.));
#11153=DIRECTION('',(-0.504883069792046,-0.863187746575078,0.));
#11154=DIRECTION('',(0.863187746575078,-0.504883069792046,0.));
#11155=DIRECTION('',(-0.863187746575078,0.504883069792046,0.));
#11156=DIRECTION('',(0.,0.,-1.));
#11157=DIRECTION('',(-0.863187746575078,0.504883069792046,0.));
#11158=DIRECTION('',(0.,0.,-1.));
#11159=DIRECTION('',(-1.,0.,0.));
#11160=DIRECTION('',(0.,0.,-1.));
#11161=DIRECTION('',(-1.,0.,0.));
#11162=DIRECTION('',(0.,0.,-1.));
#11163=DIRECTION('',(0.,0.,-1.));
#11164=DIRECTION('',(-1.,0.,0.));
#11165=DIRECTION('',(-0.965842600462012,-0.259129448602003,0.));
#11166=DIRECTION('',(0.259129448602003,-0.965842600462012,0.));
#11167=DIRECTION('',(-0.259129448602003,0.965842600462012,0.));
#11168=DIRECTION('',(0.,0.,-1.));
#11169=DIRECTION('',(-0.259129448602003,0.965842600462012,0.));
#11170=DIRECTION('',(0.,0.,-1.));
#11171=DIRECTION('',(-1.,0.,0.));
#11172=DIRECTION('',(0.,0.,-1.));
#11173=DIRECTION('',(-1.,0.,0.));
#11174=DIRECTION('',(0.,0.,-1.));
#11175=DIRECTION('',(0.,0.,-1.));
#11176=DIRECTION('',(-1.,0.,0.));
#11177=DIRECTION('',(-0.499570902269034,-0.866273001776059,0.));
#11178=DIRECTION('',(0.866273001776059,-0.499570902269034,0.));
#11179=DIRECTION('',(-0.866273001776059,0.499570902269034,0.));
#11180=DIRECTION('',(0.,0.,-1.));
#11181=DIRECTION('',(-0.866273001776059,0.499570902269034,0.));
#11182=DIRECTION('',(0.,0.,-1.));
#11183=DIRECTION('',(-1.,0.,0.));
#11184=DIRECTION('',(0.,0.,-1.));
#11185=DIRECTION('',(-1.,0.,0.));
#11186=DIRECTION('',(0.,0.,-1.));
#11187=DIRECTION('',(0.,0.,-1.));
#11188=DIRECTION('',(-1.,0.,0.));
#11189=DIRECTION('',(0.258331457524949,-0.966056343104809,0.));
#11190=DIRECTION('',(0.966056343104809,0.258331457524949,0.));
#11191=DIRECTION('',(-0.966056343104809,-0.258331457524949,0.));
#11192=DIRECTION('',(0.,0.,-1.));
#11193=DIRECTION('',(-0.966056343104809,-0.258331457524949,0.));
#11194=DIRECTION('',(0.,0.,-1.));
#11195=DIRECTION('',(-1.,0.,0.));
#11196=DIRECTION('',(0.,0.,-1.));
#11197=DIRECTION('',(-1.,0.,0.));
#11198=DIRECTION('',(0.,0.,-1.));
#11199=DIRECTION('',(0.,0.,-1.));
#11200=DIRECTION('',(-1.,0.,0.));
#11201=DIRECTION('',(0.867629090811792,-0.497211987764881,0.));
#11202=DIRECTION('',(0.497211987764881,0.867629090811792,0.));
#11203=DIRECTION('',(-0.497211987764881,-0.867629090811792,0.));
#11204=DIRECTION('',(0.,0.,-1.));
#11205=DIRECTION('',(-0.497211987764881,-0.867629090811792,0.));
#11206=DIRECTION('',(0.,0.,-1.));
#11207=DIRECTION('',(-1.,0.,0.));
#11208=DIRECTION('',(0.,0.,-1.));
#11209=DIRECTION('',(-1.,0.,0.));
#11210=DIRECTION('',(0.,0.,-1.));
#11211=DIRECTION('',(0.,0.,-1.));
#11212=DIRECTION('',(-1.,0.,0.));
#11213=DIRECTION('',(0.965974109751063,0.258638781490017,0.));
#11214=DIRECTION('',(-0.258638781490017,0.965974109751063,0.));
#11215=DIRECTION('',(0.258638781490017,-0.965974109751063,0.));
#11216=DIRECTION('',(0.,0.,-1.));
#11217=DIRECTION('',(0.258638781490017,-0.965974109751063,0.));
#11218=DIRECTION('',(0.,0.,-1.));
#11219=DIRECTION('',(-1.,0.,0.));
#11220=DIRECTION('',(0.,0.,-1.));
#11221=DIRECTION('',(-1.,0.,0.));
#11222=DIRECTION('',(0.,0.,-1.));
#11223=DIRECTION('',(0.,0.,-1.));
#11224=DIRECTION('',(-1.,0.,0.));
#11225=DIRECTION('',(0.698005676682959,0.716092225427958,0.));
#11226=DIRECTION('',(-0.716092225427958,0.698005676682959,0.));
#11227=DIRECTION('',(0.716092225427958,-0.698005676682959,0.));
#11228=DIRECTION('',(0.,0.,-1.));
#11229=DIRECTION('',(0.716092225427958,-0.698005676682959,0.));
#11230=DIRECTION('',(0.,0.,-1.));
#11231=DIRECTION('',(-1.,0.,0.));
#11232=DIRECTION('',(0.,0.,-1.));
#11233=DIRECTION('',(-1.,0.,0.));
#11234=DIRECTION('',(0.,0.,-1.));
#11235=DIRECTION('',(0.,0.,-1.));
#11236=DIRECTION('',(-1.,0.,0.));
#11237=DIRECTION('',(-0.258323364380098,0.966058507242365,0.));
#11238=DIRECTION('',(-0.966058507242365,-0.258323364380098,0.));
#11239=DIRECTION('',(0.966058507242365,0.258323364380098,0.));
#11240=DIRECTION('',(0.,0.,-1.));
#11241=DIRECTION('',(0.966058507242365,0.258323364380098,0.));
#11242=DIRECTION('',(0.,0.,-1.));
#11243=DIRECTION('',(-0.180689068900012,-0.983540268814677,0.));
#11244=DIRECTION('',(0.,0.,-1.));
#11245=DIRECTION('',(-1.,0.,0.));
#11246=DIRECTION('',(0.,0.,-1.));
#11247=DIRECTION('',(0.,0.,-1.));
#11248=DIRECTION('',(-1.,0.,0.));
#11249=DIRECTION('',(0.,0.,-1.));
#11250=DIRECTION('',(-0.872797039440417,-0.488083320698467,0.));
#11251=DIRECTION('',(0.,0.,-1.));
#11252=DIRECTION('',(-1.,0.,0.));
#11253=DIRECTION('',(0.,0.,-1.));
#11254=DIRECTION('',(0.,0.,-1.));
#11255=DIRECTION('',(-1.,0.,0.));
#11256=DIRECTION('',(0.,0.,-1.));
#11257=DIRECTION('',(-1.,0.,0.));
#11258=DIRECTION('',(0.,0.,-1.));
#11259=DIRECTION('',(-1.,0.,0.));
#11260=DIRECTION('',(0.,0.,-1.));
#11261=DIRECTION('',(0.,0.,-1.));
#11262=DIRECTION('',(-1.,0.,0.));
#11263=DIRECTION('',(0.503192352391199,0.864174436381343,0.));
#11264=DIRECTION('',(-0.864174436381343,0.503192352391199,0.));
#11265=DIRECTION('',(0.864174436381343,-0.503192352391199,0.));
#11266=DIRECTION('',(0.,0.,-1.));
#11267=DIRECTION('',(0.864174436381343,-0.503192352391199,0.));
#11268=DIRECTION('',(0.,0.,-1.));
#11269=DIRECTION('',(-1.,0.,0.));
#11270=DIRECTION('',(0.,0.,-1.));
#11271=DIRECTION('',(-1.,0.,0.));
#11272=DIRECTION('',(0.,0.,-1.));
#11273=DIRECTION('',(0.,0.,-1.));
#11274=DIRECTION('',(-1.,0.,0.));
#11275=DIRECTION('',(-0.258647902982897,0.965971667432617,0.));
#11276=DIRECTION('',(-0.965971667432617,-0.258647902982897,0.));
#11277=DIRECTION('',(0.965971667432617,0.258647902982897,0.));
#11278=DIRECTION('',(0.,0.,-1.));
#11279=DIRECTION('',(0.965971667432617,0.258647902982897,0.));
#11280=DIRECTION('',(0.,0.,-1.));
#11281=DIRECTION('',(-1.,0.,0.));
#11282=DIRECTION('',(0.,0.,-1.));
#11283=DIRECTION('',(-1.,0.,0.));
#11284=DIRECTION('',(0.,0.,-1.));
#11285=DIRECTION('',(0.,0.,-1.));
#11286=DIRECTION('',(-1.,0.,0.));
#11287=DIRECTION('',(0.,0.,-1.));
#11288=DIRECTION('',(-1.,0.,0.));
#11289=DIRECTION('',(0.,0.,-1.));
#11290=DIRECTION('',(-1.,0.,0.));
#11291=DIRECTION('',(0.,0.,-1.));
#11292=DIRECTION('',(0.,0.,-1.));
#11293=DIRECTION('',(-1.,0.,0.));
#11294=DIRECTION('',(0.498692134877103,0.866779184459178,0.));
#11295=DIRECTION('',(-0.866779184459178,0.498692134877103,0.));
#11296=DIRECTION('',(0.866779184459178,-0.498692134877103,0.));
#11297=DIRECTION('',(0.,0.,-1.));
#11298=DIRECTION('',(0.866779184459178,-0.498692134877103,0.));
#11299=DIRECTION('',(0.,0.,-1.));
#11300=DIRECTION('',(-1.,0.,0.));
#11301=DIRECTION('',(0.,0.,-1.));
#11302=DIRECTION('',(-1.,0.,0.));
#11303=DIRECTION('',(0.,0.,-1.));
#11304=DIRECTION('',(0.,0.,-1.));
#11305=DIRECTION('',(-1.,0.,0.));
#11306=DIRECTION('',(-0.258216870495938,0.966086977342767,0.));
#11307=DIRECTION('',(-0.966086977342767,-0.258216870495938,0.));
#11308=DIRECTION('',(0.966086977342767,0.258216870495938,0.));
#11309=DIRECTION('',(0.,0.,-1.));
#11310=DIRECTION('',(0.966086977342767,0.258216870495938,0.));
#11311=DIRECTION('',(0.,0.,-1.));
#11312=DIRECTION('',(-1.,0.,0.));
#11313=DIRECTION('',(0.,0.,-1.));
#11314=DIRECTION('',(-1.,0.,0.));
#11315=DIRECTION('',(0.,0.,-1.));
#11316=DIRECTION('',(0.,0.,-1.));
#11317=DIRECTION('',(-1.,0.,0.));
#11318=DIRECTION('',(-0.866905535476729,0.498472459178845,0.));
#11319=DIRECTION('',(-0.498472459178845,-0.866905535476729,0.));
#11320=DIRECTION('',(0.498472459178845,0.86690553547673,0.));
#11321=DIRECTION('',(0.,0.,-1.));
#11322=DIRECTION('',(0.498472459178845,0.86690553547673,0.));
#11323=DIRECTION('',(0.,0.,-1.));
#11324=DIRECTION('',(-1.,0.,0.));
#11325=DIRECTION('',(0.,0.,-1.));
#11326=DIRECTION('',(-1.,0.,0.));
#11327=DIRECTION('',(0.,0.,-1.));
#11328=DIRECTION('',(0.,0.,-1.));
#11329=DIRECTION('',(-1.,0.,0.));
#11330=DIRECTION('',(0.,0.,-1.));
#11331=DIRECTION('',(-1.,0.,0.));
#11332=DIRECTION('',(0.,0.,-1.));
#11333=DIRECTION('',(-1.,0.,0.));
#11334=DIRECTION('',(0.,0.,-1.));
#11335=DIRECTION('',(0.,0.,-1.));
#11336=DIRECTION('',(-1.,0.,0.));
#11337=DIRECTION('',(-0.259543651394989,0.96573137725796,0.));
#11338=DIRECTION('',(-0.96573137725796,-0.259543651394989,0.));
#11339=DIRECTION('',(0.96573137725796,0.259543651394989,0.));
#11340=DIRECTION('',(0.,0.,-1.));
#11341=DIRECTION('',(0.96573137725796,0.259543651394989,0.));
#11342=DIRECTION('',(-0.28338366523409,0.959006620560303,0.));
#11343=DIRECTION('',(-0.959006620560303,-0.28338366523409,0.));
#11344=DIRECTION('',(0.959006620560303,0.28338366523409,0.));
#11345=DIRECTION('',(0.,0.,-1.));
#11346=DIRECTION('',(0.959006620560303,0.28338366523409,0.));
#11347=DIRECTION('',(0.,0.,-1.));
#11348=DIRECTION('',(-1.,0.,0.));
#11349=DIRECTION('',(0.,0.,-1.));
#11350=DIRECTION('',(-1.,0.,0.));
#11351=DIRECTION('',(0.,0.,-1.));
#11352=DIRECTION('',(0.,0.,-1.));
#11353=DIRECTION('',(-1.,0.,0.));
#11354=DIRECTION('',(0.500060175984088,0.865990658376153,0.));
#11355=DIRECTION('',(-0.865990658376153,0.500060175984088,0.));
#11356=DIRECTION('',(0.865990658376153,-0.500060175984088,0.));
#11357=DIRECTION('',(0.,0.,-1.));
#11358=DIRECTION('',(0.865990658376153,-0.500060175984088,0.));
#11359=DIRECTION('',(0.,0.,-1.));
#11360=DIRECTION('',(-1.,0.,0.));
#11361=DIRECTION('',(0.,0.,-1.));
#11362=DIRECTION('',(-1.,0.,0.));
#11363=DIRECTION('',(0.,0.,-1.));
#11364=DIRECTION('',(0.,0.,-1.));
#11365=DIRECTION('',(-1.,0.,0.));
#11366=DIRECTION('',(3.53503213420978E-7,0.999999999999938,0.));
#11367=DIRECTION('',(-0.999999999999938,3.53503213420978E-7,0.));
#11368=DIRECTION('',(0.999999999999938,-3.53503213420978E-7,0.));
#11369=DIRECTION('',(0.,0.,-1.));
#11370=DIRECTION('',(0.999999999999938,-3.53503213420978E-7,0.));
#11371=DIRECTION('',(-1.41511720322997E-7,1.,0.));
#11372=DIRECTION('',(-1.,-1.41511720322997E-7,0.));
#11373=DIRECTION('',(1.,1.41511720322999E-7,0.));
#11374=DIRECTION('',(0.,0.,-1.));
#11375=DIRECTION('',(1.,1.41511720322999E-7,0.));
#11376=DIRECTION('',(0.,0.,-1.));
#11377=DIRECTION('',(-1.,0.,0.));
#11378=DIRECTION('',(0.,0.,-1.));
#11379=DIRECTION('',(-1.,0.,0.));
#11380=DIRECTION('',(0.,0.,-1.));
#11381=DIRECTION('',(0.,0.,-1.));
#11382=DIRECTION('',(-1.,0.,0.));
#11383=DIRECTION('',(-0.517749868085677,0.855532041537466,0.));
#11384=DIRECTION('',(-0.855532041537466,-0.517749868085677,0.));
#11385=DIRECTION('',(0.855532041537466,0.517749868085677,0.));
#11386=DIRECTION('',(0.,0.,-1.));
#11387=DIRECTION('',(0.855532041537466,0.517749868085677,0.));
#11388=DIRECTION('',(0.,0.,-1.));
#11389=DIRECTION('',(-1.,0.,0.));
#11390=DIRECTION('',(0.,0.,-1.));
#11391=DIRECTION('',(-1.,0.,0.));
#11392=DIRECTION('',(0.,0.,-1.));
#11393=DIRECTION('',(0.,0.,-1.));
#11394=DIRECTION('',(-1.,0.,0.));
#11395=DIRECTION('',(-0.269720985319334,-0.962938518327296,0.));
#11396=DIRECTION('',(0.962938518327296,-0.269720985319334,0.));
#11397=DIRECTION('',(-0.962938518327296,0.269720985319334,0.));
#11398=DIRECTION('',(0.,0.,-1.));
#11399=DIRECTION('',(-0.962938518327296,0.269720985319334,0.));
#11400=DIRECTION('',(0.,-1.,0.));
#11401=DIRECTION('',(0.,0.,-1.));
#11402=DIRECTION('',(-1.,0.,0.));
#11403=DIRECTION('',(-1.,0.,0.));
#11404=DIRECTION('',(0.,0.,-1.));
#11405=DIRECTION('',(-0.555570329314551,0.83146954796031,0.));
#11406=DIRECTION('',(0.,0.,-1.));
#11407=DIRECTION('',(-1.,0.,0.));
#11408=DIRECTION('',(0.,0.,-1.));
#11409=DIRECTION('',(-1.,0.,0.));
#11410=DIRECTION('',(0.,0.,-1.));
#11411=DIRECTION('',(-0.555570329314554,0.831469547960307,0.));
#11412=DIRECTION('',(0.,0.,-1.));
#11413=DIRECTION('',(-1.,0.,0.));
#11414=DIRECTION('',(0.,0.,-1.));
#11415=DIRECTION('',(-1.,0.,0.));
#11416=DIRECTION('',(0.,0.,-1.));
#11417=DIRECTION('',(-0.555570329314533,0.831469547960322,0.));
#11418=DIRECTION('',(0.,0.,-1.));
#11419=DIRECTION('',(-1.,0.,0.));
#11420=DIRECTION('',(0.,0.,-1.));
#11421=DIRECTION('',(-1.,0.,0.));
#11422=DIRECTION('',(0.,0.,-1.));
#11423=DIRECTION('',(-0.555570329314537,0.831469547960319,0.));
#11424=DIRECTION('',(0.,0.,-1.));
#11425=DIRECTION('',(-1.,0.,0.));
#11426=DIRECTION('',(0.,0.,-1.));
#11427=DIRECTION('',(-1.,0.,0.));
#11428=DIRECTION('',(0.,0.,-1.));
#11429=DIRECTION('',(-0.555570165294859,0.831469657554768,0.));
#11430=DIRECTION('',(0.,0.,-1.));
#11431=DIRECTION('',(-1.,0.,0.));
#11432=DIRECTION('',(0.,0.,-1.));
#11433=DIRECTION('',(-1.,0.,0.));
#11434=DIRECTION('',(0.,0.,-1.));
#11435=DIRECTION('',(-0.555570165294912,0.831469657554732,0.));
#11436=DIRECTION('',(0.,0.,-1.));
#11437=DIRECTION('',(-1.,0.,0.));
#11438=DIRECTION('',(0.,0.,-1.));
#11439=DIRECTION('',(-1.,0.,0.));
#11440=DIRECTION('',(0.,0.,-1.));
#11441=DIRECTION('',(-0.555570165294903,0.831469657554738,0.));
#11442=DIRECTION('',(0.,0.,-1.));
#11443=DIRECTION('',(-1.,0.,0.));
#11444=DIRECTION('',(0.,0.,-1.));
#11445=DIRECTION('',(-1.,0.,0.));
#11446=DIRECTION('',(0.,0.,-1.));
#11447=DIRECTION('',(-0.555570165294865,0.831469657554764,0.));
#11448=DIRECTION('',(0.,0.,-1.));
#11449=DIRECTION('',(-1.,0.,0.));
#11450=DIRECTION('',(0.,0.,-1.));
#11451=DIRECTION('',(-1.,0.,0.));
#11452=DIRECTION('',(0.258820582619058,0.965925414311442,0.));
#11453=DIRECTION('',(-0.965925414311442,0.258820582619058,0.));
#11454=DIRECTION('',(0.965925414311442,-0.258820582619058,0.));
#11455=DIRECTION('',(0.965925414311442,-0.258820582619058,0.));
#11456=DIRECTION('',(0.965925414311443,-0.258820582619055,0.));
#11457=DIRECTION('',(0.258820582619055,0.965925414311443,0.));
#11458=DIRECTION('',(-0.258820582619055,-0.965925414311443,0.));
#11459=DIRECTION('',(-0.258820582619055,-0.965925414311443,0.));
#11460=DIRECTION('',(0.965927200010049,-0.258813918251602,0.));
#11461=DIRECTION('',(0.258813918251602,0.965927200010049,0.));
#11462=DIRECTION('',(-0.258813918251602,-0.965927200010049,0.));
#11463=DIRECTION('',(-0.258813918251602,-0.965927200010049,0.));
#11464=DIRECTION('',(-0.258820582619058,-0.965925414311443,0.));
#11465=DIRECTION('',(0.965925414311443,-0.258820582619058,0.));
#11466=DIRECTION('',(-0.965925414311442,0.258820582619058,0.));
#11467=DIRECTION('',(-0.965925414311442,0.258820582619058,0.));
#11468=DIRECTION('',(0.258820582619058,0.965925414311443,0.));
#11469=DIRECTION('',(-0.965925414311443,0.258820582619058,0.));
#11470=DIRECTION('',(0.965925414311442,-0.258820582619058,0.));
#11471=DIRECTION('',(0.965925414311442,-0.258820582619058,0.));
#11472=DIRECTION('',(0.965924935821669,-0.258822368349231,0.));
#11473=DIRECTION('',(0.258822368349231,0.965924935821669,0.));
#11474=DIRECTION('',(-0.258822368349231,-0.965924935821669,0.));
#11475=DIRECTION('',(-0.258822368349231,-0.965924935821669,0.));
#11476=DIRECTION('',(-0.965927200010048,0.258813918251603,0.));
#11477=DIRECTION('',(-0.258813918251604,-0.965927200010049,0.));
#11478=DIRECTION('',(0.258813918251604,0.965927200010049,0.));
#11479=DIRECTION('',(0.258813918251604,0.965927200010049,0.));
#11480=DIRECTION('',(-0.965926721544032,0.258815703942397,0.));
#11481=DIRECTION('',(-0.258815703942397,-0.965926721544032,0.));
#11482=DIRECTION('',(0.258815703942397,0.965926721544032,0.));
#11483=DIRECTION('',(0.258815703942397,0.965926721544032,0.));
#11484=DIRECTION('',(-0.258822368349232,-0.965924935821669,0.));
#11485=DIRECTION('',(0.965924935821669,-0.258822368349232,0.));
#11486=DIRECTION('',(-0.965924935821669,0.258822368349232,0.));
#11487=DIRECTION('',(-0.965924935821669,0.258822368349232,0.));
#11488=DIRECTION('',(0.965925414311443,-0.258820582619058,0.));
#11489=DIRECTION('',(0.258820582619058,0.965925414311443,0.));
#11490=DIRECTION('',(-0.258820582619058,-0.965925414311442,0.));
#11491=DIRECTION('',(-0.258820582619058,-0.965925414311442,0.));
#11492=DIRECTION('',(-0.965927200010049,0.258813918251601,0.));
#11493=DIRECTION('',(-0.258813918251601,-0.965927200010049,0.));
#11494=DIRECTION('',(0.258813918251601,0.965927200010049,0.));
#11495=DIRECTION('',(0.258813918251601,0.965927200010049,0.));
#11496=DIRECTION('',(0.965925414311443,-0.258820582619056,0.));
#11497=DIRECTION('',(0.258820582619056,0.965925414311443,0.));
#11498=DIRECTION('',(-0.258820582619056,-0.965925414311443,0.));
#11499=DIRECTION('',(-0.258820582619056,-0.965925414311443,0.));
#11500=DIRECTION('',(0.258820582619058,0.965925414311442,0.));
#11501=DIRECTION('',(-0.965925414311442,0.258820582619058,0.));
#11502=DIRECTION('',(0.965925414311442,-0.258820582619058,0.));
#11503=DIRECTION('',(0.965925414311442,-0.258820582619058,0.));
#11504=DIRECTION('',(0.258820582619058,0.965925414311442,0.));
#11505=DIRECTION('',(-0.965925414311443,0.258820582619058,0.));
#11506=DIRECTION('',(0.965925414311443,-0.258820582619058,0.));
#11507=DIRECTION('',(0.965925414311443,-0.258820582619058,0.));
#11508=DIRECTION('',(0.965925414311443,-0.258820582619058,0.));
#11509=DIRECTION('',(0.258820582619058,0.965925414311443,0.));
#11510=DIRECTION('',(-0.258820582619058,-0.965925414311442,0.));
#11511=DIRECTION('',(-0.258820582619058,-0.965925414311442,0.));
#11512=DIRECTION('',(0.965927200010049,-0.258813918251602,0.));
#11513=DIRECTION('',(0.258813918251602,0.965927200010049,0.));
#11514=DIRECTION('',(-0.258813918251602,-0.965927200010049,0.));
#11515=DIRECTION('',(-0.258813918251602,-0.965927200010049,0.));
#11516=DIRECTION('',(0.707110352622312,0.707103209732745,0.));
#11517=DIRECTION('',(-0.707103209732745,0.707110352622312,0.));
#11518=DIRECTION('',(0.707103209732745,-0.707110352622312,0.));
#11519=DIRECTION('',(0.707103209732745,-0.707110352622312,0.));
#11520=DIRECTION('',(0.965925414311442,-0.258820582619058,0.));
#11521=DIRECTION('',(0.258820582619058,0.965925414311443,0.));
#11522=DIRECTION('',(-0.258820582619058,-0.965925414311443,0.));
#11523=DIRECTION('',(-0.258820582619058,-0.965925414311443,0.));
#11524=DIRECTION('',(0.965924935821669,-0.258822368349231,0.));
#11525=DIRECTION('',(0.258822368349231,0.965924935821669,0.));
#11526=DIRECTION('',(-0.258822368349231,-0.965924935821669,0.));
#11527=DIRECTION('',(-0.258822368349231,-0.965924935821669,0.));
#11528=DIRECTION('',(0.965925414311443,-0.258820582619056,0.));
#11529=DIRECTION('',(0.258820582619056,0.965925414311443,0.));
#11530=DIRECTION('',(-0.258820582619056,-0.965925414311443,0.));
#11531=DIRECTION('',(-0.258820582619056,-0.965925414311443,0.));
#11532=DIRECTION('',(-0.965925414311443,0.258820582619058,0.));
#11533=DIRECTION('',(-0.258820582619058,-0.965925414311443,0.));
#11534=DIRECTION('',(0.258820582619058,0.965925414311442,0.));
#11535=DIRECTION('',(0.258820582619058,0.965925414311442,0.));
#11536=DIRECTION('',(-0.965925414311443,0.258820582619056,0.));
#11537=DIRECTION('',(-0.258820582619056,-0.965925414311443,0.));
#11538=DIRECTION('',(0.258820582619056,0.965925414311443,0.));
#11539=DIRECTION('',(0.258820582619056,0.965925414311443,0.));
#11540=DIRECTION('',(-0.965925414311443,0.258820582619058,0.));
#11541=DIRECTION('',(-0.258820582619058,-0.965925414311443,0.));
#11542=DIRECTION('',(0.258820582619058,0.965925414311442,0.));
#11543=DIRECTION('',(0.258820582619058,0.965925414311442,0.));
#11544=DIRECTION('',(0.258820582619058,0.965925414311443,0.));
#11545=DIRECTION('',(-0.965925414311443,0.258820582619058,0.));
#11546=DIRECTION('',(0.965925414311442,-0.258820582619058,0.));
#11547=DIRECTION('',(0.965925414311442,-0.258820582619058,0.));
#11548=DIRECTION('',(0.965927200010049,-0.258813918251603,0.));
#11549=DIRECTION('',(0.258813918251603,0.965927200010049,0.));
#11550=DIRECTION('',(-0.258813918251603,-0.965927200010049,0.));
#11551=DIRECTION('',(-0.258813918251603,-0.965927200010049,0.));
#11552=DIRECTION('',(0.965927200010049,-0.258813918251602,0.));
#11553=DIRECTION('',(0.258813918251602,0.965927200010049,0.));
#11554=DIRECTION('',(-0.258813918251602,-0.965927200010049,0.));
#11555=DIRECTION('',(-0.258813918251602,-0.965927200010049,0.));
#11556=DIRECTION('',(0.965927200010049,-0.258813918251602,0.));
#11557=DIRECTION('',(0.258813918251602,0.965927200010049,0.));
#11558=DIRECTION('',(-0.258813918251602,-0.965927200010049,0.));
#11559=DIRECTION('',(-0.258813918251602,-0.965927200010049,0.));
#11560=DIRECTION('',(0.258813918251601,-0.965927200010049,0.));
#11561=DIRECTION('',(0.965927200010049,0.258813918251601,0.));
#11562=DIRECTION('',(-0.965927200010049,-0.258813918251601,0.));
#11563=DIRECTION('',(-0.965927200010049,-0.258813918251601,0.));
#11564=DIRECTION('',(-0.965925414311441,-0.258820582619061,0.));
#11565=DIRECTION('',(0.258820582619061,-0.965925414311441,0.));
#11566=DIRECTION('',(-0.258820582619061,0.965925414311441,0.));
#11567=DIRECTION('',(-0.258820582619061,0.965925414311441,0.));
#11568=DIRECTION('',(-0.965924935821669,-0.258822368349231,0.));
#11569=DIRECTION('',(0.258822368349231,-0.965924935821669,0.));
#11570=DIRECTION('',(-0.258822368349231,0.965924935821669,0.));
#11571=DIRECTION('',(-0.258822368349231,0.965924935821669,0.));
#11572=DIRECTION('',(-0.258813918251602,0.965927200010049,0.));
#11573=DIRECTION('',(-0.965927200010049,-0.258813918251602,0.));
#11574=DIRECTION('',(0.965927200010049,0.258813918251602,0.));
#11575=DIRECTION('',(0.965927200010049,0.258813918251602,0.));
#11576=DIRECTION('',(0.965925414311442,0.258820582619058,0.));
#11577=DIRECTION('',(-0.258820582619058,0.965925414311443,0.));
#11578=DIRECTION('',(0.258820582619058,-0.965925414311443,0.));
#11579=DIRECTION('',(0.258820582619058,-0.965925414311443,0.));
#11580=DIRECTION('',(0.258822368349231,-0.965924935821669,0.));
#11581=DIRECTION('',(0.965924935821669,0.258822368349231,0.));
#11582=DIRECTION('',(-0.965924935821669,-0.258822368349231,0.));
#11583=DIRECTION('',(-0.965924935821669,-0.258822368349231,0.));
#11584=DIRECTION('',(-0.258813918251601,0.965927200010049,0.));
#11585=DIRECTION('',(-0.965927200010049,-0.258813918251601,0.));
#11586=DIRECTION('',(0.965927200010049,0.258813918251601,0.));
#11587=DIRECTION('',(0.965927200010049,0.258813918251601,0.));
#11588=DIRECTION('',(0.965925414311442,0.258820582619058,0.));
#11589=DIRECTION('',(-0.258820582619058,0.965925414311443,0.));
#11590=DIRECTION('',(0.258820582619058,-0.965925414311443,0.));
#11591=DIRECTION('',(0.258820582619058,-0.965925414311443,0.));
#11592=DIRECTION('',(0.258820582619059,-0.965925414311442,0.));
#11593=DIRECTION('',(0.965925414311442,0.258820582619059,0.));
#11594=DIRECTION('',(-0.965925414311442,-0.258820582619059,0.));
#11595=DIRECTION('',(-0.965925414311442,-0.258820582619059,0.));
#11596=DIRECTION('',(-0.965924935821668,-0.258822368349235,0.));
#11597=DIRECTION('',(0.258822368349235,-0.965924935821668,0.));
#11598=DIRECTION('',(-0.258822368349235,0.965924935821668,0.));
#11599=DIRECTION('',(-0.258822368349235,0.965924935821668,0.));
#11600=DIRECTION('',(-0.965925414311443,-0.258820582619058,0.));
#11601=DIRECTION('',(0.258820582619058,-0.965925414311443,0.));
#11602=DIRECTION('',(-0.258820582619058,0.965925414311442,0.));
#11603=DIRECTION('',(-0.258820582619058,0.965925414311442,0.));
#11604=DIRECTION('',(-0.965924935821669,-0.258822368349232,0.));
#11605=DIRECTION('',(0.258822368349232,-0.965924935821669,0.));
#11606=DIRECTION('',(-0.258822368349232,0.965924935821669,0.));
#11607=DIRECTION('',(-0.258822368349232,0.965924935821669,0.));
#11608=DIRECTION('',(-0.965924935821668,-0.258822368349235,0.));
#11609=DIRECTION('',(0.258822368349235,-0.965924935821668,0.));
#11610=DIRECTION('',(-0.258822368349235,0.965924935821668,0.));
#11611=DIRECTION('',(-0.258822368349235,0.965924935821668,0.));
#11612=DIRECTION('',(0.965925414311442,0.258820582619061,0.));
#11613=DIRECTION('',(-0.258820582619061,0.965925414311442,0.));
#11614=DIRECTION('',(0.258820582619061,-0.965925414311442,0.));
#11615=DIRECTION('',(0.258820582619061,-0.965925414311442,0.));
#11616=DIRECTION('',(0.965924935821668,0.258822368349234,0.));
#11617=DIRECTION('',(-0.258822368349234,0.965924935821668,0.));
#11618=DIRECTION('',(0.258822368349234,-0.965924935821668,0.));
#11619=DIRECTION('',(0.258822368349234,-0.965924935821668,0.));
#11620=DIRECTION('',(0.258813918251601,-0.965927200010049,0.));
#11621=DIRECTION('',(0.965927200010049,0.258813918251601,0.));
#11622=DIRECTION('',(-0.965927200010049,-0.258813918251601,0.));
#11623=DIRECTION('',(-0.965927200010049,-0.258813918251601,0.));
#11624=DIRECTION('',(0.258813918251601,-0.965927200010049,0.));
#11625=DIRECTION('',(0.965927200010049,0.258813918251601,0.));
#11626=DIRECTION('',(-0.965927200010049,-0.258813918251601,0.));
#11627=DIRECTION('',(-0.965927200010049,-0.258813918251601,0.));
#11628=DIRECTION('',(0.258820582619058,-0.965925414311442,0.));
#11629=DIRECTION('',(0.965925414311443,0.258820582619058,0.));
#11630=DIRECTION('',(-0.965925414311443,-0.258820582619058,0.));
#11631=DIRECTION('',(-0.965925414311443,-0.258820582619058,0.));
#11632=DIRECTION('',(0.965924935821669,0.258822368349231,0.));
#11633=DIRECTION('',(-0.258822368349231,0.965924935821669,0.));
#11634=DIRECTION('',(0.258822368349231,-0.965924935821669,0.));
#11635=DIRECTION('',(0.258822368349231,-0.965924935821669,0.));
#11636=DIRECTION('',(0.965925414311441,0.258820582619061,0.));
#11637=DIRECTION('',(-0.258820582619061,0.965925414311441,0.));
#11638=DIRECTION('',(0.258820582619061,-0.965925414311441,0.));
#11639=DIRECTION('',(0.258820582619061,-0.965925414311441,0.));
#11640=DIRECTION('',(-0.965925414311443,-0.258820582619058,0.));
#11641=DIRECTION('',(0.258820582619058,-0.965925414311443,0.));
#11642=DIRECTION('',(-0.258820582619058,0.965925414311442,0.));
#11643=DIRECTION('',(-0.258820582619058,0.965925414311442,0.));
#11644=DIRECTION('',(-0.707106781186548,-0.707106781186548,0.));
#11645=DIRECTION('',(0.707106781186548,-0.707106781186548,0.));
#11646=DIRECTION('',(-0.707106781186548,0.707106781186548,0.));
#11647=DIRECTION('',(-0.707106781186548,0.707106781186548,0.));
#11648=DIRECTION('',(0.965925414311443,0.258820582619058,0.));
#11649=DIRECTION('',(-0.258820582619058,0.965925414311443,0.));
#11650=DIRECTION('',(0.258820582619058,-0.965925414311442,0.));
#11651=DIRECTION('',(0.258820582619058,-0.965925414311442,0.));
#11652=DIRECTION('',(0.258813918251601,-0.965927200010049,0.));
#11653=DIRECTION('',(0.965927200010049,0.258813918251601,0.));
#11654=DIRECTION('',(-0.965927200010049,-0.258813918251601,0.));
#11655=DIRECTION('',(-0.965927200010049,-0.258813918251601,0.));
#11656=DIRECTION('',(-0.258822368349231,0.965924935821669,0.));
#11657=DIRECTION('',(-0.965924935821669,-0.258822368349231,0.));
#11658=DIRECTION('',(0.965924935821669,0.258822368349231,0.));
#11659=DIRECTION('',(0.965924935821669,0.258822368349231,0.));
#11660=DIRECTION('',(0.258813918251602,-0.965927200010049,0.));
#11661=DIRECTION('',(0.965927200010049,0.258813918251602,0.));
#11662=DIRECTION('',(-0.965927200010049,-0.258813918251602,0.));
#11663=DIRECTION('',(-0.965927200010049,-0.258813918251602,0.));
#11664=DIRECTION('',(0.258820582619056,-0.965925414311443,0.));
#11665=DIRECTION('',(0.965925414311443,0.258820582619056,0.));
#11666=DIRECTION('',(-0.965925414311443,-0.258820582619056,0.));
#11667=DIRECTION('',(-0.965925414311443,-0.258820582619056,0.));
#11668=DIRECTION('',(0.269719149991133,0.962939032404472,0.));
#11669=DIRECTION('',(-0.962939032404472,0.269719149991133,0.));
#11670=DIRECTION('',(0.962939032404472,-0.269719149991133,0.));
#11671=DIRECTION('',(0.962939032404472,-0.269719149991133,0.));
#11672=DIRECTION('',(0.,-1.,0.));
#11673=DIRECTION('',(0.,0.,-1.));
#11674=DIRECTION('',(-1.,0.,0.));
#11675=DIRECTION('',(-1.,0.,0.));
#11676=DIRECTION('',(0.,0.,1.));
#11677=DIRECTION('',(1.,0.,0.));
#11678=DIRECTION('',(0.,0.,1.));
#11679=DIRECTION('',(1.,0.,0.));
#11680=CARTESIAN_POINT('',(0.,0.,0.));
#11681=CARTESIAN_POINT('',(0.200883799,-0.095751337999989,0.00651));
#11682=CARTESIAN_POINT('',(0.200883799,-0.095751337999989,0.00501));
#11683=CARTESIAN_POINT('',(0.200883799,-0.115001337999989,0.00501));
#11684=CARTESIAN_POINT('',(0.200883799,-0.076501337999989,0.00501));
#11685=CARTESIAN_POINT('',(0.200883799,-0.076501337999989,0.00651));
#11686=CARTESIAN_POINT('',(0.200883799,-0.076501337999989,0.00651));
#11687=CARTESIAN_POINT('',(0.200883799,-0.095751337999989,0.00651));
#11688=CARTESIAN_POINT('',(0.200883799,-0.115001337999989,0.00651));
#11689=CARTESIAN_POINT('',(0.200883799,-0.115001337999989,0.00651));
#11690=CARTESIAN_POINT('',(0.207133799,-0.076501337999989,0.00651));
#11691=CARTESIAN_POINT('',(0.207133799,-0.076501337999989,0.00501));
#11692=CARTESIAN_POINT('',(0.213383799,-0.076501337999989,0.00501));
#11693=CARTESIAN_POINT('',(0.213383799,-0.076501337999989,0.00651));
#11694=CARTESIAN_POINT('',(0.213383799,-0.076501337999989,0.00651));
#11695=CARTESIAN_POINT('',(0.207133799,-0.076501337999989,0.00651));
#11696=CARTESIAN_POINT('',(0.213383799,-0.095751337999989,0.00651));
#11697=CARTESIAN_POINT('',(0.213383799,-0.095751337999989,0.00501));
#11698=CARTESIAN_POINT('',(0.213383799,-0.115001337999989,0.00501));
#11699=CARTESIAN_POINT('',(0.213383799,-0.115001337999989,0.00651));
#11700=CARTESIAN_POINT('',(0.213383799,-0.115001337999989,0.00651));
#11701=CARTESIAN_POINT('',(0.213383799,-0.095751337999989,0.00651));
#11702=CARTESIAN_POINT('',(0.198396999,-0.132903637999989,0.00651));
#11703=CARTESIAN_POINT('',(0.198396999,-0.132903637999989,0.00501));
#11704=CARTESIAN_POINT('',(0.198396999,-0.125803637999989,0.00501));
#11705=CARTESIAN_POINT('',(0.198396999,-0.140003637999989,0.00501));
#11706=CARTESIAN_POINT('',(0.198396999,-0.125803637999989,0.00651));
#11707=CARTESIAN_POINT('',(0.198396999,-0.125803637999989,0.00651));
#11708=CARTESIAN_POINT('',(0.198396999,-0.132903637999989,0.00651));
#11709=CARTESIAN_POINT('',(0.198396999,-0.140003637999989,0.00651));
#11710=CARTESIAN_POINT('',(0.198396999,-0.140003637999989,0.00651));
#11711=CARTESIAN_POINT('',(0.207146999,-0.125803637999989,0.00651));
#11712=CARTESIAN_POINT('',(0.207146999,-0.125803637999989,0.00501));
#11713=CARTESIAN_POINT('',(0.215896999,-0.125803637999989,0.00501));
#11714=CARTESIAN_POINT('',(0.215896999,-0.125803637999989,0.00651));
#11715=CARTESIAN_POINT('',(0.215896999,-0.125803637999989,0.00651));
#11716=CARTESIAN_POINT('',(0.207146999,-0.125803637999989,0.00651));
#11717=CARTESIAN_POINT('',(0.215896999,-0.132903637999989,0.00651));
#11718=CARTESIAN_POINT('',(0.215896999,-0.132903637999989,0.00501));
#11719=CARTESIAN_POINT('',(0.215896999,-0.140003637999989,0.00501));
#11720=CARTESIAN_POINT('',(0.215896999,-0.140003637999989,0.00651));
#11721=CARTESIAN_POINT('',(0.215896999,-0.140003637999989,0.00651));
#11722=CARTESIAN_POINT('',(0.215896999,-0.132903637999989,0.00651));
#11723=CARTESIAN_POINT('',(0.345998111630783,-0.0521406059131636,0.00651));
#11724=CARTESIAN_POINT('',(0.345998147070313,-0.0521405200403708,0.00501));
#11725=CARTESIAN_POINT('',(0.348437617,-0.049701119999989,0.00501));
#11726=CARTESIAN_POINT('',(0.345998099000824,-0.0486906056355485,0.00501));
#11727=CARTESIAN_POINT('',(0.348437617,-0.049701119999989,0.00651));
#11728=CARTESIAN_POINT('',(0.348437617,-0.049701119999989,0.00651));
#11729=CARTESIAN_POINT('',(0.345998147070313,-0.0521405200403708,0.00651));
#11730=CARTESIAN_POINT('',(0.345998099000824,-0.0486906056355485,0.00650999975));
#11731=CARTESIAN_POINT('',(0.345998099,-0.048690637999989,0.00651));
#11732=CARTESIAN_POINT('',(0.345998131086826,-0.0521406253692056,0.00651));
#11733=CARTESIAN_POINT('',(0.345998216959618,-0.0521405899296755,0.00501));
#11734=CARTESIAN_POINT('',(0.34944813136444,-0.0521406379987553,0.00501));
#11735=CARTESIAN_POINT('',(0.349448099,-0.052140637999989,0.00651));
#11736=CARTESIAN_POINT('',(0.349448131364441,-0.0521406379991648,0.00651));
#11737=CARTESIAN_POINT('',(0.345998216959618,-0.0521405899296755,0.00651));
#11738=CARTESIAN_POINT('',(0.34599823093031,-0.0521407258521098,0.00651));
#11739=CARTESIAN_POINT('',(0.34599823093031,-0.0521407258521098,0.00501));
#11740=CARTESIAN_POINT('',(0.347318381781294,-0.0553280818316382,0.00501));
#11741=CARTESIAN_POINT('',(0.347318381786131,-0.0553280818433161,0.00651));
#11742=CARTESIAN_POINT('',(0.347318381781294,-0.0553280818316382,0.00651));
#11743=CARTESIAN_POINT('',(0.34599823093031,-0.0521407258521098,0.00651));
#11744=CARTESIAN_POINT('',(0.345998068241786,-0.0521407943942516,0.00651));
#11745=CARTESIAN_POINT('',(0.345998068241786,-0.0521407943942516,0.00501));
#11746=CARTESIAN_POINT('',(0.343558535220376,-0.0545802016533541,0.00501));
#11747=CARTESIAN_POINT('',(0.34355853528233,-0.0545802017153048,0.00651));
#11748=CARTESIAN_POINT('',(0.343558535220376,-0.0545802016533541,0.00651));
#11749=CARTESIAN_POINT('',(0.345998068241786,-0.0521407943942516,0.00651));
#11750=CARTESIAN_POINT('',(0.345997942605655,-0.052140668758219,0.00651));
#11751=CARTESIAN_POINT('',(0.345997942605655,-0.052140668758219,0.00501));
#11752=CARTESIAN_POINT('',(0.342810655169623,-0.0508203552156353,0.00501));
#11753=CARTESIAN_POINT('',(0.342810655181297,-0.0508203552204705,0.00651));
#11754=CARTESIAN_POINT('',(0.342810655169623,-0.0508203552156353,0.00651));
#11755=CARTESIAN_POINT('',(0.345997942605655,-0.052140668758219,0.00651));
#11756=CARTESIAN_POINT('',(0.361412611630784,-0.109643605913162,0.00651));
#11757=CARTESIAN_POINT('',(0.361412647070313,-0.109643520040371,0.00501));
#11758=CARTESIAN_POINT('',(0.363852117,-0.107204119999989,0.00501));
#11759=CARTESIAN_POINT('',(0.361412599000824,-0.106193605635554,0.00501));
#11760=CARTESIAN_POINT('',(0.363852117,-0.107204119999989,0.00651));
#11761=CARTESIAN_POINT('',(0.363852117,-0.107204119999989,0.00651));
#11762=CARTESIAN_POINT('',(0.361412647070313,-0.109643520040371,0.00651));
#11763=CARTESIAN_POINT('',(0.361412599000824,-0.106193605635554,0.00650999975));
#11764=CARTESIAN_POINT('',(0.361412599,-0.106193637999989,0.00651));
#11765=CARTESIAN_POINT('',(0.361412631086827,-0.109643625369205,0.00651));
#11766=CARTESIAN_POINT('',(0.361412716959618,-0.109643589929676,0.00501));
#11767=CARTESIAN_POINT('',(0.364862631364441,-0.109643637999165,0.00501));
#11768=CARTESIAN_POINT('',(0.364862599,-0.109643637999989,0.00651));
#11769=CARTESIAN_POINT('',(0.364862631364441,-0.109643637999165,0.00651));
#11770=CARTESIAN_POINT('',(0.361412716959618,-0.109643589929676,0.00651));
#11771=CARTESIAN_POINT('',(0.36141273093031,-0.10964372585211,0.00651));
#11772=CARTESIAN_POINT('',(0.36141273093031,-0.10964372585211,0.00501));
#11773=CARTESIAN_POINT('',(0.362732881781294,-0.112831081831638,0.00501));
#11774=CARTESIAN_POINT('',(0.362732881786131,-0.112831081843316,0.00651));
#11775=CARTESIAN_POINT('',(0.362732881781294,-0.112831081831638,0.00651));
#11776=CARTESIAN_POINT('',(0.36141273093031,-0.10964372585211,0.00651));
#11777=CARTESIAN_POINT('',(0.361412568241786,-0.109643794394252,0.00651));
#11778=CARTESIAN_POINT('',(0.361412568241786,-0.109643794394252,0.00501));
#11779=CARTESIAN_POINT('',(0.358973035282815,-0.112083201715803,0.00501));
#11780=CARTESIAN_POINT('',(0.358973035282323,-0.112083201715311,0.00651));
#11781=CARTESIAN_POINT('',(0.358973035282815,-0.112083201715803,0.00651));
#11782=CARTESIAN_POINT('',(0.361412568241786,-0.109643794394252,0.00651));
#11783=CARTESIAN_POINT('',(0.361412442605737,-0.109643668758203,0.00651));
#11784=CARTESIAN_POINT('',(0.361412442605737,-0.109643668758203,0.00501));
#11785=CARTESIAN_POINT('',(0.358225155169624,-0.108323355215636,0.00501));
#11786=CARTESIAN_POINT('',(0.358225155181307,-0.108323355220475,0.00651));
#11787=CARTESIAN_POINT('',(0.358225155169624,-0.108323355215636,0.00651));
#11788=CARTESIAN_POINT('',(0.361412442605737,-0.109643668758203,0.00651));
#11789=CARTESIAN_POINT('',(0.0531121116307832,-0.110217805913164,0.00651));
#11790=CARTESIAN_POINT('',(0.0531121470703134,-0.110217720040371,0.00501));
#11791=CARTESIAN_POINT('',(0.055551617,-0.107778319999989,0.00501));
#11792=CARTESIAN_POINT('',(0.0531120990008242,-0.106767805635548,0.00501));
#11793=CARTESIAN_POINT('',(0.055551617,-0.107778319999989,0.00651));
#11794=CARTESIAN_POINT('',(0.055551617,-0.107778319999989,0.00651));
#11795=CARTESIAN_POINT('',(0.0531121470703134,-0.110217720040371,0.00651));
#11796=CARTESIAN_POINT('',(0.0531120990008242,-0.106767805635548,0.00650999975));
#11797=CARTESIAN_POINT('',(0.053112099,-0.106767837999989,0.00651));
#11798=CARTESIAN_POINT('',(0.0531121310868254,-0.110217825369206,0.00651));
#11799=CARTESIAN_POINT('',(0.0531122169596181,-0.110217789929676,0.00501));
#11800=CARTESIAN_POINT('',(0.056562131364437,-0.110217837999165,0.00501));
#11801=CARTESIAN_POINT('',(0.056562099,-0.110217837999989,0.00651));
#11802=CARTESIAN_POINT('',(0.056562131364437,-0.110217837999165,0.00651));
#11803=CARTESIAN_POINT('',(0.0531122169596181,-0.110217789929676,0.00651));
#11804=CARTESIAN_POINT('',(0.0531122309303647,-0.110217925852146,0.00651));
#11805=CARTESIAN_POINT('',(0.0531122309303647,-0.110217925852146,0.00501));
#11806=CARTESIAN_POINT('',(0.0544323817812924,-0.113405281831635,0.00501));
#11807=CARTESIAN_POINT('',(0.0544323817861313,-0.113405281843316,0.00651));
#11808=CARTESIAN_POINT('',(0.0544323817812924,-0.113405281831635,0.00651));
#11809=CARTESIAN_POINT('',(0.0531122309303647,-0.110217925852146,0.00651));
#11810=CARTESIAN_POINT('',(0.0531120682417862,-0.110217994394252,0.00651));
#11811=CARTESIAN_POINT('',(0.0531120682417862,-0.110217994394252,0.00501));
#11812=CARTESIAN_POINT('',(0.0506725352828639,-0.112657401715852,0.00501));
#11813=CARTESIAN_POINT('',(0.0506725352823232,-0.112657401715311,0.00651));
#11814=CARTESIAN_POINT('',(0.0506725352828639,-0.112657401715852,0.00651));
#11815=CARTESIAN_POINT('',(0.0531120682417862,-0.110217994394252,0.00651));
#11816=CARTESIAN_POINT('',(0.0531119426057374,-0.110217868758203,0.00651));
#11817=CARTESIAN_POINT('',(0.0531119426057374,-0.110217868758203,0.00501));
#11818=CARTESIAN_POINT('',(0.049924655169619,-0.108897555215634,0.00501));
#11819=CARTESIAN_POINT('',(0.0499246551812971,-0.10889755522047,0.00651));
#11820=CARTESIAN_POINT('',(0.049924655169619,-0.108897555215634,0.00651));
#11821=CARTESIAN_POINT('',(0.0531119426057374,-0.110217868758203,0.00651));
#11822=CARTESIAN_POINT('',(0.0685204116307832,-0.0527130059131636,0.00651));
#11823=CARTESIAN_POINT('',(0.0685204470703134,-0.0527129200403709,0.00501));
#11824=CARTESIAN_POINT('',(0.070959917,-0.050273519999989,0.00501));
#11825=CARTESIAN_POINT('',(0.0685203990008242,-0.0492630056355485,0.00501));
#11826=CARTESIAN_POINT('',(0.070959917,-0.050273519999989,0.00651));
#11827=CARTESIAN_POINT('',(0.070959917,-0.050273519999989,0.00651));
#11828=CARTESIAN_POINT('',(0.0685204470703134,-0.0527129200403709,0.00651));
#11829=CARTESIAN_POINT('',(0.0685203990008242,-0.0492630056355485,0.00650999975));
#11830=CARTESIAN_POINT('',(0.068520399,-0.049263037999989,0.00651));
#11831=CARTESIAN_POINT('',(0.0685204310868254,-0.0527130253692058,0.00651));
#11832=CARTESIAN_POINT('',(0.0685205169596181,-0.0527129899296756,0.00501));
#11833=CARTESIAN_POINT('',(0.0719704313644405,-0.0527130379991648,0.00501));
#11834=CARTESIAN_POINT('',(0.071970399,-0.052713037999989,0.00651));
#11835=CARTESIAN_POINT('',(0.0719704313644405,-0.0527130379991648,0.00651));
#11836=CARTESIAN_POINT('',(0.0685205169596181,-0.0527129899296756,0.00651));
#11837=CARTESIAN_POINT('',(0.0685205309303104,-0.0527131258521097,0.00651));
#11838=CARTESIAN_POINT('',(0.0685205309303104,-0.0527131258521097,0.00501));
#11839=CARTESIAN_POINT('',(0.0698406817812938,-0.0559004818316382,0.00501));
#11840=CARTESIAN_POINT('',(0.0698406817861313,-0.0559004818433161,0.00651));
#11841=CARTESIAN_POINT('',(0.0698406817812938,-0.0559004818316382,0.00651));
#11842=CARTESIAN_POINT('',(0.0685205309303104,-0.0527131258521097,0.00651));
#11843=CARTESIAN_POINT('',(0.0685203682417862,-0.0527131943942517,0.00651));
#11844=CARTESIAN_POINT('',(0.0685203682417862,-0.0527131943942517,0.00501));
#11845=CARTESIAN_POINT('',(0.0660808352830222,-0.0551526017160102,0.00501));
#11846=CARTESIAN_POINT('',(0.0660808352823232,-0.0551526017153113,0.00651));
#11847=CARTESIAN_POINT('',(0.0660808352830222,-0.0551526017160102,0.00651));
#11848=CARTESIAN_POINT('',(0.0685203682417862,-0.0527131943942517,0.00651));
#11849=CARTESIAN_POINT('',(0.0685202426057374,-0.0527130687582028,0.00651));
#11850=CARTESIAN_POINT('',(0.0685202426057374,-0.0527130687582028,0.00501));
#11851=CARTESIAN_POINT('',(0.065332955169619,-0.0513927552156336,0.00501));
#11852=CARTESIAN_POINT('',(0.0653329551812971,-0.0513927552204705,0.00651));
#11853=CARTESIAN_POINT('',(0.065332955169619,-0.0513927552156336,0.00651));
#11854=CARTESIAN_POINT('',(0.0685202426057374,-0.0527130687582028,0.00651));
#11855=CARTESIAN_POINT('',(0.181766906673026,-0.127340221027272,0.00651));
#11856=CARTESIAN_POINT('',(0.181766932022777,-0.127340160140115,0.00501));
#11857=CARTESIAN_POINT('',(0.183499311,-0.125607825999989,0.00501));
#11858=CARTESIAN_POINT('',(0.181766899000582,-0.124890214995443,0.00501));
#11859=CARTESIAN_POINT('',(0.183499311,-0.125607825999989,0.00651));
#11860=CARTESIAN_POINT('',(0.183499311,-0.125607825999989,0.00651));
#11861=CARTESIAN_POINT('',(0.181766932022777,-0.127340160140115,0.00651));
#11862=CARTESIAN_POINT('',(0.181766899000582,-0.124890214995443,0.00650999975));
#11863=CARTESIAN_POINT('',(0.181766899,-0.124890237999989,0.00651));
#11864=CARTESIAN_POINT('',(0.181766915972717,-0.127340230326963,0.00651));
#11865=CARTESIAN_POINT('',(0.181766976859875,-0.127340204977212,0.00501));
#11866=CARTESIAN_POINT('',(0.184216922004542,-0.127340237999117,0.00501));
#11867=CARTESIAN_POINT('',(0.184216899,-0.127340237999989,0.00651));
#11868=CARTESIAN_POINT('',(0.184216922004542,-0.127340237999117,0.00651));
#11869=CARTESIAN_POINT('',(0.181766976859875,-0.127340204977212,0.00651));
#11870=CARTESIAN_POINT('',(0.181766991973094,-0.127340299991702,0.00651));
#11871=CARTESIAN_POINT('',(0.181766991973094,-0.127340299991702,0.00501));
#11872=CARTESIAN_POINT('',(0.182704490568344,-0.12960378541679,0.00501));
#11873=CARTESIAN_POINT('',(0.182704490568601,-0.129603785417409,0.00651));
#11874=CARTESIAN_POINT('',(0.182704490568344,-0.12960378541679,0.00651));
#11875=CARTESIAN_POINT('',(0.181766991973094,-0.127340299991702,0.00651));
#11876=CARTESIAN_POINT('',(0.181766876619693,-0.127340347258041,0.00651));
#11877=CARTESIAN_POINT('',(0.181766876619693,-0.127340347258041,0.00501));
#11878=CARTESIAN_POINT('',(0.180034454387327,-0.129072682510599,0.00501));
#11879=CARTESIAN_POINT('',(0.180034454437543,-0.129072682560813,0.00651));
#11880=CARTESIAN_POINT('',(0.180034454387327,-0.129072682510599,0.00651));
#11881=CARTESIAN_POINT('',(0.181766876619693,-0.127340347258041,0.00651));
#11882=CARTESIAN_POINT('',(0.181766789741883,-0.127340260380309,0.00651));
#11883=CARTESIAN_POINT('',(0.181766789741883,-0.127340260380309,0.00501));
#11884=CARTESIAN_POINT('',(0.179503351584093,-0.126402646429486,0.00501));
#11885=CARTESIAN_POINT('',(0.179503351584705,-0.12640264642974,0.00651));
#11886=CARTESIAN_POINT('',(0.179503351584093,-0.126402646429486,0.00651));
#11887=CARTESIAN_POINT('',(0.181766789741883,-0.127340260380309,0.00651));
#11888=CARTESIAN_POINT('',(0.181766906673026,-0.0820965210272718,0.00651));
#11889=CARTESIAN_POINT('',(0.181766932022777,-0.0820964601401146,0.00501));
#11890=CARTESIAN_POINT('',(0.183499311,-0.080364125999989,0.00501));
#11891=CARTESIAN_POINT('',(0.181766899000582,-0.0796465149954458,0.00501));
#11892=CARTESIAN_POINT('',(0.183499311,-0.080364125999989,0.00651));
#11893=CARTESIAN_POINT('',(0.183499311,-0.080364125999989,0.00651));
#11894=CARTESIAN_POINT('',(0.181766932022777,-0.0820964601401146,0.00651));
#11895=CARTESIAN_POINT('',(0.181766899000582,-0.0796465149954458,0.00650999975));
#11896=CARTESIAN_POINT('',(0.181766899,-0.079646537999989,0.00651));
#11897=CARTESIAN_POINT('',(0.181766915972719,-0.0820965303269623,0.00651));
#11898=CARTESIAN_POINT('',(0.181766976859875,-0.0820965049772117,0.00501));
#11899=CARTESIAN_POINT('',(0.184216922004546,-0.0820965379991175,0.00501));
#11900=CARTESIAN_POINT('',(0.184216899,-0.082096537999989,0.00651));
#11901=CARTESIAN_POINT('',(0.184216922004546,-0.0820965379991175,0.00651));
#11902=CARTESIAN_POINT('',(0.181766976859875,-0.0820965049772117,0.00651));
#11903=CARTESIAN_POINT('',(0.181766991973039,-0.082096599991665,0.00651));
#11904=CARTESIAN_POINT('',(0.181766991973039,-0.082096599991665,0.00501));
#11905=CARTESIAN_POINT('',(0.182704490568346,-0.0843600854167931,0.00501));
#11906=CARTESIAN_POINT('',(0.182704490568601,-0.0843600854174088,0.00651));
#11907=CARTESIAN_POINT('',(0.182704490568346,-0.0843600854167931,0.00651));
#11908=CARTESIAN_POINT('',(0.181766991973039,-0.082096599991665,0.00651));
#11909=CARTESIAN_POINT('',(0.181766876619693,-0.0820966472580412,0.00651));
#11910=CARTESIAN_POINT('',(0.181766876619693,-0.0820966472580412,0.00501));
#11911=CARTESIAN_POINT('',(0.180034454437738,-0.0838289825610173,0.00501));
#11912=CARTESIAN_POINT('',(0.180034454437538,-0.0838289825608177,0.00651));
#11913=CARTESIAN_POINT('',(0.180034454437738,-0.0838289825610173,0.00651));
#11914=CARTESIAN_POINT('',(0.181766876619693,-0.0820966472580412,0.00651));
#11915=CARTESIAN_POINT('',(0.181766789741948,-0.0820965603802959,0.00651));
#11916=CARTESIAN_POINT('',(0.181766789741948,-0.0820965603802959,0.00501));
#11917=CARTESIAN_POINT('',(0.179503351584092,-0.081158946429486,0.00501));
#11918=CARTESIAN_POINT('',(0.17950335158471,-0.081158946429742,0.00651));
#11919=CARTESIAN_POINT('',(0.179503351584092,-0.081158946429486,0.00651));
#11920=CARTESIAN_POINT('',(0.181766789741948,-0.0820965603802959,0.00651));
#11921=CARTESIAN_POINT('',(0.234154406673026,-0.082096521027271,0.00651));
#11922=CARTESIAN_POINT('',(0.234154432022777,-0.0820964601401146,0.00501));
#11923=CARTESIAN_POINT('',(0.235886811,-0.080364125999989,0.00501));
#11924=CARTESIAN_POINT('',(0.234154399000582,-0.0796465149954456,0.00501));
#11925=CARTESIAN_POINT('',(0.235886811,-0.080364125999989,0.00651));
#11926=CARTESIAN_POINT('',(0.235886811,-0.080364125999989,0.00651));
#11927=CARTESIAN_POINT('',(0.234154432022777,-0.0820964601401146,0.00651));
#11928=CARTESIAN_POINT('',(0.234154399000582,-0.0796465149954456,0.00650999975));
#11929=CARTESIAN_POINT('',(0.234154399,-0.079646537999989,0.00651));
#11930=CARTESIAN_POINT('',(0.234154415972718,-0.0820965303269625,0.00651));
#11931=CARTESIAN_POINT('',(0.234154476859874,-0.0820965049772117,0.00501));
#11932=CARTESIAN_POINT('',(0.236604422004546,-0.0820965379994069,0.00501));
#11933=CARTESIAN_POINT('',(0.236604399,-0.082096537999989,0.00651));
#11934=CARTESIAN_POINT('',(0.236604422004546,-0.0820965379994069,0.00651));
#11935=CARTESIAN_POINT('',(0.234154476859874,-0.0820965049772117,0.00651));
#11936=CARTESIAN_POINT('',(0.234154491973039,-0.0820965999916649,0.00651));
#11937=CARTESIAN_POINT('',(0.234154491973039,-0.0820965999916649,0.00501));
#11938=CARTESIAN_POINT('',(0.235091990568344,-0.0843600854167897,0.00501));
#11939=CARTESIAN_POINT('',(0.235091990568598,-0.0843600854174019,0.00651));
#11940=CARTESIAN_POINT('',(0.235091990568344,-0.0843600854167897,0.00651));
#11941=CARTESIAN_POINT('',(0.234154491973039,-0.0820965999916649,0.00651));
#11942=CARTESIAN_POINT('',(0.23415437661968,-0.082096647258106,0.00651));
#11943=CARTESIAN_POINT('',(0.23415437661968,-0.082096647258106,0.00501));
#11944=CARTESIAN_POINT('',(0.232421954490876,-0.0838289826141524,0.00501));
#11945=CARTESIAN_POINT('',(0.232421954437538,-0.0838289825608177,0.00651));
#11946=CARTESIAN_POINT('',(0.232421954490876,-0.0838289826141524,0.00651));
#11947=CARTESIAN_POINT('',(0.23415437661968,-0.082096647258106,0.00651));
#11948=CARTESIAN_POINT('',(0.234154289741948,-0.0820965603802959,0.00651));
#11949=CARTESIAN_POINT('',(0.234154289741948,-0.0820965603802959,0.00501));
#11950=CARTESIAN_POINT('',(0.231890851584092,-0.0811589464294859,0.00501));
#11951=CARTESIAN_POINT('',(0.23189085158471,-0.0811589464297418,0.00651));
#11952=CARTESIAN_POINT('',(0.231890851584092,-0.0811589464294859,0.00651));
#11953=CARTESIAN_POINT('',(0.234154289741948,-0.0820965603802959,0.00651));
#11954=CARTESIAN_POINT('',(0.234154406673026,-0.129721521027272,0.00651));
#11955=CARTESIAN_POINT('',(0.234154432022777,-0.129721460140115,0.00501));
#11956=CARTESIAN_POINT('',(0.235886811,-0.127989125999989,0.00501));
#11957=CARTESIAN_POINT('',(0.234154399000582,-0.127271514995443,0.00501));
#11958=CARTESIAN_POINT('',(0.235886811,-0.127989125999989,0.00651));
#11959=CARTESIAN_POINT('',(0.235886811,-0.127989125999989,0.00651));
#11960=CARTESIAN_POINT('',(0.234154432022777,-0.129721460140115,0.00651));
#11961=CARTESIAN_POINT('',(0.234154399000582,-0.127271514995443,0.00650999975));
#11962=CARTESIAN_POINT('',(0.234154399,-0.127271537999989,0.00651));
#11963=CARTESIAN_POINT('',(0.234154415972718,-0.129721530326962,0.00651));
#11964=CARTESIAN_POINT('',(0.234154476859874,-0.129721504977212,0.00501));
#11965=CARTESIAN_POINT('',(0.236604422004546,-0.129721537999117,0.00501));
#11966=CARTESIAN_POINT('',(0.236604399,-0.129721537999989,0.00651));
#11967=CARTESIAN_POINT('',(0.236604422004546,-0.129721537999117,0.00651));
#11968=CARTESIAN_POINT('',(0.234154476859874,-0.129721504977212,0.00651));
#11969=CARTESIAN_POINT('',(0.234154491973039,-0.129721599991665,0.00651));
#11970=CARTESIAN_POINT('',(0.234154491973039,-0.129721599991665,0.00501));
#11971=CARTESIAN_POINT('',(0.235091990568344,-0.13198508541679,0.00501));
#11972=CARTESIAN_POINT('',(0.235091990568598,-0.131985085417402,0.00651));
#11973=CARTESIAN_POINT('',(0.235091990568344,-0.13198508541679,0.00651));
#11974=CARTESIAN_POINT('',(0.234154491973039,-0.129721599991665,0.00651));
#11975=CARTESIAN_POINT('',(0.23415437661968,-0.129721647258106,0.00651));
#11976=CARTESIAN_POINT('',(0.23415437661968,-0.129721647258106,0.00501));
#11977=CARTESIAN_POINT('',(0.232421954488624,-0.131453982611901,0.00501));
#11978=CARTESIAN_POINT('',(0.232421954437538,-0.131453982560818,0.00651));
#11979=CARTESIAN_POINT('',(0.232421954488624,-0.131453982611901,0.00651));
#11980=CARTESIAN_POINT('',(0.23415437661968,-0.129721647258106,0.00651));
#11981=CARTESIAN_POINT('',(0.234154289741948,-0.129721560380296,0.00651));
#11982=CARTESIAN_POINT('',(0.234154289741948,-0.129721560380296,0.00501));
#11983=CARTESIAN_POINT('',(0.23189085158409,-0.128783946429485,0.00501));
#11984=CARTESIAN_POINT('',(0.231890851584705,-0.12878394642974,0.00651));
#11985=CARTESIAN_POINT('',(0.23189085158409,-0.128783946429485,0.00651));
#11986=CARTESIAN_POINT('',(0.234154289741948,-0.129721560380296,0.00651));
#11987=CARTESIAN_POINT('',(0.072312949,-0.075916537999989,0.00651));
#11988=CARTESIAN_POINT('',(0.072312949,-0.075916537999989,0.00501));
#11989=CARTESIAN_POINT('',(0.074124699,-0.069155037999989,0.00501));
#11990=CARTESIAN_POINT('',(0.070501199,-0.082678037999989,0.00501));
#11991=CARTESIAN_POINT('',(0.074124699,-0.069155037999989,0.00651));
#11992=CARTESIAN_POINT('',(0.074124699,-0.069155037999989,0.00651));
#11993=CARTESIAN_POINT('',(0.072312949,-0.075916537999989,0.00651));
#11994=CARTESIAN_POINT('',(0.070501199,-0.082678037999989,0.00651));
#11995=CARTESIAN_POINT('',(0.070501199,-0.082678037999989,0.00651));
#11996=CARTESIAN_POINT('',(0.080886149,-0.070966787999989,0.00651));
#11997=CARTESIAN_POINT('',(0.080886149,-0.070966787999989,0.00501));
#11998=CARTESIAN_POINT('',(0.087647599,-0.072778537999989,0.00501));
#11999=CARTESIAN_POINT('',(0.087647599,-0.072778537999989,0.00651));
#12000=CARTESIAN_POINT('',(0.087647599,-0.072778537999989,0.00651));
#12001=CARTESIAN_POINT('',(0.080886149,-0.070966787999989,0.00651));
#12002=CARTESIAN_POINT('',(0.085835899,-0.079540037999989,0.00651));
#12003=CARTESIAN_POINT('',(0.085835899,-0.079540037999989,0.00501));
#12004=CARTESIAN_POINT('',(0.084024199,-0.086301537999989,0.00501));
#12005=CARTESIAN_POINT('',(0.084024199,-0.086301537999989,0.00651));
#12006=CARTESIAN_POINT('',(0.084024199,-0.086301537999989,0.00651));
#12007=CARTESIAN_POINT('',(0.085835899,-0.079540037999989,0.00651));
#12008=CARTESIAN_POINT('',(0.075955649,-0.089367687999989,0.00651));
#12009=CARTESIAN_POINT('',(0.075955649,-0.089367687999989,0.00501));
#12010=CARTESIAN_POINT('',(0.082717099,-0.091179437999989,0.00501));
#12011=CARTESIAN_POINT('',(0.069194199,-0.087555937999989,0.00501));
#12012=CARTESIAN_POINT('',(0.082717099,-0.091179437999989,0.00651));
#12013=CARTESIAN_POINT('',(0.082717099,-0.091179437999989,0.00651));
#12014=CARTESIAN_POINT('',(0.075955649,-0.089367687999989,0.00651));
#12015=CARTESIAN_POINT('',(0.069194199,-0.087555937999989,0.00651));
#12016=CARTESIAN_POINT('',(0.069194199,-0.087555937999989,0.00651));
#12017=CARTESIAN_POINT('',(0.080905349,-0.097940887999989,0.00651));
#12018=CARTESIAN_POINT('',(0.080905349,-0.097940887999989,0.00501));
#12019=CARTESIAN_POINT('',(0.079093599,-0.104702337999989,0.00501));
#12020=CARTESIAN_POINT('',(0.079093599,-0.104702337999989,0.00651));
#12021=CARTESIAN_POINT('',(0.079093599,-0.104702337999989,0.00651));
#12022=CARTESIAN_POINT('',(0.080905349,-0.097940887999989,0.00651));
#12023=CARTESIAN_POINT('',(0.072332149,-0.102890637999989,0.00651));
#12024=CARTESIAN_POINT('',(0.072332149,-0.102890637999989,0.00501));
#12025=CARTESIAN_POINT('',(0.065570699,-0.101078937999989,0.00501));
#12026=CARTESIAN_POINT('',(0.065570699,-0.101078937999989,0.00651));
#12027=CARTESIAN_POINT('',(0.065570699,-0.101078937999989,0.00651));
#12028=CARTESIAN_POINT('',(0.072332149,-0.102890637999989,0.00651));
#12029=CARTESIAN_POINT('',(0.071025099,-0.107768587999989,0.00651));
#12030=CARTESIAN_POINT('',(0.071025099,-0.107768587999989,0.00501));
#12031=CARTESIAN_POINT('',(0.077786599,-0.109580337999989,0.00501));
#12032=CARTESIAN_POINT('',(0.064263599,-0.105956837999989,0.00501));
#12033=CARTESIAN_POINT('',(0.077786599,-0.109580337999989,0.00651));
#12034=CARTESIAN_POINT('',(0.077786599,-0.109580337999989,0.00651));
#12035=CARTESIAN_POINT('',(0.071025099,-0.107768587999989,0.00651));
#12036=CARTESIAN_POINT('',(0.064263599,-0.105956837999989,0.00651));
#12037=CARTESIAN_POINT('',(0.064263599,-0.105956837999989,0.00651));
#12038=CARTESIAN_POINT('',(0.075974849,-0.116341787999989,0.00651));
#12039=CARTESIAN_POINT('',(0.075974849,-0.116341787999989,0.00501));
#12040=CARTESIAN_POINT('',(0.074163099,-0.123103237999989,0.00501));
#12041=CARTESIAN_POINT('',(0.074163099,-0.123103237999989,0.00651));
#12042=CARTESIAN_POINT('',(0.074163099,-0.123103237999989,0.00651));
#12043=CARTESIAN_POINT('',(0.075974849,-0.116341787999989,0.00651));
#12044=CARTESIAN_POINT('',(0.067401649,-0.121291537999989,0.00651));
#12045=CARTESIAN_POINT('',(0.067401649,-0.121291537999989,0.00501));
#12046=CARTESIAN_POINT('',(0.060640199,-0.119479837999989,0.00501));
#12047=CARTESIAN_POINT('',(0.060640199,-0.119479837999989,0.00651));
#12048=CARTESIAN_POINT('',(0.060640199,-0.119479837999989,0.00651));
#12049=CARTESIAN_POINT('',(0.067401649,-0.121291537999989,0.00651));
#12050=CARTESIAN_POINT('',(0.105387249,-0.080176987999989,0.00651));
#12051=CARTESIAN_POINT('',(0.105387249,-0.080176987999989,0.00501));
#12052=CARTESIAN_POINT('',(0.103575499,-0.086938437999989,0.00501));
#12053=CARTESIAN_POINT('',(0.107198999,-0.073415537999989,0.00501));
#12054=CARTESIAN_POINT('',(0.103575499,-0.086938437999989,0.00651));
#12055=CARTESIAN_POINT('',(0.103575499,-0.086938437999989,0.00651));
#12056=CARTESIAN_POINT('',(0.105387249,-0.080176987999989,0.00651));
#12057=CARTESIAN_POINT('',(0.107198999,-0.073415537999989,0.00651));
#12058=CARTESIAN_POINT('',(0.107198999,-0.073415537999989,0.00651));
#12059=CARTESIAN_POINT('',(0.096813999,-0.085126687999989,0.00651));
#12060=CARTESIAN_POINT('',(0.096813999,-0.085126687999989,0.00501));
#12061=CARTESIAN_POINT('',(0.090052499,-0.083314937999989,0.00501));
#12062=CARTESIAN_POINT('',(0.090052499,-0.083314937999989,0.00651));
#12063=CARTESIAN_POINT('',(0.090052499,-0.083314937999989,0.00651));
#12064=CARTESIAN_POINT('',(0.096813999,-0.085126687999989,0.00651));
#12065=CARTESIAN_POINT('',(0.091864249,-0.076553487999989,0.00651));
#12066=CARTESIAN_POINT('',(0.091864249,-0.076553487999989,0.00501));
#12067=CARTESIAN_POINT('',(0.093675999,-0.069792037999989,0.00501));
#12068=CARTESIAN_POINT('',(0.093675999,-0.069792037999989,0.00651));
#12069=CARTESIAN_POINT('',(0.093675999,-0.069792037999989,0.00651));
#12070=CARTESIAN_POINT('',(0.091864249,-0.076553487999989,0.00651));
#12071=CARTESIAN_POINT('',(0.082003249,-0.113355287999989,0.00651));
#12072=CARTESIAN_POINT('',(0.082003249,-0.113355287999989,0.00501));
#12073=CARTESIAN_POINT('',(0.083814999,-0.106593837999989,0.00501));
#12074=CARTESIAN_POINT('',(0.080191499,-0.120116737999989,0.00501));
#12075=CARTESIAN_POINT('',(0.083814999,-0.106593837999989,0.00651));
#12076=CARTESIAN_POINT('',(0.083814999,-0.106593837999989,0.00651));
#12077=CARTESIAN_POINT('',(0.082003249,-0.113355287999989,0.00651));
#12078=CARTESIAN_POINT('',(0.080191499,-0.120116737999989,0.00651));
#12079=CARTESIAN_POINT('',(0.080191499,-0.120116737999989,0.00651));
#12080=CARTESIAN_POINT('',(0.090576499,-0.108405537999989,0.00651));
#12081=CARTESIAN_POINT('',(0.090576499,-0.108405537999989,0.00501));
#12082=CARTESIAN_POINT('',(0.097337999,-0.110217237999989,0.00501));
#12083=CARTESIAN_POINT('',(0.097337999,-0.110217237999989,0.00651));
#12084=CARTESIAN_POINT('',(0.097337999,-0.110217237999989,0.00651));
#12085=CARTESIAN_POINT('',(0.090576499,-0.108405537999989,0.00651));
#12086=CARTESIAN_POINT('',(0.095526249,-0.116978737999989,0.00651));
#12087=CARTESIAN_POINT('',(0.095526249,-0.116978737999989,0.00501));
#12088=CARTESIAN_POINT('',(0.093714499,-0.123740237999989,0.00501));
#12089=CARTESIAN_POINT('',(0.093714499,-0.123740237999989,0.00651));
#12090=CARTESIAN_POINT('',(0.093714499,-0.123740237999989,0.00651));
#12091=CARTESIAN_POINT('',(0.095526249,-0.116978737999989,0.00651));
#12092=CARTESIAN_POINT('',(0.095506999,-0.090004637999989,0.00651));
#12093=CARTESIAN_POINT('',(0.095506999,-0.090004637999989,0.00501));
#12094=CARTESIAN_POINT('',(0.102268499,-0.091816337999989,0.00501));
#12095=CARTESIAN_POINT('',(0.088745499,-0.088192937999989,0.00501));
#12096=CARTESIAN_POINT('',(0.102268499,-0.091816337999989,0.00651));
#12097=CARTESIAN_POINT('',(0.102268499,-0.091816337999989,0.00651));
#12098=CARTESIAN_POINT('',(0.095506999,-0.090004637999989,0.00651));
#12099=CARTESIAN_POINT('',(0.088745499,-0.088192937999989,0.00651));
#12100=CARTESIAN_POINT('',(0.088745499,-0.088192937999989,0.00651));
#12101=CARTESIAN_POINT('',(0.100456749,-0.098577837999989,0.00651));
#12102=CARTESIAN_POINT('',(0.100456749,-0.098577837999989,0.00501));
#12103=CARTESIAN_POINT('',(0.098644999,-0.105339337999989,0.00501));
#12104=CARTESIAN_POINT('',(0.098644999,-0.105339337999989,0.00651));
#12105=CARTESIAN_POINT('',(0.098644999,-0.105339337999989,0.00651));
#12106=CARTESIAN_POINT('',(0.100456749,-0.098577837999989,0.00651));
#12107=CARTESIAN_POINT('',(0.091883499,-0.103527587999989,0.00651));
#12108=CARTESIAN_POINT('',(0.091883499,-0.103527587999989,0.00501));
#12109=CARTESIAN_POINT('',(0.085121999,-0.101715837999989,0.00501));
#12110=CARTESIAN_POINT('',(0.085121999,-0.101715837999989,0.00651));
#12111=CARTESIAN_POINT('',(0.085121999,-0.101715837999989,0.00651));
#12112=CARTESIAN_POINT('',(0.091883499,-0.103527587999989,0.00651));
#12113=CARTESIAN_POINT('',(0.050298299,-0.057542687999989,0.00651));
#12114=CARTESIAN_POINT('',(0.050298299,-0.057542687999989,0.00501));
#12115=CARTESIAN_POINT('',(0.043536799,-0.055730937999989,0.00501));
#12116=CARTESIAN_POINT('',(0.057059799,-0.059354437999989,0.00501));
#12117=CARTESIAN_POINT('',(0.043536799,-0.055730937999989,0.00651));
#12118=CARTESIAN_POINT('',(0.043536799,-0.055730937999989,0.00651));
#12119=CARTESIAN_POINT('',(0.050298299,-0.057542687999989,0.00651));
#12120=CARTESIAN_POINT('',(0.057059799,-0.059354437999989,0.00651));
#12121=CARTESIAN_POINT('',(0.057059799,-0.059354437999989,0.00651));
#12122=CARTESIAN_POINT('',(0.045348549,-0.048969437999989,0.00651));
#12123=CARTESIAN_POINT('',(0.045348549,-0.048969437999989,0.00501));
#12124=CARTESIAN_POINT('',(0.047160299,-0.0422079379999889,0.00501));
#12125=CARTESIAN_POINT('',(0.047160299,-0.0422079379999889,0.00651));
#12126=CARTESIAN_POINT('',(0.047160299,-0.0422079379999889,0.00651));
#12127=CARTESIAN_POINT('',(0.045348549,-0.048969437999989,0.00651));
#12128=CARTESIAN_POINT('',(0.053921749,-0.044019687999989,0.00651));
#12129=CARTESIAN_POINT('',(0.053921749,-0.044019687999989,0.00501));
#12130=CARTESIAN_POINT('',(0.060683199,-0.045831437999989,0.00501));
#12131=CARTESIAN_POINT('',(0.060683199,-0.045831437999989,0.00651));
#12132=CARTESIAN_POINT('',(0.060683199,-0.045831437999989,0.00651));
#12133=CARTESIAN_POINT('',(0.053921749,-0.044019687999989,0.00651));
#12134=CARTESIAN_POINT('',(0.045367799,-0.075943537999989,0.00651));
#12135=CARTESIAN_POINT('',(0.045367799,-0.075943537999989,0.00501));
#12136=CARTESIAN_POINT('',(0.038606299,-0.074131837999989,0.00501));
#12137=CARTESIAN_POINT('',(0.052129299,-0.077755237999989,0.00501));
#12138=CARTESIAN_POINT('',(0.038606299,-0.074131837999989,0.00651));
#12139=CARTESIAN_POINT('',(0.038606299,-0.074131837999989,0.00651));
#12140=CARTESIAN_POINT('',(0.045367799,-0.075943537999989,0.00651));
#12141=CARTESIAN_POINT('',(0.052129299,-0.077755237999989,0.00651));
#12142=CARTESIAN_POINT('',(0.052129299,-0.077755237999989,0.00651));
#12143=CARTESIAN_POINT('',(0.040418049,-0.067370337999989,0.00651));
#12144=CARTESIAN_POINT('',(0.040418049,-0.067370337999989,0.00501));
#12145=CARTESIAN_POINT('',(0.042229799,-0.060608837999989,0.00501));
#12146=CARTESIAN_POINT('',(0.042229799,-0.060608837999989,0.00651));
#12147=CARTESIAN_POINT('',(0.042229799,-0.060608837999989,0.00651));
#12148=CARTESIAN_POINT('',(0.040418049,-0.067370337999989,0.00651));
#12149=CARTESIAN_POINT('',(0.048991249,-0.062420587999989,0.00651));
#12150=CARTESIAN_POINT('',(0.048991249,-0.062420587999989,0.00501));
#12151=CARTESIAN_POINT('',(0.055752699,-0.064232337999989,0.00501));
#12152=CARTESIAN_POINT('',(0.055752699,-0.064232337999989,0.00651));
#12153=CARTESIAN_POINT('',(0.055752699,-0.064232337999989,0.00651));
#12154=CARTESIAN_POINT('',(0.048991249,-0.062420587999989,0.00651));
#12155=CARTESIAN_POINT('',(0.049010499,-0.089394687999989,0.00651));
#12156=CARTESIAN_POINT('',(0.049010499,-0.089394687999989,0.00501));
#12157=CARTESIAN_POINT('',(0.047198799,-0.096156137999989,0.00501));
#12158=CARTESIAN_POINT('',(0.050822199,-0.082633237999989,0.00501));
#12159=CARTESIAN_POINT('',(0.047198799,-0.096156137999989,0.00651));
#12160=CARTESIAN_POINT('',(0.047198799,-0.096156137999989,0.00651));
#12161=CARTESIAN_POINT('',(0.049010499,-0.089394687999989,0.00651));
#12162=CARTESIAN_POINT('',(0.050822199,-0.082633237999989,0.00651));
#12163=CARTESIAN_POINT('',(0.050822199,-0.082633237999989,0.00651));
#12164=CARTESIAN_POINT('',(0.040437299,-0.094344437999989,0.00651));
#12165=CARTESIAN_POINT('',(0.040437299,-0.094344437999989,0.00501));
#12166=CARTESIAN_POINT('',(0.033675799,-0.092532737999989,0.00501));
#12167=CARTESIAN_POINT('',(0.033675799,-0.092532737999989,0.00651));
#12168=CARTESIAN_POINT('',(0.033675799,-0.092532737999989,0.00651));
#12169=CARTESIAN_POINT('',(0.040437299,-0.094344437999989,0.00651));
#12170=CARTESIAN_POINT('',(0.035487549,-0.085771237999989,0.00651));
#12171=CARTESIAN_POINT('',(0.035487549,-0.085771237999989,0.00501));
#12172=CARTESIAN_POINT('',(0.037299299,-0.079009737999989,0.00501));
#12173=CARTESIAN_POINT('',(0.037299299,-0.079009737999989,0.00651));
#12174=CARTESIAN_POINT('',(0.037299299,-0.079009737999989,0.00651));
#12175=CARTESIAN_POINT('',(0.035487549,-0.085771237999989,0.00651));
#12176=CARTESIAN_POINT('',(0.039130249,-0.099222387999989,0.00651));
#12177=CARTESIAN_POINT('',(0.039130249,-0.099222387999989,0.00501));
#12178=CARTESIAN_POINT('',(0.045891699,-0.101034137999989,0.00501));
#12179=CARTESIAN_POINT('',(0.032368799,-0.097410637999989,0.00501));
#12180=CARTESIAN_POINT('',(0.045891699,-0.101034137999989,0.00651));
#12181=CARTESIAN_POINT('',(0.045891699,-0.101034137999989,0.00651));
#12182=CARTESIAN_POINT('',(0.039130249,-0.099222387999989,0.00651));
#12183=CARTESIAN_POINT('',(0.032368799,-0.097410637999989,0.00651));
#12184=CARTESIAN_POINT('',(0.032368799,-0.097410637999989,0.00651));
#12185=CARTESIAN_POINT('',(0.044079999,-0.107795587999989,0.00651));
#12186=CARTESIAN_POINT('',(0.044079999,-0.107795587999989,0.00501));
#12187=CARTESIAN_POINT('',(0.042268299,-0.114557037999989,0.00501));
#12188=CARTESIAN_POINT('',(0.042268299,-0.114557037999989,0.00651));
#12189=CARTESIAN_POINT('',(0.042268299,-0.114557037999989,0.00651));
#12190=CARTESIAN_POINT('',(0.044079999,-0.107795587999989,0.00651));
#12191=CARTESIAN_POINT('',(0.035506799,-0.112745337999989,0.00651));
#12192=CARTESIAN_POINT('',(0.035506799,-0.112745337999989,0.00501));
#12193=CARTESIAN_POINT('',(0.028745299,-0.110933637999989,0.00501));
#12194=CARTESIAN_POINT('',(0.028745299,-0.110933637999989,0.00651));
#12195=CARTESIAN_POINT('',(0.028745299,-0.110933637999989,0.00651));
#12196=CARTESIAN_POINT('',(0.035506799,-0.112745337999989,0.00651));
#12197=CARTESIAN_POINT('',(0.082193199,-0.066088887999989,0.00651));
#12198=CARTESIAN_POINT('',(0.082193199,-0.066088887999989,0.00501));
#12199=CARTESIAN_POINT('',(0.075431699,-0.064277137999989,0.00501));
#12200=CARTESIAN_POINT('',(0.088954699,-0.067900637999989,0.00501));
#12201=CARTESIAN_POINT('',(0.075431699,-0.064277137999989,0.00651));
#12202=CARTESIAN_POINT('',(0.075431699,-0.064277137999989,0.00651));
#12203=CARTESIAN_POINT('',(0.082193199,-0.066088887999989,0.00651));
#12204=CARTESIAN_POINT('',(0.088954699,-0.067900637999989,0.00651));
#12205=CARTESIAN_POINT('',(0.088954699,-0.067900637999989,0.00651));
#12206=CARTESIAN_POINT('',(0.077243449,-0.057515637999989,0.00651));
#12207=CARTESIAN_POINT('',(0.077243449,-0.057515637999989,0.00501));
#12208=CARTESIAN_POINT('',(0.079055199,-0.050754137999989,0.00501));
#12209=CARTESIAN_POINT('',(0.079055199,-0.050754137999989,0.00651));
#12210=CARTESIAN_POINT('',(0.079055199,-0.050754137999989,0.00651));
#12211=CARTESIAN_POINT('',(0.077243449,-0.057515637999989,0.00651));
#12212=CARTESIAN_POINT('',(0.085816649,-0.052565887999989,0.00651));
#12213=CARTESIAN_POINT('',(0.085816649,-0.052565887999989,0.00501));
#12214=CARTESIAN_POINT('',(0.092578099,-0.054377637999989,0.00501));
#12215=CARTESIAN_POINT('',(0.092578099,-0.054377637999989,0.00651));
#12216=CARTESIAN_POINT('',(0.092578099,-0.054377637999989,0.00651));
#12217=CARTESIAN_POINT('',(0.085816649,-0.052565887999989,0.00651));
#12218=CARTESIAN_POINT('',(0.105367999,-0.053202887999989,0.00651));
#12219=CARTESIAN_POINT('',(0.105367999,-0.053202887999989,0.00501));
#12220=CARTESIAN_POINT('',(0.112129499,-0.055014637999989,0.00501));
#12221=CARTESIAN_POINT('',(0.098606499,-0.051391137999989,0.00501));
#12222=CARTESIAN_POINT('',(0.112129499,-0.055014637999989,0.00651));
#12223=CARTESIAN_POINT('',(0.112129499,-0.055014637999989,0.00651));
#12224=CARTESIAN_POINT('',(0.105367999,-0.053202887999989,0.00651));
#12225=CARTESIAN_POINT('',(0.098606499,-0.051391137999989,0.00651));
#12226=CARTESIAN_POINT('',(0.098606499,-0.051391137999989,0.00651));
#12227=CARTESIAN_POINT('',(0.110317749,-0.061776087999989,0.00651));
#12228=CARTESIAN_POINT('',(0.110317749,-0.061776087999989,0.00501));
#12229=CARTESIAN_POINT('',(0.108505999,-0.068537537999989,0.00501));
#12230=CARTESIAN_POINT('',(0.108505999,-0.068537537999989,0.00651));
#12231=CARTESIAN_POINT('',(0.108505999,-0.068537537999989,0.00651));
#12232=CARTESIAN_POINT('',(0.110317749,-0.061776087999989,0.00651));
#12233=CARTESIAN_POINT('',(0.101744499,-0.066725837999989,0.00651));
#12234=CARTESIAN_POINT('',(0.101744499,-0.066725837999989,0.00501));
#12235=CARTESIAN_POINT('',(0.094982999,-0.064914137999989,0.00501));
#12236=CARTESIAN_POINT('',(0.094982999,-0.064914137999989,0.00651));
#12237=CARTESIAN_POINT('',(0.094982999,-0.064914137999989,0.00651));
#12238=CARTESIAN_POINT('',(0.101744499,-0.066725837999989,0.00651));
#12239=CARTESIAN_POINT('',(0.150846949,-0.077237637999989,0.00651));
#12240=CARTESIAN_POINT('',(0.150846949,-0.077237637999989,0.00501));
#12241=CARTESIAN_POINT('',(0.152658699,-0.070476137999989,0.00501));
#12242=CARTESIAN_POINT('',(0.149035199,-0.083999137999989,0.00501));
#12243=CARTESIAN_POINT('',(0.152658699,-0.070476137999989,0.00651));
#12244=CARTESIAN_POINT('',(0.152658699,-0.070476137999989,0.00651));
#12245=CARTESIAN_POINT('',(0.150846949,-0.077237637999989,0.00651));
#12246=CARTESIAN_POINT('',(0.149035199,-0.083999137999989,0.00651));
#12247=CARTESIAN_POINT('',(0.149035199,-0.083999137999989,0.00651));
#12248=CARTESIAN_POINT('',(0.159420199,-0.072287887999989,0.00651));
#12249=CARTESIAN_POINT('',(0.159420199,-0.072287887999989,0.00501));
#12250=CARTESIAN_POINT('',(0.166181699,-0.074099637999989,0.00501));
#12251=CARTESIAN_POINT('',(0.166181699,-0.074099637999989,0.00651));
#12252=CARTESIAN_POINT('',(0.166181699,-0.074099637999989,0.00651));
#12253=CARTESIAN_POINT('',(0.159420199,-0.072287887999989,0.00651));
#12254=CARTESIAN_POINT('',(0.164369949,-0.080861137999989,0.00651));
#12255=CARTESIAN_POINT('',(0.164369949,-0.080861137999989,0.00501));
#12256=CARTESIAN_POINT('',(0.162558199,-0.087622637999989,0.00501));
#12257=CARTESIAN_POINT('',(0.162558199,-0.087622637999989,0.00651));
#12258=CARTESIAN_POINT('',(0.162558199,-0.087622637999989,0.00651));
#12259=CARTESIAN_POINT('',(0.164369949,-0.080861137999989,0.00651));
#12260=CARTESIAN_POINT('',(0.145916449,-0.095638537999989,0.00651));
#12261=CARTESIAN_POINT('',(0.145916449,-0.095638537999989,0.00501));
#12262=CARTESIAN_POINT('',(0.147728199,-0.088877037999989,0.00501));
#12263=CARTESIAN_POINT('',(0.144104699,-0.102400037999989,0.00501));
#12264=CARTESIAN_POINT('',(0.147728199,-0.088877037999989,0.00651));
#12265=CARTESIAN_POINT('',(0.147728199,-0.088877037999989,0.00651));
#12266=CARTESIAN_POINT('',(0.145916449,-0.095638537999989,0.00651));
#12267=CARTESIAN_POINT('',(0.144104699,-0.102400037999989,0.00651));
#12268=CARTESIAN_POINT('',(0.144104699,-0.102400037999989,0.00651));
#12269=CARTESIAN_POINT('',(0.154489699,-0.090688787999989,0.00651));
#12270=CARTESIAN_POINT('',(0.154489699,-0.090688787999989,0.00501));
#12271=CARTESIAN_POINT('',(0.161251199,-0.092500537999989,0.00501));
#12272=CARTESIAN_POINT('',(0.161251199,-0.092500537999989,0.00651));
#12273=CARTESIAN_POINT('',(0.161251199,-0.092500537999989,0.00651));
#12274=CARTESIAN_POINT('',(0.154489699,-0.090688787999989,0.00651));
#12275=CARTESIAN_POINT('',(0.159439449,-0.099262037999989,0.00651));
#12276=CARTESIAN_POINT('',(0.159439449,-0.099262037999989,0.00501));
#12277=CARTESIAN_POINT('',(0.157627699,-0.106023537999989,0.00501));
#12278=CARTESIAN_POINT('',(0.157627699,-0.106023537999989,0.00651));
#12279=CARTESIAN_POINT('',(0.157627699,-0.106023537999989,0.00651));
#12280=CARTESIAN_POINT('',(0.159439449,-0.099262037999989,0.00651));
#12281=CARTESIAN_POINT('',(0.149559199,-0.109089687999989,0.00651));
#12282=CARTESIAN_POINT('',(0.149559199,-0.109089687999989,0.00501));
#12283=CARTESIAN_POINT('',(0.156320699,-0.110901437999989,0.00501));
#12284=CARTESIAN_POINT('',(0.142797699,-0.107277937999989,0.00501));
#12285=CARTESIAN_POINT('',(0.156320699,-0.110901437999989,0.00651));
#12286=CARTESIAN_POINT('',(0.156320699,-0.110901437999989,0.00651));
#12287=CARTESIAN_POINT('',(0.149559199,-0.109089687999989,0.00651));
#12288=CARTESIAN_POINT('',(0.142797699,-0.107277937999989,0.00651));
#12289=CARTESIAN_POINT('',(0.142797699,-0.107277937999989,0.00651));
#12290=CARTESIAN_POINT('',(0.154508949,-0.117662937999989,0.00651));
#12291=CARTESIAN_POINT('',(0.154508949,-0.117662937999989,0.00501));
#12292=CARTESIAN_POINT('',(0.152697199,-0.124424437999989,0.00501));
#12293=CARTESIAN_POINT('',(0.152697199,-0.124424437999989,0.00651));
#12294=CARTESIAN_POINT('',(0.152697199,-0.124424437999989,0.00651));
#12295=CARTESIAN_POINT('',(0.154508949,-0.117662937999989,0.00651));
#12296=CARTESIAN_POINT('',(0.145935699,-0.122612687999989,0.00651));
#12297=CARTESIAN_POINT('',(0.145935699,-0.122612687999989,0.00501));
#12298=CARTESIAN_POINT('',(0.139174199,-0.120800937999989,0.00501));
#12299=CARTESIAN_POINT('',(0.139174199,-0.120800937999989,0.00651));
#12300=CARTESIAN_POINT('',(0.139174199,-0.120800937999989,0.00651));
#12301=CARTESIAN_POINT('',(0.145935699,-0.122612687999989,0.00651));
#12302=CARTESIAN_POINT('',(0.127460399,-0.117959887999989,0.00651));
#12303=CARTESIAN_POINT('',(0.127460399,-0.117959887999989,0.00501));
#12304=CARTESIAN_POINT('',(0.134221899,-0.119771637999989,0.00501));
#12305=CARTESIAN_POINT('',(0.120698899,-0.116148137999989,0.00501));
#12306=CARTESIAN_POINT('',(0.134221899,-0.119771637999989,0.00651));
#12307=CARTESIAN_POINT('',(0.134221899,-0.119771637999989,0.00651));
#12308=CARTESIAN_POINT('',(0.127460399,-0.117959887999989,0.00651));
#12309=CARTESIAN_POINT('',(0.120698899,-0.116148137999989,0.00651));
#12310=CARTESIAN_POINT('',(0.120698899,-0.116148137999989,0.00651));
#12311=CARTESIAN_POINT('',(0.132410149,-0.126533087999989,0.00651));
#12312=CARTESIAN_POINT('',(0.132410149,-0.126533087999989,0.00501));
#12313=CARTESIAN_POINT('',(0.130598399,-0.133294537999989,0.00501));
#12314=CARTESIAN_POINT('',(0.130598399,-0.133294537999989,0.00651));
#12315=CARTESIAN_POINT('',(0.130598399,-0.133294537999989,0.00651));
#12316=CARTESIAN_POINT('',(0.132410149,-0.126533087999989,0.00651));
#12317=CARTESIAN_POINT('',(0.123836949,-0.131482837999989,0.00651));
#12318=CARTESIAN_POINT('',(0.123836949,-0.131482837999989,0.00501));
#12319=CARTESIAN_POINT('',(0.117075499,-0.129671137999989,0.00501));
#12320=CARTESIAN_POINT('',(0.117075499,-0.129671137999989,0.00651));
#12321=CARTESIAN_POINT('',(0.117075499,-0.129671137999989,0.00651));
#12322=CARTESIAN_POINT('',(0.123836949,-0.131482837999989,0.00651));
#12323=CARTESIAN_POINT('',(0.155937799,-0.153866287999989,0.00651));
#12324=CARTESIAN_POINT('',(0.155937799,-0.153866287999989,0.00501));
#12325=CARTESIAN_POINT('',(0.160887499,-0.148916537999989,0.00501));
#12326=CARTESIAN_POINT('',(0.150988099,-0.158816037999989,0.00501));
#12327=CARTESIAN_POINT('',(0.160887499,-0.148916537999989,0.00651));
#12328=CARTESIAN_POINT('',(0.160887499,-0.148916537999989,0.00651));
#12329=CARTESIAN_POINT('',(0.155937799,-0.153866287999989,0.00651));
#12330=CARTESIAN_POINT('',(0.150988099,-0.158816037999989,0.00651));
#12331=CARTESIAN_POINT('',(0.150988099,-0.158816037999989,0.00651));
#12332=CARTESIAN_POINT('',(0.165837249,-0.153866287999989,0.00651));
#12333=CARTESIAN_POINT('',(0.165837249,-0.153866287999989,0.00501));
#12334=CARTESIAN_POINT('',(0.170786999,-0.158816037999989,0.00501));
#12335=CARTESIAN_POINT('',(0.170786999,-0.158816037999989,0.00651));
#12336=CARTESIAN_POINT('',(0.170786999,-0.158816037999989,0.00651));
#12337=CARTESIAN_POINT('',(0.165837249,-0.153866287999989,0.00651));
#12338=CARTESIAN_POINT('',(0.165837249,-0.163765787999989,0.00651));
#12339=CARTESIAN_POINT('',(0.165837249,-0.163765787999989,0.00501));
#12340=CARTESIAN_POINT('',(0.160887499,-0.168715537999989,0.00501));
#12341=CARTESIAN_POINT('',(0.160887499,-0.168715537999989,0.00651));
#12342=CARTESIAN_POINT('',(0.160887499,-0.168715537999989,0.00651));
#12343=CARTESIAN_POINT('',(0.165837249,-0.163765787999989,0.00651));
#12344=CARTESIAN_POINT('',(0.144628699,-0.127490587999989,0.00651));
#12345=CARTESIAN_POINT('',(0.144628699,-0.127490587999989,0.00501));
#12346=CARTESIAN_POINT('',(0.151390199,-0.129302337999989,0.00501));
#12347=CARTESIAN_POINT('',(0.137867199,-0.125678837999989,0.00501));
#12348=CARTESIAN_POINT('',(0.151390199,-0.129302337999989,0.00651));
#12349=CARTESIAN_POINT('',(0.151390199,-0.129302337999989,0.00651));
#12350=CARTESIAN_POINT('',(0.144628699,-0.127490587999989,0.00651));
#12351=CARTESIAN_POINT('',(0.137867199,-0.125678837999989,0.00651));
#12352=CARTESIAN_POINT('',(0.137867199,-0.125678837999989,0.00651));
#12353=CARTESIAN_POINT('',(0.149578449,-0.136063787999989,0.00651));
#12354=CARTESIAN_POINT('',(0.149578449,-0.136063787999989,0.00501));
#12355=CARTESIAN_POINT('',(0.147766699,-0.142825237999989,0.00501));
#12356=CARTESIAN_POINT('',(0.147766699,-0.142825237999989,0.00651));
#12357=CARTESIAN_POINT('',(0.147766699,-0.142825237999989,0.00651));
#12358=CARTESIAN_POINT('',(0.149578449,-0.136063787999989,0.00651));
#12359=CARTESIAN_POINT('',(0.141005199,-0.141013537999989,0.00651));
#12360=CARTESIAN_POINT('',(0.141005199,-0.141013537999989,0.00501));
#12361=CARTESIAN_POINT('',(0.134243699,-0.139201837999989,0.00501));
#12362=CARTESIAN_POINT('',(0.134243699,-0.139201837999989,0.00651));
#12363=CARTESIAN_POINT('',(0.134243699,-0.139201837999989,0.00651));
#12364=CARTESIAN_POINT('',(0.141005199,-0.141013537999989,0.00651));
#12365=CARTESIAN_POINT('',(0.116697099,-0.139728337999989,0.00651));
#12366=CARTESIAN_POINT('',(0.116697099,-0.139728337999989,0.00501));
#12367=CARTESIAN_POINT('',(0.123458599,-0.141540037999989,0.00501));
#12368=CARTESIAN_POINT('',(0.109935599,-0.137916637999989,0.00501));
#12369=CARTESIAN_POINT('',(0.123458599,-0.141540037999989,0.00651));
#12370=CARTESIAN_POINT('',(0.123458599,-0.141540037999989,0.00651));
#12371=CARTESIAN_POINT('',(0.116697099,-0.139728337999989,0.00651));
#12372=CARTESIAN_POINT('',(0.109935599,-0.137916637999989,0.00651));
#12373=CARTESIAN_POINT('',(0.109935599,-0.137916637999989,0.00651));
#12374=CARTESIAN_POINT('',(0.121646849,-0.148301537999989,0.00651));
#12375=CARTESIAN_POINT('',(0.121646849,-0.148301537999989,0.00501));
#12376=CARTESIAN_POINT('',(0.119835099,-0.155063037999989,0.00501));
#12377=CARTESIAN_POINT('',(0.119835099,-0.155063037999989,0.00651));
#12378=CARTESIAN_POINT('',(0.119835099,-0.155063037999989,0.00651));
#12379=CARTESIAN_POINT('',(0.121646849,-0.148301537999989,0.00651));
#12380=CARTESIAN_POINT('',(0.113073599,-0.153251287999989,0.00651));
#12381=CARTESIAN_POINT('',(0.113073599,-0.153251287999989,0.00501));
#12382=CARTESIAN_POINT('',(0.106312099,-0.151439537999989,0.00501));
#12383=CARTESIAN_POINT('',(0.106312099,-0.151439537999989,0.00651));
#12384=CARTESIAN_POINT('',(0.106312099,-0.151439537999989,0.00651));
#12385=CARTESIAN_POINT('',(0.113073599,-0.153251287999989,0.00651));
#12386=CARTESIAN_POINT('',(0.133865349,-0.149259087999989,0.00651));
#12387=CARTESIAN_POINT('',(0.133865349,-0.149259087999989,0.00501));
#12388=CARTESIAN_POINT('',(0.140626799,-0.151070837999989,0.00501));
#12389=CARTESIAN_POINT('',(0.127103899,-0.147447337999989,0.00501));
#12390=CARTESIAN_POINT('',(0.140626799,-0.151070837999989,0.00651));
#12391=CARTESIAN_POINT('',(0.140626799,-0.151070837999989,0.00651));
#12392=CARTESIAN_POINT('',(0.133865349,-0.149259087999989,0.00651));
#12393=CARTESIAN_POINT('',(0.127103899,-0.147447337999989,0.00651));
#12394=CARTESIAN_POINT('',(0.127103899,-0.147447337999989,0.00651));
#12395=CARTESIAN_POINT('',(0.138815049,-0.157832287999989,0.00651));
#12396=CARTESIAN_POINT('',(0.138815049,-0.157832287999989,0.00501));
#12397=CARTESIAN_POINT('',(0.137003299,-0.164593737999989,0.00501));
#12398=CARTESIAN_POINT('',(0.137003299,-0.164593737999989,0.00651));
#12399=CARTESIAN_POINT('',(0.137003299,-0.164593737999989,0.00651));
#12400=CARTESIAN_POINT('',(0.138815049,-0.157832287999989,0.00651));
#12401=CARTESIAN_POINT('',(0.130241849,-0.162782037999989,0.00651));
#12402=CARTESIAN_POINT('',(0.130241849,-0.162782037999989,0.00501));
#12403=CARTESIAN_POINT('',(0.123480399,-0.160970337999989,0.00501));
#12404=CARTESIAN_POINT('',(0.123480399,-0.160970337999989,0.00651));
#12405=CARTESIAN_POINT('',(0.123480399,-0.160970337999989,0.00651));
#12406=CARTESIAN_POINT('',(0.130241849,-0.162782037999989,0.00651));
#12407=CARTESIAN_POINT('',(0.121377999,-0.067056087999989,0.00651));
#12408=CARTESIAN_POINT('',(0.121377999,-0.067056087999989,0.00501));
#12409=CARTESIAN_POINT('',(0.114616499,-0.065244337999989,0.00501));
#12410=CARTESIAN_POINT('',(0.128139499,-0.068867837999989,0.00501));
#12411=CARTESIAN_POINT('',(0.114616499,-0.065244337999989,0.00651));
#12412=CARTESIAN_POINT('',(0.114616499,-0.065244337999989,0.00651));
#12413=CARTESIAN_POINT('',(0.121377999,-0.067056087999989,0.00651));
#12414=CARTESIAN_POINT('',(0.128139499,-0.068867837999989,0.00651));
#12415=CARTESIAN_POINT('',(0.128139499,-0.068867837999989,0.00651));
#12416=CARTESIAN_POINT('',(0.116428249,-0.058482887999989,0.00651));
#12417=CARTESIAN_POINT('',(0.116428249,-0.058482887999989,0.00501));
#12418=CARTESIAN_POINT('',(0.118239999,-0.051721437999989,0.00501));
#12419=CARTESIAN_POINT('',(0.118239999,-0.051721437999989,0.00651));
#12420=CARTESIAN_POINT('',(0.118239999,-0.051721437999989,0.00651));
#12421=CARTESIAN_POINT('',(0.116428249,-0.058482887999989,0.00651));
#12422=CARTESIAN_POINT('',(0.125001499,-0.053533137999989,0.00651));
#12423=CARTESIAN_POINT('',(0.125001499,-0.053533137999989,0.00501));
#12424=CARTESIAN_POINT('',(0.131762999,-0.055344837999989,0.00501));
#12425=CARTESIAN_POINT('',(0.131762999,-0.055344837999989,0.00651));
#12426=CARTESIAN_POINT('',(0.131762999,-0.055344837999989,0.00651));
#12427=CARTESIAN_POINT('',(0.125001499,-0.053533137999989,0.00651));
#12428=CARTESIAN_POINT('',(0.116447499,-0.085456987999989,0.00651));
#12429=CARTESIAN_POINT('',(0.116447499,-0.085456987999989,0.00501));
#12430=CARTESIAN_POINT('',(0.109685999,-0.083645237999989,0.00501));
#12431=CARTESIAN_POINT('',(0.123208999,-0.087268737999989,0.00501));
#12432=CARTESIAN_POINT('',(0.109685999,-0.083645237999989,0.00651));
#12433=CARTESIAN_POINT('',(0.109685999,-0.083645237999989,0.00651));
#12434=CARTESIAN_POINT('',(0.116447499,-0.085456987999989,0.00651));
#12435=CARTESIAN_POINT('',(0.123208999,-0.087268737999989,0.00651));
#12436=CARTESIAN_POINT('',(0.123208999,-0.087268737999989,0.00651));
#12437=CARTESIAN_POINT('',(0.111497749,-0.076883787999989,0.00651));
#12438=CARTESIAN_POINT('',(0.111497749,-0.076883787999989,0.00501));
#12439=CARTESIAN_POINT('',(0.113309499,-0.070122337999989,0.00501));
#12440=CARTESIAN_POINT('',(0.113309499,-0.070122337999989,0.00651));
#12441=CARTESIAN_POINT('',(0.113309499,-0.070122337999989,0.00651));
#12442=CARTESIAN_POINT('',(0.111497749,-0.076883787999989,0.00651));
#12443=CARTESIAN_POINT('',(0.120070999,-0.071934037999989,0.00651));
#12444=CARTESIAN_POINT('',(0.120070999,-0.071934037999989,0.00501));
#12445=CARTESIAN_POINT('',(0.126832499,-0.073745737999989,0.00501));
#12446=CARTESIAN_POINT('',(0.126832499,-0.073745737999989,0.00651));
#12447=CARTESIAN_POINT('',(0.126832499,-0.073745737999989,0.00651));
#12448=CARTESIAN_POINT('',(0.120070999,-0.071934037999989,0.00651));
#12449=CARTESIAN_POINT('',(0.111516999,-0.103857887999989,0.00651));
#12450=CARTESIAN_POINT('',(0.111516999,-0.103857887999989,0.00501));
#12451=CARTESIAN_POINT('',(0.104755499,-0.102046137999989,0.00501));
#12452=CARTESIAN_POINT('',(0.118278499,-0.105669637999989,0.00501));
#12453=CARTESIAN_POINT('',(0.104755499,-0.102046137999989,0.00651));
#12454=CARTESIAN_POINT('',(0.104755499,-0.102046137999989,0.00651));
#12455=CARTESIAN_POINT('',(0.111516999,-0.103857887999989,0.00651));
#12456=CARTESIAN_POINT('',(0.118278499,-0.105669637999989,0.00651));
#12457=CARTESIAN_POINT('',(0.118278499,-0.105669637999989,0.00651));
#12458=CARTESIAN_POINT('',(0.106567249,-0.095284687999989,0.00651));
#12459=CARTESIAN_POINT('',(0.106567249,-0.095284687999989,0.00501));
#12460=CARTESIAN_POINT('',(0.108378999,-0.088523237999989,0.00501));
#12461=CARTESIAN_POINT('',(0.108378999,-0.088523237999989,0.00651));
#12462=CARTESIAN_POINT('',(0.108378999,-0.088523237999989,0.00651));
#12463=CARTESIAN_POINT('',(0.106567249,-0.095284687999989,0.00651));
#12464=CARTESIAN_POINT('',(0.115140499,-0.090334937999989,0.00651));
#12465=CARTESIAN_POINT('',(0.115140499,-0.090334937999989,0.00501));
#12466=CARTESIAN_POINT('',(0.121901999,-0.092146637999989,0.00501));
#12467=CARTESIAN_POINT('',(0.121901999,-0.092146637999989,0.00651));
#12468=CARTESIAN_POINT('',(0.121901999,-0.092146637999989,0.00651));
#12469=CARTESIAN_POINT('',(0.115140499,-0.090334937999989,0.00651));
#12470=CARTESIAN_POINT('',(0.101636749,-0.113685537999989,0.00651));
#12471=CARTESIAN_POINT('',(0.101636749,-0.113685537999989,0.00501));
#12472=CARTESIAN_POINT('',(0.103448499,-0.106924037999989,0.00501));
#12473=CARTESIAN_POINT('',(0.099824999,-0.120447037999989,0.00501));
#12474=CARTESIAN_POINT('',(0.103448499,-0.106924037999989,0.00651));
#12475=CARTESIAN_POINT('',(0.103448499,-0.106924037999989,0.00651));
#12476=CARTESIAN_POINT('',(0.101636749,-0.113685537999989,0.00651));
#12477=CARTESIAN_POINT('',(0.099824999,-0.120447037999989,0.00651));
#12478=CARTESIAN_POINT('',(0.099824999,-0.120447037999989,0.00651));
#12479=CARTESIAN_POINT('',(0.110209999,-0.108735787999989,0.00651));
#12480=CARTESIAN_POINT('',(0.110209999,-0.108735787999989,0.00501));
#12481=CARTESIAN_POINT('',(0.116971499,-0.110547537999989,0.00501));
#12482=CARTESIAN_POINT('',(0.116971499,-0.110547537999989,0.00651));
#12483=CARTESIAN_POINT('',(0.116971499,-0.110547537999989,0.00651));
#12484=CARTESIAN_POINT('',(0.110209999,-0.108735787999989,0.00651));
#12485=CARTESIAN_POINT('',(0.115159749,-0.117309037999989,0.00651));
#12486=CARTESIAN_POINT('',(0.115159749,-0.117309037999989,0.00501));
#12487=CARTESIAN_POINT('',(0.113347999,-0.124070537999989,0.00501));
#12488=CARTESIAN_POINT('',(0.113347999,-0.124070537999989,0.00651));
#12489=CARTESIAN_POINT('',(0.113347999,-0.124070537999989,0.00651));
#12490=CARTESIAN_POINT('',(0.115159749,-0.117309037999989,0.00651));
#12491=CARTESIAN_POINT('',(0.132390899,-0.099558987999989,0.00651));
#12492=CARTESIAN_POINT('',(0.132390899,-0.099558987999989,0.00501));
#12493=CARTESIAN_POINT('',(0.139152399,-0.101370737999989,0.00501));
#12494=CARTESIAN_POINT('',(0.125629399,-0.097747237999989,0.00501));
#12495=CARTESIAN_POINT('',(0.139152399,-0.101370737999989,0.00651));
#12496=CARTESIAN_POINT('',(0.139152399,-0.101370737999989,0.00651));
#12497=CARTESIAN_POINT('',(0.132390899,-0.099558987999989,0.00651));
#12498=CARTESIAN_POINT('',(0.125629399,-0.097747237999989,0.00651));
#12499=CARTESIAN_POINT('',(0.125629399,-0.097747237999989,0.00651));
#12500=CARTESIAN_POINT('',(0.137340649,-0.108132187999989,0.00651));
#12501=CARTESIAN_POINT('',(0.137340649,-0.108132187999989,0.00501));
#12502=CARTESIAN_POINT('',(0.135528899,-0.114893637999989,0.00501));
#12503=CARTESIAN_POINT('',(0.135528899,-0.114893637999989,0.00651));
#12504=CARTESIAN_POINT('',(0.135528899,-0.114893637999989,0.00651));
#12505=CARTESIAN_POINT('',(0.137340649,-0.108132187999989,0.00651));
#12506=CARTESIAN_POINT('',(0.128767449,-0.113081937999989,0.00651));
#12507=CARTESIAN_POINT('',(0.128767449,-0.113081937999989,0.00501));
#12508=CARTESIAN_POINT('',(0.122005999,-0.111270237999989,0.00501));
#12509=CARTESIAN_POINT('',(0.122005999,-0.111270237999989,0.00651));
#12510=CARTESIAN_POINT('',(0.122005999,-0.111270237999989,0.00651));
#12511=CARTESIAN_POINT('',(0.128767449,-0.113081937999989,0.00651));
#12512=CARTESIAN_POINT('',(0.137321399,-0.081158087999989,0.00651));
#12513=CARTESIAN_POINT('',(0.137321399,-0.081158087999989,0.00501));
#12514=CARTESIAN_POINT('',(0.144082899,-0.082969837999989,0.00501));
#12515=CARTESIAN_POINT('',(0.130559899,-0.079346337999989,0.00501));
#12516=CARTESIAN_POINT('',(0.144082899,-0.082969837999989,0.00651));
#12517=CARTESIAN_POINT('',(0.144082899,-0.082969837999989,0.00651));
#12518=CARTESIAN_POINT('',(0.137321399,-0.081158087999989,0.00651));
#12519=CARTESIAN_POINT('',(0.130559899,-0.079346337999989,0.00651));
#12520=CARTESIAN_POINT('',(0.130559899,-0.079346337999989,0.00651));
#12521=CARTESIAN_POINT('',(0.142271149,-0.089731287999989,0.00651));
#12522=CARTESIAN_POINT('',(0.142271149,-0.089731287999989,0.00501));
#12523=CARTESIAN_POINT('',(0.140459399,-0.096492737999989,0.00501));
#12524=CARTESIAN_POINT('',(0.140459399,-0.096492737999989,0.00651));
#12525=CARTESIAN_POINT('',(0.140459399,-0.096492737999989,0.00651));
#12526=CARTESIAN_POINT('',(0.142271149,-0.089731287999989,0.00651));
#12527=CARTESIAN_POINT('',(0.133697949,-0.094681037999989,0.00651));
#12528=CARTESIAN_POINT('',(0.133697949,-0.094681037999989,0.00501));
#12529=CARTESIAN_POINT('',(0.126936499,-0.092869337999989,0.00501));
#12530=CARTESIAN_POINT('',(0.126936499,-0.092869337999989,0.00651));
#12531=CARTESIAN_POINT('',(0.126936499,-0.092869337999989,0.00651));
#12532=CARTESIAN_POINT('',(0.133697949,-0.094681037999989,0.00651));
#12533=CARTESIAN_POINT('',(0.142251899,-0.062757187999989,0.00651));
#12534=CARTESIAN_POINT('',(0.142251899,-0.062757187999989,0.00501));
#12535=CARTESIAN_POINT('',(0.149013399,-0.064568937999989,0.00501));
#12536=CARTESIAN_POINT('',(0.135490399,-0.060945437999989,0.00501));
#12537=CARTESIAN_POINT('',(0.149013399,-0.064568937999989,0.00651));
#12538=CARTESIAN_POINT('',(0.149013399,-0.064568937999989,0.00651));
#12539=CARTESIAN_POINT('',(0.142251899,-0.062757187999989,0.00651));
#12540=CARTESIAN_POINT('',(0.135490399,-0.060945437999989,0.00651));
#12541=CARTESIAN_POINT('',(0.135490399,-0.060945437999989,0.00651));
#12542=CARTESIAN_POINT('',(0.147201649,-0.071330437999989,0.00651));
#12543=CARTESIAN_POINT('',(0.147201649,-0.071330437999989,0.00501));
#12544=CARTESIAN_POINT('',(0.145389899,-0.078091937999989,0.00501));
#12545=CARTESIAN_POINT('',(0.145389899,-0.078091937999989,0.00651));
#12546=CARTESIAN_POINT('',(0.145389899,-0.078091937999989,0.00651));
#12547=CARTESIAN_POINT('',(0.147201649,-0.071330437999989,0.00651));
#12548=CARTESIAN_POINT('',(0.138628449,-0.076280187999989,0.00651));
#12549=CARTESIAN_POINT('',(0.138628449,-0.076280187999989,0.00501));
#12550=CARTESIAN_POINT('',(0.131866999,-0.074468437999989,0.00501));
#12551=CARTESIAN_POINT('',(0.131866999,-0.074468437999989,0.00651));
#12552=CARTESIAN_POINT('',(0.131866999,-0.074468437999989,0.00651));
#12553=CARTESIAN_POINT('',(0.138628449,-0.076280187999989,0.00651));
#12554=CARTESIAN_POINT('',(0.290476349,-0.104325087999989,0.00651));
#12555=CARTESIAN_POINT('',(0.290476349,-0.104325087999989,0.00501));
#12556=CARTESIAN_POINT('',(0.292288099,-0.111086537999989,0.00501));
#12557=CARTESIAN_POINT('',(0.288664599,-0.097563637999989,0.00501));
#12558=CARTESIAN_POINT('',(0.292288099,-0.111086537999989,0.00651));
#12559=CARTESIAN_POINT('',(0.292288099,-0.111086537999989,0.00651));
#12560=CARTESIAN_POINT('',(0.290476349,-0.104325087999989,0.00651));
#12561=CARTESIAN_POINT('',(0.288664599,-0.097563637999989,0.00651));
#12562=CARTESIAN_POINT('',(0.288664599,-0.097563637999989,0.00651));
#12563=CARTESIAN_POINT('',(0.285526599,-0.112898287999989,0.00651));
#12564=CARTESIAN_POINT('',(0.285526599,-0.112898287999989,0.00501));
#12565=CARTESIAN_POINT('',(0.278765099,-0.114710037999989,0.00501));
#12566=CARTESIAN_POINT('',(0.278765099,-0.114710037999989,0.00651));
#12567=CARTESIAN_POINT('',(0.278765099,-0.114710037999989,0.00651));
#12568=CARTESIAN_POINT('',(0.285526599,-0.112898287999989,0.00651));
#12569=CARTESIAN_POINT('',(0.276953349,-0.107948537999989,0.00651));
#12570=CARTESIAN_POINT('',(0.276953349,-0.107948537999989,0.00501));
#12571=CARTESIAN_POINT('',(0.275141599,-0.101187037999989,0.00501));
#12572=CARTESIAN_POINT('',(0.275141599,-0.101187037999989,0.00651));
#12573=CARTESIAN_POINT('',(0.275141599,-0.101187037999989,0.00651));
#12574=CARTESIAN_POINT('',(0.276953349,-0.107948537999989,0.00651));
#12575=CARTESIAN_POINT('',(0.302694799,-0.103367587999989,0.00651));
#12576=CARTESIAN_POINT('',(0.302694799,-0.103367587999989,0.00501));
#12577=CARTESIAN_POINT('',(0.295933299,-0.105179337999989,0.00501));
#12578=CARTESIAN_POINT('',(0.309456299,-0.101555837999989,0.00501));
#12579=CARTESIAN_POINT('',(0.295933299,-0.105179337999989,0.00651));
#12580=CARTESIAN_POINT('',(0.295933299,-0.105179337999989,0.00651));
#12581=CARTESIAN_POINT('',(0.302694799,-0.103367587999989,0.00651));
#12582=CARTESIAN_POINT('',(0.309456299,-0.101555837999989,0.00651));
#12583=CARTESIAN_POINT('',(0.309456299,-0.101555837999989,0.00651));
#12584=CARTESIAN_POINT('',(0.294121599,-0.098417837999989,0.00651));
#12585=CARTESIAN_POINT('',(0.294121599,-0.098417837999989,0.00501));
#12586=CARTESIAN_POINT('',(0.292309899,-0.091656337999989,0.00501));
#12587=CARTESIAN_POINT('',(0.292309899,-0.091656337999989,0.00651));
#12588=CARTESIAN_POINT('',(0.292309899,-0.091656337999989,0.00651));
#12589=CARTESIAN_POINT('',(0.294121599,-0.098417837999989,0.00651));
#12590=CARTESIAN_POINT('',(0.299071349,-0.089844587999989,0.00651));
#12591=CARTESIAN_POINT('',(0.299071349,-0.089844587999989,0.00501));
#12592=CARTESIAN_POINT('',(0.305832799,-0.088032837999989,0.00501));
#12593=CARTESIAN_POINT('',(0.305832799,-0.088032837999989,0.00651));
#12594=CARTESIAN_POINT('',(0.305832799,-0.088032837999989,0.00651));
#12595=CARTESIAN_POINT('',(0.299071349,-0.089844587999989,0.00651));
#12596=CARTESIAN_POINT('',(0.273288799,-0.140829887999989,0.00651));
#12597=CARTESIAN_POINT('',(0.273288799,-0.140829887999989,0.00501));
#12598=CARTESIAN_POINT('',(0.266527299,-0.142641637999989,0.00501));
#12599=CARTESIAN_POINT('',(0.280050299,-0.139018137999989,0.00501));
#12600=CARTESIAN_POINT('',(0.266527299,-0.142641637999989,0.00651));
#12601=CARTESIAN_POINT('',(0.266527299,-0.142641637999989,0.00651));
#12602=CARTESIAN_POINT('',(0.273288799,-0.140829887999989,0.00651));
#12603=CARTESIAN_POINT('',(0.280050299,-0.139018137999989,0.00651));
#12604=CARTESIAN_POINT('',(0.280050299,-0.139018137999989,0.00651));
#12605=CARTESIAN_POINT('',(0.264715599,-0.135880137999989,0.00651));
#12606=CARTESIAN_POINT('',(0.264715599,-0.135880137999989,0.00501));
#12607=CARTESIAN_POINT('',(0.262903899,-0.129118637999989,0.00501));
#12608=CARTESIAN_POINT('',(0.262903899,-0.129118637999989,0.00651));
#12609=CARTESIAN_POINT('',(0.262903899,-0.129118637999989,0.00651));
#12610=CARTESIAN_POINT('',(0.264715599,-0.135880137999989,0.00651));
#12611=CARTESIAN_POINT('',(0.269665349,-0.127306937999989,0.00651));
#12612=CARTESIAN_POINT('',(0.269665349,-0.127306937999989,0.00501));
#12613=CARTESIAN_POINT('',(0.276426799,-0.125495237999989,0.00501));
#12614=CARTESIAN_POINT('',(0.276426799,-0.125495237999989,0.00651));
#12615=CARTESIAN_POINT('',(0.276426799,-0.125495237999989,0.00651));
#12616=CARTESIAN_POINT('',(0.269665349,-0.127306937999989,0.00651));
#12617=CARTESIAN_POINT('',(0.249924099,-0.080677487999989,0.00651));
#12618=CARTESIAN_POINT('',(0.249924099,-0.080677487999989,0.00501));
#12619=CARTESIAN_POINT('',(0.248112399,-0.073916037999989,0.00501));
#12620=CARTESIAN_POINT('',(0.251735799,-0.087438937999989,0.00501));
#12621=CARTESIAN_POINT('',(0.248112399,-0.073916037999989,0.00651));
#12622=CARTESIAN_POINT('',(0.248112399,-0.073916037999989,0.00651));
#12623=CARTESIAN_POINT('',(0.249924099,-0.080677487999989,0.00651));
#12624=CARTESIAN_POINT('',(0.251735799,-0.087438937999989,0.00651));
#12625=CARTESIAN_POINT('',(0.251735799,-0.087438937999989,0.00651));
#12626=CARTESIAN_POINT('',(0.254873849,-0.072104287999989,0.00651));
#12627=CARTESIAN_POINT('',(0.254873849,-0.072104287999989,0.00501));
#12628=CARTESIAN_POINT('',(0.261635299,-0.070292537999989,0.00501));
#12629=CARTESIAN_POINT('',(0.261635299,-0.070292537999989,0.00651));
#12630=CARTESIAN_POINT('',(0.261635299,-0.070292537999989,0.00651));
#12631=CARTESIAN_POINT('',(0.254873849,-0.072104287999989,0.00651));
#12632=CARTESIAN_POINT('',(0.263447049,-0.077054037999989,0.00651));
#12633=CARTESIAN_POINT('',(0.263447049,-0.077054037999989,0.00501));
#12634=CARTESIAN_POINT('',(0.265258799,-0.083815537999989,0.00501));
#12635=CARTESIAN_POINT('',(0.265258799,-0.083815537999989,0.00651));
#12636=CARTESIAN_POINT('',(0.265258799,-0.083815537999989,0.00651));
#12637=CARTESIAN_POINT('',(0.263447049,-0.077054037999989,0.00651));
#12638=CARTESIAN_POINT('',(0.286833599,-0.117776237999989,0.00651));
#12639=CARTESIAN_POINT('',(0.286833599,-0.117776237999989,0.00501));
#12640=CARTESIAN_POINT('',(0.293595099,-0.115964537999989,0.00501));
#12641=CARTESIAN_POINT('',(0.280072099,-0.119587937999989,0.00501));
#12642=CARTESIAN_POINT('',(0.293595099,-0.115964537999989,0.00651));
#12643=CARTESIAN_POINT('',(0.293595099,-0.115964537999989,0.00651));
#12644=CARTESIAN_POINT('',(0.286833599,-0.117776237999989,0.00651));
#12645=CARTESIAN_POINT('',(0.280072099,-0.119587937999989,0.00651));
#12646=CARTESIAN_POINT('',(0.280072099,-0.119587937999989,0.00651));
#12647=CARTESIAN_POINT('',(0.295406849,-0.122725987999989,0.00651));
#12648=CARTESIAN_POINT('',(0.295406849,-0.122725987999989,0.00501));
#12649=CARTESIAN_POINT('',(0.297218599,-0.129487437999989,0.00501));
#12650=CARTESIAN_POINT('',(0.297218599,-0.129487437999989,0.00651));
#12651=CARTESIAN_POINT('',(0.297218599,-0.129487437999989,0.00651));
#12652=CARTESIAN_POINT('',(0.295406849,-0.122725987999989,0.00651));
#12653=CARTESIAN_POINT('',(0.290457099,-0.131299187999989,0.00651));
#12654=CARTESIAN_POINT('',(0.290457099,-0.131299187999989,0.00501));
#12655=CARTESIAN_POINT('',(0.283695599,-0.133110937999989,0.00501));
#12656=CARTESIAN_POINT('',(0.283695599,-0.133110937999989,0.00651));
#12657=CARTESIAN_POINT('',(0.283695599,-0.133110937999989,0.00651));
#12658=CARTESIAN_POINT('',(0.290457099,-0.131299187999989,0.00651));
#12659=CARTESIAN_POINT('',(0.312575049,-0.113195237999989,0.00651));
#12660=CARTESIAN_POINT('',(0.312575049,-0.113195237999989,0.00501));
#12661=CARTESIAN_POINT('',(0.314386799,-0.119956737999989,0.00501));
#12662=CARTESIAN_POINT('',(0.310763299,-0.106433737999989,0.00501));
#12663=CARTESIAN_POINT('',(0.314386799,-0.119956737999989,0.00651));
#12664=CARTESIAN_POINT('',(0.314386799,-0.119956737999989,0.00651));
#12665=CARTESIAN_POINT('',(0.312575049,-0.113195237999989,0.00651));
#12666=CARTESIAN_POINT('',(0.310763299,-0.106433737999989,0.00651));
#12667=CARTESIAN_POINT('',(0.310763299,-0.106433737999989,0.00651));
#12668=CARTESIAN_POINT('',(0.307625349,-0.121768487999989,0.00651));
#12669=CARTESIAN_POINT('',(0.307625349,-0.121768487999989,0.00501));
#12670=CARTESIAN_POINT('',(0.300863899,-0.123580237999989,0.00501));
#12671=CARTESIAN_POINT('',(0.300863899,-0.123580237999989,0.00651));
#12672=CARTESIAN_POINT('',(0.300863899,-0.123580237999989,0.00651));
#12673=CARTESIAN_POINT('',(0.307625349,-0.121768487999989,0.00651));
#12674=CARTESIAN_POINT('',(0.299052149,-0.116818737999989,0.00651));
#12675=CARTESIAN_POINT('',(0.299052149,-0.116818737999989,0.00501));
#12676=CARTESIAN_POINT('',(0.297240399,-0.110057237999989,0.00501));
#12677=CARTESIAN_POINT('',(0.297240399,-0.110057237999989,0.00651));
#12678=CARTESIAN_POINT('',(0.297240399,-0.110057237999989,0.00651));
#12679=CARTESIAN_POINT('',(0.299052149,-0.116818737999989,0.00651));
#12680=CARTESIAN_POINT('',(0.292823399,-0.149041587999989,0.00651));
#12681=CARTESIAN_POINT('',(0.292823399,-0.149041587999989,0.00501));
#12682=CARTESIAN_POINT('',(0.291011699,-0.142280137999989,0.00501));
#12683=CARTESIAN_POINT('',(0.294635099,-0.155803037999989,0.00501));
#12684=CARTESIAN_POINT('',(0.291011699,-0.142280137999989,0.00651));
#12685=CARTESIAN_POINT('',(0.291011699,-0.142280137999989,0.00651));
#12686=CARTESIAN_POINT('',(0.292823399,-0.149041587999989,0.00651));
#12687=CARTESIAN_POINT('',(0.294635099,-0.155803037999989,0.00651));
#12688=CARTESIAN_POINT('',(0.294635099,-0.155803037999989,0.00651));
#12689=CARTESIAN_POINT('',(0.297773149,-0.140468387999989,0.00651));
#12690=CARTESIAN_POINT('',(0.297773149,-0.140468387999989,0.00501));
#12691=CARTESIAN_POINT('',(0.304534599,-0.138656637999989,0.00501));
#12692=CARTESIAN_POINT('',(0.304534599,-0.138656637999989,0.00651));
#12693=CARTESIAN_POINT('',(0.304534599,-0.138656637999989,0.00651));
#12694=CARTESIAN_POINT('',(0.297773149,-0.140468387999989,0.00651));
#12695=CARTESIAN_POINT('',(0.306346349,-0.145418137999989,0.00651));
#12696=CARTESIAN_POINT('',(0.306346349,-0.145418137999989,0.00501));
#12697=CARTESIAN_POINT('',(0.308158099,-0.152179637999989,0.00501));
#12698=CARTESIAN_POINT('',(0.308158099,-0.152179637999989,0.00651));
#12699=CARTESIAN_POINT('',(0.308158099,-0.152179637999989,0.00651));
#12700=CARTESIAN_POINT('',(0.306346349,-0.145418137999989,0.00651));
#12701=CARTESIAN_POINT('',(0.280372099,-0.149794237999989,0.00651));
#12702=CARTESIAN_POINT('',(0.280372099,-0.149794237999989,0.00501));
#12703=CARTESIAN_POINT('',(0.287133599,-0.147982537999989,0.00501));
#12704=CARTESIAN_POINT('',(0.273610599,-0.151605937999989,0.00501));
#12705=CARTESIAN_POINT('',(0.287133599,-0.147982537999989,0.00651));
#12706=CARTESIAN_POINT('',(0.287133599,-0.147982537999989,0.00651));
#12707=CARTESIAN_POINT('',(0.280372099,-0.149794237999989,0.00651));
#12708=CARTESIAN_POINT('',(0.273610599,-0.151605937999989,0.00651));
#12709=CARTESIAN_POINT('',(0.273610599,-0.151605937999989,0.00651));
#12710=CARTESIAN_POINT('',(0.288945299,-0.154743987999989,0.00651));
#12711=CARTESIAN_POINT('',(0.288945299,-0.154743987999989,0.00501));
#12712=CARTESIAN_POINT('',(0.290756999,-0.161505437999989,0.00501));
#12713=CARTESIAN_POINT('',(0.290756999,-0.161505437999989,0.00651));
#12714=CARTESIAN_POINT('',(0.290756999,-0.161505437999989,0.00651));
#12715=CARTESIAN_POINT('',(0.288945299,-0.154743987999989,0.00651));
#12716=CARTESIAN_POINT('',(0.283995549,-0.163317187999989,0.00651));
#12717=CARTESIAN_POINT('',(0.283995549,-0.163317187999989,0.00501));
#12718=CARTESIAN_POINT('',(0.277234099,-0.165128937999989,0.00501));
#12719=CARTESIAN_POINT('',(0.277234099,-0.165128937999989,0.00651));
#12720=CARTESIAN_POINT('',(0.277234099,-0.165128937999989,0.00651));
#12721=CARTESIAN_POINT('',(0.283995549,-0.163317187999989,0.00651));
#12722=CARTESIAN_POINT('',(0.280615349,-0.067523287999989,0.00651));
#12723=CARTESIAN_POINT('',(0.280615349,-0.067523287999989,0.00501));
#12724=CARTESIAN_POINT('',(0.282427099,-0.074284737999989,0.00501));
#12725=CARTESIAN_POINT('',(0.278803599,-0.060761837999989,0.00501));
#12726=CARTESIAN_POINT('',(0.282427099,-0.074284737999989,0.00651));
#12727=CARTESIAN_POINT('',(0.282427099,-0.074284737999989,0.00651));
#12728=CARTESIAN_POINT('',(0.280615349,-0.067523287999989,0.00651));
#12729=CARTESIAN_POINT('',(0.278803599,-0.060761837999989,0.00651));
#12730=CARTESIAN_POINT('',(0.278803599,-0.060761837999989,0.00651));
#12731=CARTESIAN_POINT('',(0.275665599,-0.076096487999989,0.00651));
#12732=CARTESIAN_POINT('',(0.275665599,-0.076096487999989,0.00501));
#12733=CARTESIAN_POINT('',(0.268904099,-0.077908237999989,0.00501));
#12734=CARTESIAN_POINT('',(0.268904099,-0.077908237999989,0.00651));
#12735=CARTESIAN_POINT('',(0.268904099,-0.077908237999989,0.00651));
#12736=CARTESIAN_POINT('',(0.275665599,-0.076096487999989,0.00651));
#12737=CARTESIAN_POINT('',(0.267092349,-0.071146787999989,0.00651));
#12738=CARTESIAN_POINT('',(0.267092349,-0.071146787999989,0.00501));
#12739=CARTESIAN_POINT('',(0.265280599,-0.064385337999989,0.00501));
#12740=CARTESIAN_POINT('',(0.265280599,-0.064385337999989,0.00651));
#12741=CARTESIAN_POINT('',(0.265280599,-0.064385337999989,0.00651));
#12742=CARTESIAN_POINT('',(0.267092349,-0.071146787999989,0.00651));
#12743=CARTESIAN_POINT('',(0.292833849,-0.066565787999989,0.00651));
#12744=CARTESIAN_POINT('',(0.292833849,-0.066565787999989,0.00501));
#12745=CARTESIAN_POINT('',(0.286072399,-0.068377537999989,0.00501));
#12746=CARTESIAN_POINT('',(0.299595299,-0.064754037999989,0.00501));
#12747=CARTESIAN_POINT('',(0.286072399,-0.068377537999989,0.00651));
#12748=CARTESIAN_POINT('',(0.286072399,-0.068377537999989,0.00651));
#12749=CARTESIAN_POINT('',(0.292833849,-0.066565787999989,0.00651));
#12750=CARTESIAN_POINT('',(0.299595299,-0.064754037999989,0.00651));
#12751=CARTESIAN_POINT('',(0.299595299,-0.064754037999989,0.00651));
#12752=CARTESIAN_POINT('',(0.284260649,-0.061616037999989,0.00651));
#12753=CARTESIAN_POINT('',(0.284260649,-0.061616037999989,0.00501));
#12754=CARTESIAN_POINT('',(0.282448899,-0.054854537999989,0.00501));
#12755=CARTESIAN_POINT('',(0.282448899,-0.054854537999989,0.00651));
#12756=CARTESIAN_POINT('',(0.282448899,-0.054854537999989,0.00651));
#12757=CARTESIAN_POINT('',(0.284260649,-0.061616037999989,0.00651));
#12758=CARTESIAN_POINT('',(0.289210349,-0.053042837999989,0.00651));
#12759=CARTESIAN_POINT('',(0.289210349,-0.053042837999989,0.00501));
#12760=CARTESIAN_POINT('',(0.295971799,-0.051231137999989,0.00501));
#12761=CARTESIAN_POINT('',(0.295971799,-0.051231137999989,0.00651));
#12762=CARTESIAN_POINT('',(0.295971799,-0.051231137999989,0.00651));
#12763=CARTESIAN_POINT('',(0.289210349,-0.053042837999989,0.00651));
#12764=CARTESIAN_POINT('',(0.263427799,-0.104028137999989,0.00651));
#12765=CARTESIAN_POINT('',(0.263427799,-0.104028137999989,0.00501));
#12766=CARTESIAN_POINT('',(0.256666299,-0.105839837999989,0.00501));
#12767=CARTESIAN_POINT('',(0.270189299,-0.102216437999989,0.00501));
#12768=CARTESIAN_POINT('',(0.256666299,-0.105839837999989,0.00651));
#12769=CARTESIAN_POINT('',(0.256666299,-0.105839837999989,0.00651));
#12770=CARTESIAN_POINT('',(0.263427799,-0.104028137999989,0.00651));
#12771=CARTESIAN_POINT('',(0.270189299,-0.102216437999989,0.00651));
#12772=CARTESIAN_POINT('',(0.270189299,-0.102216437999989,0.00651));
#12773=CARTESIAN_POINT('',(0.254854599,-0.099078387999989,0.00651));
#12774=CARTESIAN_POINT('',(0.254854599,-0.099078387999989,0.00501));
#12775=CARTESIAN_POINT('',(0.253042899,-0.092316937999989,0.00501));
#12776=CARTESIAN_POINT('',(0.253042899,-0.092316937999989,0.00651));
#12777=CARTESIAN_POINT('',(0.253042899,-0.092316937999989,0.00651));
#12778=CARTESIAN_POINT('',(0.254854599,-0.099078387999989,0.00651));
#12779=CARTESIAN_POINT('',(0.259804349,-0.090505187999989,0.00651));
#12780=CARTESIAN_POINT('',(0.259804349,-0.090505187999989,0.00501));
#12781=CARTESIAN_POINT('',(0.266565799,-0.088693437999989,0.00501));
#12782=CARTESIAN_POINT('',(0.266565799,-0.088693437999989,0.00651));
#12783=CARTESIAN_POINT('',(0.266565799,-0.088693437999989,0.00651));
#12784=CARTESIAN_POINT('',(0.259804349,-0.090505187999989,0.00651));
#12785=CARTESIAN_POINT('',(0.268358299,-0.122428987999989,0.00651));
#12786=CARTESIAN_POINT('',(0.268358299,-0.122428987999989,0.00501));
#12787=CARTESIAN_POINT('',(0.261596799,-0.124240737999989,0.00501));
#12788=CARTESIAN_POINT('',(0.275119799,-0.120617237999989,0.00501));
#12789=CARTESIAN_POINT('',(0.261596799,-0.124240737999989,0.00651));
#12790=CARTESIAN_POINT('',(0.261596799,-0.124240737999989,0.00651));
#12791=CARTESIAN_POINT('',(0.268358299,-0.122428987999989,0.00651));
#12792=CARTESIAN_POINT('',(0.275119799,-0.120617237999989,0.00651));
#12793=CARTESIAN_POINT('',(0.275119799,-0.120617237999989,0.00651));
#12794=CARTESIAN_POINT('',(0.259785099,-0.117479287999989,0.00651));
#12795=CARTESIAN_POINT('',(0.259785099,-0.117479287999989,0.00501));
#12796=CARTESIAN_POINT('',(0.257973399,-0.110717837999989,0.00501));
#12797=CARTESIAN_POINT('',(0.257973399,-0.110717837999989,0.00651));
#12798=CARTESIAN_POINT('',(0.257973399,-0.110717837999989,0.00651));
#12799=CARTESIAN_POINT('',(0.259785099,-0.117479287999989,0.00651));
#12800=CARTESIAN_POINT('',(0.264734849,-0.108906087999989,0.00651));
#12801=CARTESIAN_POINT('',(0.264734849,-0.108906087999989,0.00501));
#12802=CARTESIAN_POINT('',(0.271496299,-0.107094337999989,0.00501));
#12803=CARTESIAN_POINT('',(0.271496299,-0.107094337999989,0.00651));
#12804=CARTESIAN_POINT('',(0.271496299,-0.107094337999989,0.00651));
#12805=CARTESIAN_POINT('',(0.264734849,-0.108906087999989,0.00651));
#12806=CARTESIAN_POINT('',(0.280596099,-0.094497387999989,0.00651));
#12807=CARTESIAN_POINT('',(0.280596099,-0.094497387999989,0.00501));
#12808=CARTESIAN_POINT('',(0.273834599,-0.096309137999989,0.00501));
#12809=CARTESIAN_POINT('',(0.287357599,-0.092685637999989,0.00501));
#12810=CARTESIAN_POINT('',(0.273834599,-0.096309137999989,0.00651));
#12811=CARTESIAN_POINT('',(0.273834599,-0.096309137999989,0.00651));
#12812=CARTESIAN_POINT('',(0.280596099,-0.094497387999989,0.00651));
#12813=CARTESIAN_POINT('',(0.287357599,-0.092685637999989,0.00651));
#12814=CARTESIAN_POINT('',(0.287357599,-0.092685637999989,0.00651));
#12815=CARTESIAN_POINT('',(0.272022849,-0.089547637999989,0.00651));
#12816=CARTESIAN_POINT('',(0.272022849,-0.089547637999989,0.00501));
#12817=CARTESIAN_POINT('',(0.270211099,-0.082786137999989,0.00501));
#12818=CARTESIAN_POINT('',(0.270211099,-0.082786137999989,0.00651));
#12819=CARTESIAN_POINT('',(0.270211099,-0.082786137999989,0.00651));
#12820=CARTESIAN_POINT('',(0.272022849,-0.089547637999989,0.00651));
#12821=CARTESIAN_POINT('',(0.276972599,-0.080974437999989,0.00651));
#12822=CARTESIAN_POINT('',(0.276972599,-0.080974437999989,0.00501));
#12823=CARTESIAN_POINT('',(0.283734099,-0.079162737999989,0.00501));
#12824=CARTESIAN_POINT('',(0.283734099,-0.079162737999989,0.00651));
#12825=CARTESIAN_POINT('',(0.283734099,-0.079162737999989,0.00651));
#12826=CARTESIAN_POINT('',(0.276972599,-0.080974437999989,0.00651));
#12827=CARTESIAN_POINT('',(0.294140849,-0.071443687999989,0.00651));
#12828=CARTESIAN_POINT('',(0.294140849,-0.071443687999989,0.00501));
#12829=CARTESIAN_POINT('',(0.300902299,-0.069631937999989,0.00501));
#12830=CARTESIAN_POINT('',(0.287379399,-0.073255437999989,0.00501));
#12831=CARTESIAN_POINT('',(0.300902299,-0.069631937999989,0.00651));
#12832=CARTESIAN_POINT('',(0.300902299,-0.069631937999989,0.00651));
#12833=CARTESIAN_POINT('',(0.294140849,-0.071443687999989,0.00651));
#12834=CARTESIAN_POINT('',(0.287379399,-0.073255437999989,0.00651));
#12835=CARTESIAN_POINT('',(0.287379399,-0.073255437999989,0.00651));
#12836=CARTESIAN_POINT('',(0.302714049,-0.076393437999989,0.00651));
#12837=CARTESIAN_POINT('',(0.302714049,-0.076393437999989,0.00501));
#12838=CARTESIAN_POINT('',(0.304525799,-0.083154937999989,0.00501));
#12839=CARTESIAN_POINT('',(0.304525799,-0.083154937999989,0.00651));
#12840=CARTESIAN_POINT('',(0.304525799,-0.083154937999989,0.00651));
#12841=CARTESIAN_POINT('',(0.302714049,-0.076393437999989,0.00651));
#12842=CARTESIAN_POINT('',(0.297764349,-0.084966687999989,0.00651));
#12843=CARTESIAN_POINT('',(0.297764349,-0.084966687999989,0.00501));
#12844=CARTESIAN_POINT('',(0.291002899,-0.086778437999989,0.00501));
#12845=CARTESIAN_POINT('',(0.291002899,-0.086778437999989,0.00651));
#12846=CARTESIAN_POINT('',(0.291002899,-0.086778437999989,0.00651));
#12847=CARTESIAN_POINT('',(0.297764349,-0.084966687999989,0.00651));
#12848=CARTESIAN_POINT('',(0.333407899,-0.070783187999989,0.00651));
#12849=CARTESIAN_POINT('',(0.333407899,-0.070783187999989,0.00501));
#12850=CARTESIAN_POINT('',(0.340169399,-0.068971437999989,0.00501));
#12851=CARTESIAN_POINT('',(0.326646399,-0.072594937999989,0.00501));
#12852=CARTESIAN_POINT('',(0.340169399,-0.068971437999989,0.00651));
#12853=CARTESIAN_POINT('',(0.340169399,-0.068971437999989,0.00651));
#12854=CARTESIAN_POINT('',(0.333407899,-0.070783187999989,0.00651));
#12855=CARTESIAN_POINT('',(0.326646399,-0.072594937999989,0.00651));
#12856=CARTESIAN_POINT('',(0.326646399,-0.072594937999989,0.00651));
#12857=CARTESIAN_POINT('',(0.341981099,-0.075732937999989,0.00651));
#12858=CARTESIAN_POINT('',(0.341981099,-0.075732937999989,0.00501));
#12859=CARTESIAN_POINT('',(0.343792799,-0.082494437999989,0.00501));
#12860=CARTESIAN_POINT('',(0.343792799,-0.082494437999989,0.00651));
#12861=CARTESIAN_POINT('',(0.343792799,-0.082494437999989,0.00651));
#12862=CARTESIAN_POINT('',(0.341981099,-0.075732937999989,0.00651));
#12863=CARTESIAN_POINT('',(0.337031349,-0.084306137999989,0.00651));
#12864=CARTESIAN_POINT('',(0.337031349,-0.084306137999989,0.00501));
#12865=CARTESIAN_POINT('',(0.330269899,-0.086117837999989,0.00501));
#12866=CARTESIAN_POINT('',(0.330269899,-0.086117837999989,0.00651));
#12867=CARTESIAN_POINT('',(0.330269899,-0.086117837999989,0.00651));
#12868=CARTESIAN_POINT('',(0.337031349,-0.084306137999989,0.00651));
#12869=CARTESIAN_POINT('',(0.346911599,-0.094133787999989,0.00651));
#12870=CARTESIAN_POINT('',(0.346911599,-0.094133787999989,0.00501));
#12871=CARTESIAN_POINT('',(0.348723299,-0.100895237999989,0.00501));
#12872=CARTESIAN_POINT('',(0.345099899,-0.087372337999989,0.00501));
#12873=CARTESIAN_POINT('',(0.348723299,-0.100895237999989,0.00651));
#12874=CARTESIAN_POINT('',(0.348723299,-0.100895237999989,0.00651));
#12875=CARTESIAN_POINT('',(0.346911599,-0.094133787999989,0.00651));
#12876=CARTESIAN_POINT('',(0.345099899,-0.087372337999989,0.00651));
#12877=CARTESIAN_POINT('',(0.345099899,-0.087372337999989,0.00651));
#12878=CARTESIAN_POINT('',(0.341961849,-0.102706987999989,0.00651));
#12879=CARTESIAN_POINT('',(0.341961849,-0.102706987999989,0.00501));
#12880=CARTESIAN_POINT('',(0.335200399,-0.104518737999989,0.00501));
#12881=CARTESIAN_POINT('',(0.335200399,-0.104518737999989,0.00651));
#12882=CARTESIAN_POINT('',(0.335200399,-0.104518737999989,0.00651));
#12883=CARTESIAN_POINT('',(0.341961849,-0.102706987999989,0.00651));
#12884=CARTESIAN_POINT('',(0.333388649,-0.097757237999989,0.00651));
#12885=CARTESIAN_POINT('',(0.333388649,-0.097757237999989,0.00501));
#12886=CARTESIAN_POINT('',(0.331576899,-0.090995737999989,0.00501));
#12887=CARTESIAN_POINT('',(0.331576899,-0.090995737999989,0.00651));
#12888=CARTESIAN_POINT('',(0.331576899,-0.090995737999989,0.00651));
#12889=CARTESIAN_POINT('',(0.333388649,-0.097757237999989,0.00651));
#12890=CARTESIAN_POINT('',(0.351842099,-0.112534687999989,0.00651));
#12891=CARTESIAN_POINT('',(0.351842099,-0.112534687999989,0.00501));
#12892=CARTESIAN_POINT('',(0.353653799,-0.119296137999989,0.00501));
#12893=CARTESIAN_POINT('',(0.350030399,-0.105773237999989,0.00501));
#12894=CARTESIAN_POINT('',(0.353653799,-0.119296137999989,0.00651));
#12895=CARTESIAN_POINT('',(0.353653799,-0.119296137999989,0.00651));
#12896=CARTESIAN_POINT('',(0.351842099,-0.112534687999989,0.00651));
#12897=CARTESIAN_POINT('',(0.350030399,-0.105773237999989,0.00651));
#12898=CARTESIAN_POINT('',(0.350030399,-0.105773237999989,0.00651));
#12899=CARTESIAN_POINT('',(0.346892349,-0.121107887999989,0.00651));
#12900=CARTESIAN_POINT('',(0.346892349,-0.121107887999989,0.00501));
#12901=CARTESIAN_POINT('',(0.340130899,-0.122919637999989,0.00501));
#12902=CARTESIAN_POINT('',(0.340130899,-0.122919637999989,0.00651));
#12903=CARTESIAN_POINT('',(0.340130899,-0.122919637999989,0.00651));
#12904=CARTESIAN_POINT('',(0.346892349,-0.121107887999989,0.00651));
#12905=CARTESIAN_POINT('',(0.338319149,-0.116158137999989,0.00651));
#12906=CARTESIAN_POINT('',(0.338319149,-0.116158137999989,0.00501));
#12907=CARTESIAN_POINT('',(0.336507399,-0.109396637999989,0.00501));
#12908=CARTESIAN_POINT('',(0.336507399,-0.109396637999989,0.00651));
#12909=CARTESIAN_POINT('',(0.336507399,-0.109396637999989,0.00651));
#12910=CARTESIAN_POINT('',(0.338319149,-0.116158137999989,0.00651));
#12911=CARTESIAN_POINT('',(0.384350349,-0.103824137999989,0.00651));
#12912=CARTESIAN_POINT('',(0.384350349,-0.103824137999989,0.00501));
#12913=CARTESIAN_POINT('',(0.386162099,-0.110585637999989,0.00501));
#12914=CARTESIAN_POINT('',(0.382538599,-0.097062637999989,0.00501));
#12915=CARTESIAN_POINT('',(0.386162099,-0.110585637999989,0.00651));
#12916=CARTESIAN_POINT('',(0.386162099,-0.110585637999989,0.00651));
#12917=CARTESIAN_POINT('',(0.384350349,-0.103824137999989,0.00651));
#12918=CARTESIAN_POINT('',(0.382538599,-0.097062637999989,0.00651));
#12919=CARTESIAN_POINT('',(0.382538599,-0.097062637999989,0.00651));
#12920=CARTESIAN_POINT('',(0.379400599,-0.112397337999989,0.00651));
#12921=CARTESIAN_POINT('',(0.379400599,-0.112397337999989,0.00501));
#12922=CARTESIAN_POINT('',(0.372639099,-0.114209037999989,0.00501));
#12923=CARTESIAN_POINT('',(0.372639099,-0.114209037999989,0.00651));
#12924=CARTESIAN_POINT('',(0.372639099,-0.114209037999989,0.00651));
#12925=CARTESIAN_POINT('',(0.379400599,-0.112397337999989,0.00651));
#12926=CARTESIAN_POINT('',(0.370827349,-0.107447587999989,0.00651));
#12927=CARTESIAN_POINT('',(0.370827349,-0.107447587999989,0.00501));
#12928=CARTESIAN_POINT('',(0.369015599,-0.100686137999989,0.00501));
#12929=CARTESIAN_POINT('',(0.369015599,-0.100686137999989,0.00651));
#12930=CARTESIAN_POINT('',(0.369015599,-0.100686137999989,0.00651));
#12931=CARTESIAN_POINT('',(0.370827349,-0.107447587999989,0.00651));
#12932=CARTESIAN_POINT('',(0.370846599,-0.080473487999989,0.00651));
#12933=CARTESIAN_POINT('',(0.370846599,-0.080473487999989,0.00501));
#12934=CARTESIAN_POINT('',(0.377608099,-0.078661737999989,0.00501));
#12935=CARTESIAN_POINT('',(0.364085099,-0.082285237999989,0.00501));
#12936=CARTESIAN_POINT('',(0.377608099,-0.078661737999989,0.00651));
#12937=CARTESIAN_POINT('',(0.377608099,-0.078661737999989,0.00651));
#12938=CARTESIAN_POINT('',(0.370846599,-0.080473487999989,0.00651));
#12939=CARTESIAN_POINT('',(0.364085099,-0.082285237999989,0.00651));
#12940=CARTESIAN_POINT('',(0.364085099,-0.082285237999989,0.00651));
#12941=CARTESIAN_POINT('',(0.379419849,-0.085423237999989,0.00651));
#12942=CARTESIAN_POINT('',(0.379419849,-0.085423237999989,0.00501));
#12943=CARTESIAN_POINT('',(0.381231599,-0.092184737999989,0.00501));
#12944=CARTESIAN_POINT('',(0.381231599,-0.092184737999989,0.00651));
#12945=CARTESIAN_POINT('',(0.381231599,-0.092184737999989,0.00651));
#12946=CARTESIAN_POINT('',(0.379419849,-0.085423237999989,0.00651));
#12947=CARTESIAN_POINT('',(0.374470099,-0.093996437999989,0.00651));
#12948=CARTESIAN_POINT('',(0.374470099,-0.093996437999989,0.00501));
#12949=CARTESIAN_POINT('',(0.367708599,-0.095808137999989,0.00501));
#12950=CARTESIAN_POINT('',(0.367708599,-0.095808137999989,0.00651));
#12951=CARTESIAN_POINT('',(0.367708599,-0.095808137999989,0.00651));
#12952=CARTESIAN_POINT('',(0.374470099,-0.093996437999989,0.00651));
#12953=CARTESIAN_POINT('',(0.365916099,-0.062072587999989,0.00651));
#12954=CARTESIAN_POINT('',(0.365916099,-0.062072587999989,0.00501));
#12955=CARTESIAN_POINT('',(0.372677599,-0.0602608379999889,0.00501));
#12956=CARTESIAN_POINT('',(0.359154599,-0.063884337999989,0.00501));
#12957=CARTESIAN_POINT('',(0.372677599,-0.0602608379999889,0.00651));
#12958=CARTESIAN_POINT('',(0.372677599,-0.0602608379999889,0.00651));
#12959=CARTESIAN_POINT('',(0.365916099,-0.062072587999989,0.00651));
#12960=CARTESIAN_POINT('',(0.359154599,-0.063884337999989,0.00651));
#12961=CARTESIAN_POINT('',(0.359154599,-0.063884337999989,0.00651));
#12962=CARTESIAN_POINT('',(0.374489349,-0.0670223379999889,0.00651));
#12963=CARTESIAN_POINT('',(0.374489349,-0.0670223379999889,0.00501));
#12964=CARTESIAN_POINT('',(0.376301099,-0.073783837999989,0.00501));
#12965=CARTESIAN_POINT('',(0.376301099,-0.073783837999989,0.00651));
#12966=CARTESIAN_POINT('',(0.376301099,-0.073783837999989,0.00651));
#12967=CARTESIAN_POINT('',(0.374489349,-0.0670223379999889,0.00651));
#12968=CARTESIAN_POINT('',(0.369539599,-0.075595587999989,0.00651));
#12969=CARTESIAN_POINT('',(0.369539599,-0.075595587999989,0.00501));
#12970=CARTESIAN_POINT('',(0.362778099,-0.077407337999989,0.00501));
#12971=CARTESIAN_POINT('',(0.362778099,-0.077407337999989,0.00651));
#12972=CARTESIAN_POINT('',(0.362778099,-0.077407337999989,0.00651));
#12973=CARTESIAN_POINT('',(0.369539599,-0.075595587999989,0.00651));
#12974=CARTESIAN_POINT('',(0.364609099,-0.057194687999989,0.00651));
#12975=CARTESIAN_POINT('',(0.364609099,-0.057194687999989,0.00501));
#12976=CARTESIAN_POINT('',(0.357847599,-0.0590064379999889,0.00501));
#12977=CARTESIAN_POINT('',(0.371370599,-0.055382937999989,0.00501));
#12978=CARTESIAN_POINT('',(0.357847599,-0.0590064379999889,0.00651));
#12979=CARTESIAN_POINT('',(0.357847599,-0.0590064379999889,0.00651));
#12980=CARTESIAN_POINT('',(0.364609099,-0.057194687999989,0.00651));
#12981=CARTESIAN_POINT('',(0.371370599,-0.055382937999989,0.00651));
#12982=CARTESIAN_POINT('',(0.371370599,-0.055382937999989,0.00651));
#12983=CARTESIAN_POINT('',(0.356035849,-0.0522449379999889,0.00651));
#12984=CARTESIAN_POINT('',(0.356035849,-0.0522449379999889,0.00501));
#12985=CARTESIAN_POINT('',(0.354224099,-0.045483437999989,0.00501));
#12986=CARTESIAN_POINT('',(0.354224099,-0.045483437999989,0.00651));
#12987=CARTESIAN_POINT('',(0.354224099,-0.045483437999989,0.00651));
#12988=CARTESIAN_POINT('',(0.356035849,-0.0522449379999889,0.00651));
#12989=CARTESIAN_POINT('',(0.360985599,-0.043671687999989,0.00651));
#12990=CARTESIAN_POINT('',(0.360985599,-0.043671687999989,0.00501));
#12991=CARTESIAN_POINT('',(0.367747099,-0.041859937999989,0.00501));
#12992=CARTESIAN_POINT('',(0.367747099,-0.041859937999989,0.00651));
#12993=CARTESIAN_POINT('',(0.367747099,-0.041859937999989,0.00651));
#12994=CARTESIAN_POINT('',(0.360985599,-0.043671687999989,0.00651));
#12995=CARTESIAN_POINT('',(0.258299649,-0.164300987999989,0.00651));
#12996=CARTESIAN_POINT('',(0.258299649,-0.164300987999989,0.00501));
#12997=CARTESIAN_POINT('',(0.253349899,-0.169250737999989,0.00501));
#12998=CARTESIAN_POINT('',(0.263249399,-0.159351237999989,0.00501));
#12999=CARTESIAN_POINT('',(0.253349899,-0.169250737999989,0.00651));
#13000=CARTESIAN_POINT('',(0.253349899,-0.169250737999989,0.00651));
#13001=CARTESIAN_POINT('',(0.258299649,-0.164300987999989,0.00651));
#13002=CARTESIAN_POINT('',(0.263249399,-0.159351237999989,0.00651));
#13003=CARTESIAN_POINT('',(0.263249399,-0.159351237999989,0.00651));
#13004=CARTESIAN_POINT('',(0.248400149,-0.164300987999989,0.00651));
#13005=CARTESIAN_POINT('',(0.248400149,-0.164300987999989,0.00501));
#13006=CARTESIAN_POINT('',(0.243450399,-0.159351237999989,0.00501));
#13007=CARTESIAN_POINT('',(0.243450399,-0.159351237999989,0.00651));
#13008=CARTESIAN_POINT('',(0.243450399,-0.159351237999989,0.00651));
#13009=CARTESIAN_POINT('',(0.248400149,-0.164300987999989,0.00651));
#13010=CARTESIAN_POINT('',(0.248400149,-0.154401487999989,0.00651));
#13011=CARTESIAN_POINT('',(0.248400149,-0.154401487999989,0.00501));
#13012=CARTESIAN_POINT('',(0.253349899,-0.149451737999989,0.00501));
#13013=CARTESIAN_POINT('',(0.253349899,-0.149451737999989,0.00651));
#13014=CARTESIAN_POINT('',(0.253349899,-0.149451737999989,0.00651));
#13015=CARTESIAN_POINT('',(0.248400149,-0.154401487999989,0.00651));
#13016=CARTESIAN_POINT('',(0.323635399,-0.107915187999989,0.00651));
#13017=CARTESIAN_POINT('',(0.323635399,-0.107915187999989,0.00501));
#13018=CARTESIAN_POINT('',(0.330396899,-0.106103437999989,0.00501));
#13019=CARTESIAN_POINT('',(0.316873899,-0.109726937999989,0.00501));
#13020=CARTESIAN_POINT('',(0.330396899,-0.106103437999989,0.00651));
#13021=CARTESIAN_POINT('',(0.330396899,-0.106103437999989,0.00651));
#13022=CARTESIAN_POINT('',(0.323635399,-0.107915187999989,0.00651));
#13023=CARTESIAN_POINT('',(0.316873899,-0.109726937999989,0.00651));
#13024=CARTESIAN_POINT('',(0.316873899,-0.109726937999989,0.00651));
#13025=CARTESIAN_POINT('',(0.332208599,-0.112864937999989,0.00651));
#13026=CARTESIAN_POINT('',(0.332208599,-0.112864937999989,0.00501));
#13027=CARTESIAN_POINT('',(0.334020299,-0.119626437999989,0.00501));
#13028=CARTESIAN_POINT('',(0.334020299,-0.119626437999989,0.00651));
#13029=CARTESIAN_POINT('',(0.334020299,-0.119626437999989,0.00651));
#13030=CARTESIAN_POINT('',(0.332208599,-0.112864937999989,0.00651));
#13031=CARTESIAN_POINT('',(0.327258849,-0.121438187999989,0.00651));
#13032=CARTESIAN_POINT('',(0.327258849,-0.121438187999989,0.00501));
#13033=CARTESIAN_POINT('',(0.320497399,-0.123249937999989,0.00501));
#13034=CARTESIAN_POINT('',(0.320497399,-0.123249937999989,0.00651));
#13035=CARTESIAN_POINT('',(0.320497399,-0.123249937999989,0.00651));
#13036=CARTESIAN_POINT('',(0.327258849,-0.121438187999989,0.00651));
#13037=CARTESIAN_POINT('',(0.327278099,-0.094464087999989,0.00651));
#13038=CARTESIAN_POINT('',(0.327278099,-0.094464087999989,0.00501));
#13039=CARTESIAN_POINT('',(0.329089799,-0.101225537999989,0.00501));
#13040=CARTESIAN_POINT('',(0.325466399,-0.087702637999989,0.00501));
#13041=CARTESIAN_POINT('',(0.329089799,-0.101225537999989,0.00651));
#13042=CARTESIAN_POINT('',(0.329089799,-0.101225537999989,0.00651));
#13043=CARTESIAN_POINT('',(0.327278099,-0.094464087999989,0.00651));
#13044=CARTESIAN_POINT('',(0.325466399,-0.087702637999989,0.00651));
#13045=CARTESIAN_POINT('',(0.325466399,-0.087702637999989,0.00651));
#13046=CARTESIAN_POINT('',(0.322328349,-0.103037287999989,0.00651));
#13047=CARTESIAN_POINT('',(0.322328349,-0.103037287999989,0.00501));
#13048=CARTESIAN_POINT('',(0.315566899,-0.104849037999989,0.00501));
#13049=CARTESIAN_POINT('',(0.315566899,-0.104849037999989,0.00651));
#13050=CARTESIAN_POINT('',(0.315566899,-0.104849037999989,0.00651));
#13051=CARTESIAN_POINT('',(0.322328349,-0.103037287999989,0.00651));
#13052=CARTESIAN_POINT('',(0.313755149,-0.098087537999989,0.00651));
#13053=CARTESIAN_POINT('',(0.313755149,-0.098087537999989,0.00501));
#13054=CARTESIAN_POINT('',(0.311943399,-0.091326037999989,0.00501));
#13055=CARTESIAN_POINT('',(0.311943399,-0.091326037999989,0.00651));
#13056=CARTESIAN_POINT('',(0.311943399,-0.091326037999989,0.00651));
#13057=CARTESIAN_POINT('',(0.313755149,-0.098087537999989,0.00651));
#13058=CARTESIAN_POINT('',(0.308824649,-0.079686637999989,0.00651));
#13059=CARTESIAN_POINT('',(0.308824649,-0.079686637999989,0.00501));
#13060=CARTESIAN_POINT('',(0.307012899,-0.072925137999989,0.00501));
#13061=CARTESIAN_POINT('',(0.310636399,-0.086448137999989,0.00501));
#13062=CARTESIAN_POINT('',(0.307012899,-0.072925137999989,0.00651));
#13063=CARTESIAN_POINT('',(0.307012899,-0.072925137999989,0.00651));
#13064=CARTESIAN_POINT('',(0.308824649,-0.079686637999989,0.00651));
#13065=CARTESIAN_POINT('',(0.310636399,-0.086448137999989,0.00651));
#13066=CARTESIAN_POINT('',(0.310636399,-0.086448137999989,0.00651));
#13067=CARTESIAN_POINT('',(0.313774399,-0.071113437999989,0.00651));
#13068=CARTESIAN_POINT('',(0.313774399,-0.071113437999989,0.00501));
#13069=CARTESIAN_POINT('',(0.320535899,-0.069301737999989,0.00501));
#13070=CARTESIAN_POINT('',(0.320535899,-0.069301737999989,0.00651));
#13071=CARTESIAN_POINT('',(0.320535899,-0.069301737999989,0.00651));
#13072=CARTESIAN_POINT('',(0.313774399,-0.071113437999989,0.00651));
#13073=CARTESIAN_POINT('',(0.322347599,-0.076063187999989,0.00651));
#13074=CARTESIAN_POINT('',(0.322347599,-0.076063187999989,0.00501));
#13075=CARTESIAN_POINT('',(0.324159299,-0.082824637999989,0.00501));
#13076=CARTESIAN_POINT('',(0.324159299,-0.082824637999989,0.00651));
#13077=CARTESIAN_POINT('',(0.324159299,-0.082824637999989,0.00651));
#13078=CARTESIAN_POINT('',(0.322347599,-0.076063187999989,0.00651));
#13079=CARTESIAN_POINT('',(0.317417099,-0.057662287999989,0.00651));
#13080=CARTESIAN_POINT('',(0.317417099,-0.057662287999989,0.00501));
#13081=CARTESIAN_POINT('',(0.319228799,-0.064423737999989,0.00501));
#13082=CARTESIAN_POINT('',(0.315605399,-0.050900837999989,0.00501));
#13083=CARTESIAN_POINT('',(0.319228799,-0.064423737999989,0.00651));
#13084=CARTESIAN_POINT('',(0.319228799,-0.064423737999989,0.00651));
#13085=CARTESIAN_POINT('',(0.317417099,-0.057662287999989,0.00651));
#13086=CARTESIAN_POINT('',(0.315605399,-0.050900837999989,0.00651));
#13087=CARTESIAN_POINT('',(0.315605399,-0.050900837999989,0.00651));
#13088=CARTESIAN_POINT('',(0.312467349,-0.066235487999989,0.00651));
#13089=CARTESIAN_POINT('',(0.312467349,-0.066235487999989,0.00501));
#13090=CARTESIAN_POINT('',(0.305705899,-0.068047237999989,0.00501));
#13091=CARTESIAN_POINT('',(0.305705899,-0.068047237999989,0.00651));
#13092=CARTESIAN_POINT('',(0.305705899,-0.068047237999989,0.00651));
#13093=CARTESIAN_POINT('',(0.312467349,-0.066235487999989,0.00651));
#13094=CARTESIAN_POINT('',(0.303894149,-0.061285737999989,0.00651));
#13095=CARTESIAN_POINT('',(0.303894149,-0.061285737999989,0.00501));
#13096=CARTESIAN_POINT('',(0.302082399,-0.054524237999989,0.00501));
#13097=CARTESIAN_POINT('',(0.302082399,-0.054524237999989,0.00651));
#13098=CARTESIAN_POINT('',(0.302082399,-0.054524237999989,0.00651));
#13099=CARTESIAN_POINT('',(0.303894149,-0.061285737999989,0.00651));
#13100=CARTESIAN_POINT('',(0.337050599,-0.057332037999989,0.00651));
#13101=CARTESIAN_POINT('',(0.337050599,-0.057332037999989,0.00501));
#13102=CARTESIAN_POINT('',(0.338862299,-0.064093537999989,0.00501));
#13103=CARTESIAN_POINT('',(0.335238899,-0.050570537999989,0.00501));
#13104=CARTESIAN_POINT('',(0.338862299,-0.064093537999989,0.00651));
#13105=CARTESIAN_POINT('',(0.338862299,-0.064093537999989,0.00651));
#13106=CARTESIAN_POINT('',(0.337050599,-0.057332037999989,0.00651));
#13107=CARTESIAN_POINT('',(0.335238899,-0.050570537999989,0.00651));
#13108=CARTESIAN_POINT('',(0.335238899,-0.050570537999989,0.00651));
#13109=CARTESIAN_POINT('',(0.332100849,-0.065905237999989,0.00651));
#13110=CARTESIAN_POINT('',(0.332100849,-0.065905237999989,0.00501));
#13111=CARTESIAN_POINT('',(0.325339399,-0.067716937999989,0.00501));
#13112=CARTESIAN_POINT('',(0.325339399,-0.067716937999989,0.00651));
#13113=CARTESIAN_POINT('',(0.325339399,-0.067716937999989,0.00651));
#13114=CARTESIAN_POINT('',(0.332100849,-0.065905237999989,0.00651));
#13115=CARTESIAN_POINT('',(0.323527649,-0.060955487999989,0.00651));
#13116=CARTESIAN_POINT('',(0.323527649,-0.060955487999989,0.00501));
#13117=CARTESIAN_POINT('',(0.321715899,-0.054194037999989,0.00501));
#13118=CARTESIAN_POINT('',(0.321715899,-0.054194037999989,0.00651));
#13119=CARTESIAN_POINT('',(0.321715899,-0.054194037999989,0.00651));
#13120=CARTESIAN_POINT('',(0.323527649,-0.060955487999989,0.00651));
#13121=CARTESIAN_POINT('',(0.146215999,-0.055709837999989,0.00651));
#13122=CARTESIAN_POINT('',(0.146215999,-0.055709837999989,0.00501));
#13123=CARTESIAN_POINT('',(0.139155299,-0.053812237999989,0.00501));
#13124=CARTESIAN_POINT('',(0.15327672061678,-0.0576074249374481,0.00501));
#13125=CARTESIAN_POINT('',(0.139155299,-0.053812237999989,0.00651));
#13126=CARTESIAN_POINT('',(0.139155299,-0.053812237999989,0.00651));
#13127=CARTESIAN_POINT('',(0.146215999,-0.055709837999989,0.00651));
#13128=CARTESIAN_POINT('',(0.15327672061678,-0.0576074249374481,0.00651));
#13129=CARTESIAN_POINT('',(0.15327672061678,-0.0576074249374481,0.00651));
#13130=CARTESIAN_POINT('',(0.139412682460983,-0.0528494685892338,0.00651));
#13131=CARTESIAN_POINT('',(0.139412682460983,-0.0528494685892338,0.00501));
#13132=CARTESIAN_POINT('',(0.138549058452825,-0.053346856601152,0.00501));
#13133=CARTESIAN_POINT('',(0.138549026522483,-0.053346875009375,0.00651));
#13134=CARTESIAN_POINT('',(0.138549058452825,-0.053346856601152,0.00651));
#13135=CARTESIAN_POINT('',(0.139412682460983,-0.0528494685892338,0.00651));
#13136=CARTESIAN_POINT('',(0.139411386196537,-0.0528468851136919,0.00651));
#13137=CARTESIAN_POINT('',(0.139411386196537,-0.0528468851136919,0.00501));
#13138=CARTESIAN_POINT('',(0.138448917354331,-0.0525877273152633,0.00501));
#13139=CARTESIAN_POINT('',(0.138448918000181,-0.0525877274996608,0.00651));
#13140=CARTESIAN_POINT('',(0.138448917356917,-0.0525877273055613,0.00650999975000039));
#13141=CARTESIAN_POINT('',(0.139411386196537,-0.0528468851136919,0.00651));
#13142=CARTESIAN_POINT('',(0.138548278,-0.052216876,0.00651));
#13143=CARTESIAN_POINT('',(0.138548278,-0.052216876,0.00501));
#13144=CARTESIAN_POINT('',(0.138548278058239,-0.0522168757825927,0.00501));
#13145=CARTESIAN_POINT('',(0.138548278058239,-0.0522168757825927,0.00651));
#13146=CARTESIAN_POINT('',(0.138548278058239,-0.0522168757825927,0.00651));
#13147=CARTESIAN_POINT('',(0.138548278,-0.052216876,0.00651));
#13148=CARTESIAN_POINT('',(0.13758231579446,-0.05195811328423,0.00651));
#13149=CARTESIAN_POINT('',(0.13758231579446,-0.05195811328423,0.00501));
#13150=CARTESIAN_POINT('',(0.138449242264845,-0.0514596359823338,0.00501));
#13151=CARTESIAN_POINT('',(0.138449242264845,-0.0514596359823338,0.00651));
#13152=CARTESIAN_POINT('',(0.138449242264845,-0.0514596359823338,0.00651));
#13153=CARTESIAN_POINT('',(0.13758231579446,-0.05195811328423,0.00651));
#13154=CARTESIAN_POINT('',(0.136863709,-0.048702184,0.00651));
#13155=CARTESIAN_POINT('',(0.136863709,-0.048702184,0.00501));
#13156=CARTESIAN_POINT('',(0.136863708999999,-0.0487021840000008,0.00501));
#13157=CARTESIAN_POINT('',(0.136863708999999,-0.0487021840000008,0.00651));
#13158=CARTESIAN_POINT('',(0.136863708999999,-0.0487021840000008,0.00651));
#13159=CARTESIAN_POINT('',(0.136863709,-0.048702184,0.00651));
#13160=CARTESIAN_POINT('',(0.13599690405586,-0.04920053035529,0.00651));
#13161=CARTESIAN_POINT('',(0.13599690405586,-0.04920053035529,0.00501));
#13162=CARTESIAN_POINT('',(0.136255020999999,-0.0482345720000031,0.00501));
#13163=CARTESIAN_POINT('',(0.136255020999999,-0.0482345720000031,0.00651));
#13164=CARTESIAN_POINT('',(0.136255020999999,-0.0482345720000031,0.00651));
#13165=CARTESIAN_POINT('',(0.13599690405586,-0.04920053035529,0.00651));
#13166=CARTESIAN_POINT('',(0.118198662,-0.04340844,0.00651));
#13167=CARTESIAN_POINT('',(0.118198662,-0.04340844,0.00501));
#13168=CARTESIAN_POINT('',(0.118198662000001,-0.0434084399999969,0.00501));
#13169=CARTESIAN_POINT('',(0.118198662000001,-0.0434084399999969,0.00651));
#13170=CARTESIAN_POINT('',(0.118198662000001,-0.0434084399999969,0.00651));
#13171=CARTESIAN_POINT('',(0.118198662,-0.04340844,0.00651));
#13172=CARTESIAN_POINT('',(0.11794049204855,-0.04437493930816,0.00651));
#13173=CARTESIAN_POINT('',(0.11794049204855,-0.04437493930816,0.00501));
#13174=CARTESIAN_POINT('',(0.117441739999998,-0.0435077489999964,0.00501));
#13175=CARTESIAN_POINT('',(0.117441739999998,-0.0435077489999964,0.00651));
#13176=CARTESIAN_POINT('',(0.117441739999998,-0.0435077489999964,0.00651));
#13177=CARTESIAN_POINT('',(0.11794049204855,-0.04437493930816,0.00651));
#13178=CARTESIAN_POINT('',(0.114987555,-0.04491974,0.00651));
#13179=CARTESIAN_POINT('',(0.114987555,-0.04491974,0.00501));
#13180=CARTESIAN_POINT('',(0.114987554999922,-0.044919740000043,0.00501));
#13181=CARTESIAN_POINT('',(0.114987554999922,-0.044919740000043,0.00651));
#13182=CARTESIAN_POINT('',(0.114987554999922,-0.044919740000043,0.00651));
#13183=CARTESIAN_POINT('',(0.114987555,-0.04491974,0.00651));
#13184=CARTESIAN_POINT('',(0.11554258460506,-0.04585099403501,0.00651));
#13185=CARTESIAN_POINT('',(0.11554258460506,-0.04585099403501,0.00501));
#13186=CARTESIAN_POINT('',(0.114464692216546,-0.0457351321860762,0.00501));
#13187=CARTESIAN_POINT('',(0.114464692216546,-0.0457351321860762,0.00651));
#13188=CARTESIAN_POINT('',(0.114464692216546,-0.0457351321860762,0.00651));
#13189=CARTESIAN_POINT('',(0.11554258460506,-0.04585099403501,0.00651));
#13190=CARTESIAN_POINT('',(0.114464699,-0.045735137999989,0.00651));
#13191=CARTESIAN_POINT('',(0.114464697258384,-0.0457351392440976,0.00501));
#13192=CARTESIAN_POINT('',(0.114037994076784,-0.0460399510387966,0.00501));
#13193=CARTESIAN_POINT('',(0.113611290895183,-0.0463447628334955,0.00501));
#13194=CARTESIAN_POINT('',(0.113184587713583,-0.0466495746281944,0.00501));
#13195=CARTESIAN_POINT('',(0.113184577547387,-0.0466495719061021,0.00501));
#13196=CARTESIAN_POINT('',(0.113184577547387,-0.0466495719061021,0.00651));
#13197=CARTESIAN_POINT('',(0.113184577547387,-0.0466495719061021,0.00651));
#13198=CARTESIAN_POINT('',(0.113184587713583,-0.0466495746281944,0.00651));
#13199=CARTESIAN_POINT('',(0.113611290895183,-0.0463447628334955,0.00651));
#13200=CARTESIAN_POINT('',(0.114037994076784,-0.0460399510387966,0.00651));
#13201=CARTESIAN_POINT('',(0.114464697258384,-0.0457351392440976,0.00651));
#13202=CARTESIAN_POINT('',(0.098649772,-0.042757744,0.00651));
#13203=CARTESIAN_POINT('',(0.098649772,-0.042757744,0.00501));
#13204=CARTESIAN_POINT('',(0.0986497720000004,-0.0427577439999986,0.00501));
#13205=CARTESIAN_POINT('',(0.0986497720000004,-0.0427577439999986,0.00651));
#13206=CARTESIAN_POINT('',(0.0986497720000004,-0.0427577439999986,0.00651));
#13207=CARTESIAN_POINT('',(0.098649772,-0.042757744,0.00651));
#13208=CARTESIAN_POINT('',(0.098391138932331,-0.04372389747338,0.00651));
#13209=CARTESIAN_POINT('',(0.098391138932331,-0.04372389747338,0.00501));
#13210=CARTESIAN_POINT('',(0.0978879350000001,-0.0428595309999985,0.00501));
#13211=CARTESIAN_POINT('',(0.0978879350000001,-0.0428595309999985,0.00651));
#13212=CARTESIAN_POINT('',(0.0978879350000001,-0.0428595309999985,0.00651));
#13213=CARTESIAN_POINT('',(0.098391138932331,-0.04372389747338,0.00651));
#13214=CARTESIAN_POINT('',(0.095171122,-0.044441478,0.00651));
#13215=CARTESIAN_POINT('',(0.095171122,-0.044441478,0.00501));
#13216=CARTESIAN_POINT('',(0.0951711219999026,-0.0444414780000568,0.00501));
#13217=CARTESIAN_POINT('',(0.0951711219999026,-0.0444414780000568,0.00651));
#13218=CARTESIAN_POINT('',(0.0951711219999026,-0.0444414780000568,0.00651));
#13219=CARTESIAN_POINT('',(0.095171122,-0.044441478,0.00651));
#13220=CARTESIAN_POINT('',(0.095732337852991,-0.04537144631624,0.00651));
#13221=CARTESIAN_POINT('',(0.095732337852991,-0.04537144631624,0.00501));
#13222=CARTESIAN_POINT('',(0.0946523230000004,-0.0452558079999884,0.00501));
#13223=CARTESIAN_POINT('',(0.0946523230000004,-0.0452558079999884,0.00651));
#13224=CARTESIAN_POINT('',(0.0946523230000004,-0.0452558079999884,0.00651));
#13225=CARTESIAN_POINT('',(0.095732337852991,-0.04537144631624,0.00651));
#13226=CARTESIAN_POINT('',(0.093626184313893,-0.04517454649581,0.00651));
#13227=CARTESIAN_POINT('',(0.093626184313893,-0.04517454649581,0.00501));
#13228=CARTESIAN_POINT('',(0.0933720020004919,-0.0461720210001165,0.00501));
#13229=CARTESIAN_POINT('',(0.0933720020004919,-0.0461720210001165,0.00651));
#13230=CARTESIAN_POINT('',(0.0933720020004919,-0.0461720210001165,0.00651));
#13231=CARTESIAN_POINT('',(0.093626184313893,-0.04517454649581,0.00651));
#13232=CARTESIAN_POINT('',(0.047839804,-0.033996745,0.00651));
#13233=CARTESIAN_POINT('',(0.047839804,-0.033996745,0.00501));
#13234=CARTESIAN_POINT('',(0.0478398026530842,-0.0339967446398357,0.00501));
#13235=CARTESIAN_POINT('',(0.0478398026530842,-0.0339967446398357,0.00651));
#13236=CARTESIAN_POINT('',(0.0478398026530842,-0.0339967446398357,0.00651));
#13237=CARTESIAN_POINT('',(0.047839804,-0.033996745,0.00651));
#13238=CARTESIAN_POINT('',(0.047581481731905,-0.03496278874574,0.00651));
#13239=CARTESIAN_POINT('',(0.047581481731905,-0.03496278874574,0.00501));
#13240=CARTESIAN_POINT('',(0.0468832003187873,-0.0342469857134946,0.00501));
#13241=CARTESIAN_POINT('',(0.0468832003187873,-0.0342469857134946,0.00651));
#13242=CARTESIAN_POINT('',(0.0468832003187873,-0.0342469857134946,0.00651));
#13243=CARTESIAN_POINT('',(0.047581481731905,-0.03496278874574,0.00651));
#13244=CARTESIAN_POINT('',(0.042333423,-0.038685376,0.00651));
#13245=CARTESIAN_POINT('',(0.042333423,-0.038685376,0.00501));
#13246=CARTESIAN_POINT('',(0.0423334229999993,-0.0386853759999992,0.00501));
#13247=CARTESIAN_POINT('',(0.0423334229999993,-0.0386853759999992,0.00651));
#13248=CARTESIAN_POINT('',(0.0423334229999993,-0.0386853759999992,0.00651));
#13249=CARTESIAN_POINT('',(0.042333423,-0.038685376,0.00651));
#13250=CARTESIAN_POINT('',(0.043031511604952,-0.03940108209465,0.00651));
#13251=CARTESIAN_POINT('',(0.043031511604952,-0.03940108209465,0.00501));
#13252=CARTESIAN_POINT('',(0.0420657359999896,-0.0391425469999955,0.00501));
#13253=CARTESIAN_POINT('',(0.0420657359999896,-0.0391425469999955,0.00651));
#13254=CARTESIAN_POINT('',(0.0420657359999896,-0.0391425469999955,0.00651));
#13255=CARTESIAN_POINT('',(0.043031511604952,-0.03940108209465,0.00651));
#13256=CARTESIAN_POINT('',(0.022709281,-0.111435785,0.00651));
#13257=CARTESIAN_POINT('',(0.022709281,-0.111435785,0.00501));
#13258=CARTESIAN_POINT('',(0.0227092809999916,-0.111435784999998,0.00501));
#13259=CARTESIAN_POINT('',(0.0227092809999916,-0.111435784999998,0.00651));
#13260=CARTESIAN_POINT('',(0.0227092809999916,-0.111435784999998,0.00651));
#13261=CARTESIAN_POINT('',(0.022709281,-0.111435785,0.00651));
#13262=CARTESIAN_POINT('',(0.023674926778432,-0.1116944766801,0.00651));
#13263=CARTESIAN_POINT('',(0.023674926778432,-0.1116944766801,0.00501));
#13264=CARTESIAN_POINT('',(0.0228076190000145,-0.112191638999992,0.00501));
#13265=CARTESIAN_POINT('',(0.0228076190000145,-0.112191638999992,0.00651));
#13266=CARTESIAN_POINT('',(0.0228076190000145,-0.112191638999992,0.00651));
#13267=CARTESIAN_POINT('',(0.023674926778432,-0.1116944766801,0.00651));
#13268=CARTESIAN_POINT('',(0.024467031,-0.115087299,0.00651));
#13269=CARTESIAN_POINT('',(0.024467031,-0.115087299,0.00501));
#13270=CARTESIAN_POINT('',(0.0244670310000049,-0.115087298999997,0.00501));
#13271=CARTESIAN_POINT('',(0.0244670310000049,-0.115087298999997,0.00651));
#13272=CARTESIAN_POINT('',(0.0244670310000049,-0.115087298999997,0.00651));
#13273=CARTESIAN_POINT('',(0.024467031,-0.115087299,0.00651));
#13274=CARTESIAN_POINT('',(0.025334439851091,-0.114590362547,0.00651));
#13275=CARTESIAN_POINT('',(0.025334439851091,-0.114590362547,0.00501));
#13276=CARTESIAN_POINT('',(0.0250763280000004,-0.115556137999989,0.00501));
#13277=CARTESIAN_POINT('',(0.0250763280000004,-0.115556137999989,0.00651));
#13278=CARTESIAN_POINT('',(0.0250763280000004,-0.115556137999989,0.00651));
#13279=CARTESIAN_POINT('',(0.025334439851091,-0.114590362547,0.00651));
#13280=CARTESIAN_POINT('',(0.075128369,-0.128940465,0.00651));
#13281=CARTESIAN_POINT('',(0.075128369,-0.128940465,0.00501));
#13282=CARTESIAN_POINT('',(0.0751283690000099,-0.128940464999963,0.00501));
#13283=CARTESIAN_POINT('',(0.0751283690000099,-0.128940464999963,0.00651));
#13284=CARTESIAN_POINT('',(0.0751283690000099,-0.128940464999963,0.00651));
#13285=CARTESIAN_POINT('',(0.075128369,-0.128940465,0.00651));
#13286=CARTESIAN_POINT('',(0.075386696251376,-0.1279743631896,0.00651));
#13287=CARTESIAN_POINT('',(0.075386696251376,-0.1279743631896,0.00501));
#13288=CARTESIAN_POINT('',(0.0758862699999829,-0.12884068399997,0.00501));
#13289=CARTESIAN_POINT('',(0.0758862699999829,-0.12884068399997,0.00651));
#13290=CARTESIAN_POINT('',(0.0758862699999829,-0.12884068399997,0.00651));
#13291=CARTESIAN_POINT('',(0.075386696251376,-0.1279743631896,0.00651));
#13292=CARTESIAN_POINT('',(0.078584447,-0.127284683,0.00651));
#13293=CARTESIAN_POINT('',(0.078584447,-0.127284683,0.00501));
#13294=CARTESIAN_POINT('',(0.0785844469999802,-0.127284682999966,0.00501));
#13295=CARTESIAN_POINT('',(0.0785844469999802,-0.127284682999966,0.00651));
#13296=CARTESIAN_POINT('',(0.0785844469999802,-0.127284682999966,0.00651));
#13297=CARTESIAN_POINT('',(0.078584447,-0.127284683,0.00651));
#13298=CARTESIAN_POINT('',(0.078084790545342,-0.126418352815,0.00651));
#13299=CARTESIAN_POINT('',(0.078084790545342,-0.126418352815,0.00501));
#13300=CARTESIAN_POINT('',(0.0790507139999886,-0.126677536999997,0.00501));
#13301=CARTESIAN_POINT('',(0.0790507139999886,-0.126677536999997,0.00651));
#13302=CARTESIAN_POINT('',(0.0790507139999886,-0.126677536999997,0.00651));
#13303=CARTESIAN_POINT('',(0.078084790545342,-0.126418352815,0.00651));
#13304=CARTESIAN_POINT('',(0.079297895,-0.12575622,0.00651));
#13305=CARTESIAN_POINT('',(0.079297895,-0.12575622,0.00501));
#13306=CARTESIAN_POINT('',(0.0792978949999952,-0.125756219999999,0.00501));
#13307=CARTESIAN_POINT('',(0.0792978949999952,-0.125756219999999,0.00651));
#13308=CARTESIAN_POINT('',(0.0792978949999952,-0.125756219999999,0.00651));
#13309=CARTESIAN_POINT('',(0.079297895,-0.12575622,0.00651));
#13310=CARTESIAN_POINT('',(0.080263827775956,-0.1260154153859,0.00651));
#13311=CARTESIAN_POINT('',(0.080263827775956,-0.1260154153859,0.00501));
#13312=CARTESIAN_POINT('',(0.0797588539999912,-0.125152159999985,0.00501));
#13313=CARTESIAN_POINT('',(0.0797588539999912,-0.125152159999985,0.00651));
#13314=CARTESIAN_POINT('',(0.0797588539999912,-0.125152159999985,0.00651));
#13315=CARTESIAN_POINT('',(0.080263827775956,-0.1260154153859,0.00651));
#13316=CARTESIAN_POINT('',(0.080154698,-0.124920623,0.00651));
#13317=CARTESIAN_POINT('',(0.080154698,-0.124920623,0.00501));
#13318=CARTESIAN_POINT('',(0.0801546979999945,-0.124920622999991,0.00501));
#13319=CARTESIAN_POINT('',(0.0801546979999945,-0.124920622999991,0.00651));
#13320=CARTESIAN_POINT('',(0.0801546979999945,-0.124920622999991,0.00651));
#13321=CARTESIAN_POINT('',(0.080154698,-0.124920623,0.00651));
#13322=CARTESIAN_POINT('',(0.08065956077585,-0.1257836569439,0.00651));
#13323=CARTESIAN_POINT('',(0.08065956077585,-0.1257836569439,0.00501));
#13324=CARTESIAN_POINT('',(0.0809179310000016,-0.124817758999987,0.00501));
#13325=CARTESIAN_POINT('',(0.0809179310000016,-0.124817758999987,0.00651));
#13326=CARTESIAN_POINT('',(0.0809179310000016,-0.124817758999987,0.00651));
#13327=CARTESIAN_POINT('',(0.08065956077585,-0.1257836569439,0.00651));
#13328=CARTESIAN_POINT('',(0.09483829,-0.128540421,0.00651));
#13329=CARTESIAN_POINT('',(0.09483829,-0.128540421,0.00501));
#13330=CARTESIAN_POINT('',(0.0948382900000033,-0.128540420999988,0.00501));
#13331=CARTESIAN_POINT('',(0.0948382900000033,-0.128540420999988,0.00651));
#13332=CARTESIAN_POINT('',(0.0948382900000033,-0.128540420999988,0.00651));
#13333=CARTESIAN_POINT('',(0.09483829,-0.128540421,0.00651));
#13334=CARTESIAN_POINT('',(0.095096600123529,-0.1275740793372,0.00651));
#13335=CARTESIAN_POINT('',(0.095096600123529,-0.1275740793372,0.00501));
#13336=CARTESIAN_POINT('',(0.0956071779999941,-0.12843422499999,0.00501));
#13337=CARTESIAN_POINT('',(0.0956071779999941,-0.12843422499999,0.00651));
#13338=CARTESIAN_POINT('',(0.0956071779999941,-0.12843422499999,0.00651));
#13339=CARTESIAN_POINT('',(0.095096600123529,-0.1275740793372,0.00651));
#13340=CARTESIAN_POINT('',(0.096906465,-0.127662769,0.00651));
#13341=CARTESIAN_POINT('',(0.096906465,-0.127662769,0.00501));
#13342=CARTESIAN_POINT('',(0.096906464999993,-0.127662768999988,0.00501));
#13343=CARTESIAN_POINT('',(0.096906464999993,-0.127662768999988,0.00651));
#13344=CARTESIAN_POINT('',(0.096906464999993,-0.127662768999988,0.00651));
#13345=CARTESIAN_POINT('',(0.096906465,-0.127662769,0.00651));
#13346=CARTESIAN_POINT('',(0.096395974619868,-0.1268029465643,0.00651));
#13347=CARTESIAN_POINT('',(0.096395974619868,-0.1268029465643,0.00501));
#13348=CARTESIAN_POINT('',(0.0973619209999963,-0.127061485999999,0.00501));
#13349=CARTESIAN_POINT('',(0.0973619209999963,-0.127061485999999,0.00651));
#13350=CARTESIAN_POINT('',(0.0973619209999963,-0.127061485999999,0.00651));
#13351=CARTESIAN_POINT('',(0.096395974619868,-0.1268029465643,0.00651));
#13352=CARTESIAN_POINT('',(0.097768078,-0.125544161,0.00651));
#13353=CARTESIAN_POINT('',(0.097768078,-0.125544161,0.00501));
#13354=CARTESIAN_POINT('',(0.0977680779999913,-0.125544160999998,0.00501));
#13355=CARTESIAN_POINT('',(0.0977680779999913,-0.125544160999998,0.00651));
#13356=CARTESIAN_POINT('',(0.0977680779999913,-0.125544160999998,0.00651));
#13357=CARTESIAN_POINT('',(0.097768078,-0.125544161,0.00651));
#13358=CARTESIAN_POINT('',(0.09873402494947,-0.1258026681691,0.00651));
#13359=CARTESIAN_POINT('',(0.09873402494947,-0.1258026681691,0.00501));
#13360=CARTESIAN_POINT('',(0.0989970220000043,-0.124837933999984,0.00501));
#13361=CARTESIAN_POINT('',(0.0989970220000043,-0.124837933999984,0.00651));
#13362=CARTESIAN_POINT('',(0.0989970220000043,-0.124837933999984,0.00651));
#13363=CARTESIAN_POINT('',(0.09873402494947,-0.1258026681691,0.00651));
#13364=CARTESIAN_POINT('',(0.105211124,-0.126531596,0.00651));
#13365=CARTESIAN_POINT('',(0.105211124,-0.126531596,0.00501));
#13366=CARTESIAN_POINT('',(0.105211124000009,-0.126531595999968,0.00501));
#13367=CARTESIAN_POINT('',(0.105211124000009,-0.126531595999968,0.00651));
#13368=CARTESIAN_POINT('',(0.105211124000009,-0.126531595999968,0.00651));
#13369=CARTESIAN_POINT('',(0.105211124,-0.126531596,0.00651));
#13370=CARTESIAN_POINT('',(0.104948051101,-0.1274965425623,0.00651));
#13371=CARTESIAN_POINT('',(0.104948051101,-0.1274965425623,0.00501));
#13372=CARTESIAN_POINT('',(0.105814663000012,-0.126997229999993,0.00501));
#13373=CARTESIAN_POINT('',(0.105814663000012,-0.126997229999993,0.00651));
#13374=CARTESIAN_POINT('',(0.105814663000012,-0.126997229999993,0.00651));
#13375=CARTESIAN_POINT('',(0.104948051101,-0.1274965425623,0.00651));
#13376=CARTESIAN_POINT('',(0.106380072,-0.1279787,0.00651));
#13377=CARTESIAN_POINT('',(0.106380072,-0.1279787,0.00501));
#13378=CARTESIAN_POINT('',(0.106380071999994,-0.12797869999999,0.00501));
#13379=CARTESIAN_POINT('',(0.106380071999994,-0.12797869999999,0.00651));
#13380=CARTESIAN_POINT('',(0.106380071999994,-0.12797869999999,0.00651));
#13381=CARTESIAN_POINT('',(0.106380072,-0.1279787,0.00651));
#13382=CARTESIAN_POINT('',(0.10694748,-0.128924376,0.00651));
#13383=CARTESIAN_POINT('',(0.10694748,-0.128924376,0.00501));
#13384=CARTESIAN_POINT('',(0.106947480000007,-0.128924375999995,0.00501));
#13385=CARTESIAN_POINT('',(0.106947480000007,-0.128924375999995,0.00651));
#13386=CARTESIAN_POINT('',(0.106947480000007,-0.128924375999995,0.00651));
#13387=CARTESIAN_POINT('',(0.10694748,-0.128924376,0.00651));
#13388=CARTESIAN_POINT('',(0.10609020615965,-0.1294388464955,0.00651));
#13389=CARTESIAN_POINT('',(0.10609020615965,-0.1294388464955,0.00501));
#13390=CARTESIAN_POINT('',(0.107055792999996,-0.129698153999999,0.00501));
#13391=CARTESIAN_POINT('',(0.107055792999996,-0.129698153999999,0.00651));
#13392=CARTESIAN_POINT('',(0.107055792999996,-0.129698153999999,0.00651));
#13393=CARTESIAN_POINT('',(0.10609020615965,-0.1294388464955,0.00651));
#13394=CARTESIAN_POINT('',(0.101030799,-0.152140908,0.00651));
#13395=CARTESIAN_POINT('',(0.101030799,-0.152140908,0.00501));
#13396=CARTESIAN_POINT('',(0.101030798999988,-0.152140907999997,0.00501));
#13397=CARTESIAN_POINT('',(0.101030798999988,-0.152140907999997,0.00651));
#13398=CARTESIAN_POINT('',(0.101030798999988,-0.152140907999997,0.00651));
#13399=CARTESIAN_POINT('',(0.101030799,-0.152140908,0.00651));
#13400=CARTESIAN_POINT('',(0.10199662608243,-0.1524001770847,0.00651));
#13401=CARTESIAN_POINT('',(0.10199662608243,-0.1524001770847,0.00501));
#13402=CARTESIAN_POINT('',(0.101130144682913,-0.152899428920752,0.00501));
#13403=CARTESIAN_POINT('',(0.101130144682913,-0.152899428920752,0.00651));
#13404=CARTESIAN_POINT('',(0.101130144682913,-0.152899428920752,0.00651));
#13405=CARTESIAN_POINT('',(0.10199662608243,-0.1524001770847,0.00651));
#13406=CARTESIAN_POINT('',(0.102476938,-0.155236851,0.00651));
#13407=CARTESIAN_POINT('',(0.102476938,-0.155236851,0.00501));
#13408=CARTESIAN_POINT('',(0.102476938000019,-0.155236850999989,0.00501));
#13409=CARTESIAN_POINT('',(0.102476938000019,-0.155236850999989,0.00651));
#13410=CARTESIAN_POINT('',(0.102476938000019,-0.155236850999989,0.00651));
#13411=CARTESIAN_POINT('',(0.102476938,-0.155236851,0.00651));
#13412=CARTESIAN_POINT('',(0.1033434721372,-0.1547374976926,0.00651));
#13413=CARTESIAN_POINT('',(0.1033434721372,-0.1547374976926,0.00501));
#13414=CARTESIAN_POINT('',(0.10308503700001,-0.155703647999961,0.00501));
#13415=CARTESIAN_POINT('',(0.10308503700001,-0.155703647999961,0.00651));
#13416=CARTESIAN_POINT('',(0.10308503700001,-0.155703647999961,0.00651));
#13417=CARTESIAN_POINT('',(0.1033434721372,-0.1547374976926,0.00651));
#13418=CARTESIAN_POINT('',(0.117299633,-0.159505229,0.00651));
#13419=CARTESIAN_POINT('',(0.117299633,-0.159505229,0.00501));
#13420=CARTESIAN_POINT('',(0.117299633,-0.159505229,0.00501));
#13421=CARTESIAN_POINT('',(0.117299633,-0.159505229,0.00651));
#13422=CARTESIAN_POINT('',(0.117299633,-0.159505229,0.00651));
#13423=CARTESIAN_POINT('',(0.117299633,-0.159505229,0.00651));
#13424=CARTESIAN_POINT('',(0.11704116110168,-0.1604714180861,0.00651));
#13425=CARTESIAN_POINT('',(0.11704116110168,-0.1604714180861,0.00501));
#13426=CARTESIAN_POINT('',(0.117907892999998,-0.159972314,0.00501));
#13427=CARTESIAN_POINT('',(0.117907892999998,-0.159972314,0.00651));
#13428=CARTESIAN_POINT('',(0.117907892999998,-0.159972314,0.00651));
#13429=CARTESIAN_POINT('',(0.11704116110168,-0.1604714180861,0.00651));
#13430=CARTESIAN_POINT('',(0.118062187,-0.160240296,0.00651));
#13431=CARTESIAN_POINT('',(0.118062187,-0.160240296,0.00501));
#13432=CARTESIAN_POINT('',(0.118062187000009,-0.160240295999995,0.00501));
#13433=CARTESIAN_POINT('',(0.118062187000009,-0.160240295999995,0.00651));
#13434=CARTESIAN_POINT('',(0.118062187000009,-0.160240295999995,0.00651));
#13435=CARTESIAN_POINT('',(0.118062187,-0.160240296,0.00651));
#13436=CARTESIAN_POINT('',(0.11719501896953,-0.1607393461561,0.00651));
#13437=CARTESIAN_POINT('',(0.11719501896953,-0.1607393461561,0.00501));
#13438=CARTESIAN_POINT('',(0.118173504999993,-0.160948143999999,0.00501));
#13439=CARTESIAN_POINT('',(0.118173504999993,-0.160948143999999,0.00651));
#13440=CARTESIAN_POINT('',(0.118173504999993,-0.160948143999999,0.00651));
#13441=CARTESIAN_POINT('',(0.11719501896953,-0.1607393461561,0.00651));
#13442=CARTESIAN_POINT('',(0.118013785,-0.161695909,0.00651));
#13443=CARTESIAN_POINT('',(0.118013785,-0.161695909,0.00501));
#13444=CARTESIAN_POINT('',(0.118013784999993,-0.161695908999998,0.00501));
#13445=CARTESIAN_POINT('',(0.118013784999993,-0.161695908999998,0.00651));
#13446=CARTESIAN_POINT('',(0.118013784999993,-0.161695908999998,0.00651));
#13447=CARTESIAN_POINT('',(0.118013785,-0.161695909,0.00651));
#13448=CARTESIAN_POINT('',(0.11899181296798,-0.1619047764861,0.00651));
#13449=CARTESIAN_POINT('',(0.11899181296798,-0.1619047764861,0.00501));
#13450=CARTESIAN_POINT('',(0.118125472000014,-0.162404393999991,0.00501));
#13451=CARTESIAN_POINT('',(0.118125472000014,-0.162404393999991,0.00651));
#13452=CARTESIAN_POINT('',(0.118125472000014,-0.162404393999991,0.00651));
#13453=CARTESIAN_POINT('',(0.11899181296798,-0.1619047764861,0.00651));
#13454=CARTESIAN_POINT('',(0.119530952,-0.164841318,0.00651));
#13455=CARTESIAN_POINT('',(0.119530952,-0.164841318,0.00501));
#13456=CARTESIAN_POINT('',(0.119530952000018,-0.164841317999989,0.00501));
#13457=CARTESIAN_POINT('',(0.119530952000018,-0.164841317999989,0.00651));
#13458=CARTESIAN_POINT('',(0.119530952000018,-0.164841317999989,0.00651));
#13459=CARTESIAN_POINT('',(0.119530952,-0.164841318,0.00651));
#13460=CARTESIAN_POINT('',(0.12039708459938,-0.1643418708628,0.00651));
#13461=CARTESIAN_POINT('',(0.12039708459938,-0.1643418708628,0.00501));
#13462=CARTESIAN_POINT('',(0.120137834000011,-0.165307490999958,0.00501));
#13463=CARTESIAN_POINT('',(0.120137834000011,-0.165307490999958,0.00651));
#13464=CARTESIAN_POINT('',(0.120137834000011,-0.165307490999958,0.00651));
#13465=CARTESIAN_POINT('',(0.12039708459938,-0.1643418708628,0.00651));
#13466=CARTESIAN_POINT('',(0.137900601,-0.170077898,0.00651));
#13467=CARTESIAN_POINT('',(0.137900601,-0.170077898,0.00501));
#13468=CARTESIAN_POINT('',(0.137900601000011,-0.170077897999961,0.00501));
#13469=CARTESIAN_POINT('',(0.137900601000011,-0.170077897999961,0.00651));
#13470=CARTESIAN_POINT('',(0.137900601000011,-0.170077897999961,0.00651));
#13471=CARTESIAN_POINT('',(0.137900601,-0.170077898,0.00651));
#13472=CARTESIAN_POINT('',(0.1376410323411,-0.1710440188598,0.00651));
#13473=CARTESIAN_POINT('',(0.1376410323411,-0.1710440188598,0.00501));
#13474=CARTESIAN_POINT('',(0.138348749000021,-0.170336980999979,0.00501));
#13475=CARTESIAN_POINT('',(0.138348749000021,-0.170336980999979,0.00651));
#13476=CARTESIAN_POINT('',(0.138348749000021,-0.170336980999979,0.00651));
#13477=CARTESIAN_POINT('',(0.1376410323411,-0.1710440188598,0.00651));
#13478=CARTESIAN_POINT('',(0.150278398,-0.182280614,0.00651));
#13479=CARTESIAN_POINT('',(0.150278398,-0.182280614,0.00501));
#13480=CARTESIAN_POINT('',(0.150278395732446,-0.182280611729788,0.00501));
#13481=CARTESIAN_POINT('',(0.150278395732446,-0.182280611729788,0.00651));
#13482=CARTESIAN_POINT('',(0.150278395732446,-0.182280611729788,0.00651));
#13483=CARTESIAN_POINT('',(0.150278398,-0.182280614,0.00651));
#13484=CARTESIAN_POINT('',(0.15098592639439,-0.181573904933,0.00651));
#13485=CARTESIAN_POINT('',(0.15098592639439,-0.181573904933,0.00501));
#13486=CARTESIAN_POINT('',(0.150985926349692,-0.182573921999973,0.00501));
#13487=CARTESIAN_POINT('',(0.150985926349692,-0.182573921999973,0.00651));
#13488=CARTESIAN_POINT('',(0.150985926349692,-0.182573921999973,0.00651));
#13489=CARTESIAN_POINT('',(0.15098592639439,-0.181573904933,0.00651));
#13490=CARTESIAN_POINT('',(0.157543518,-0.18257392,0.00651));
#13491=CARTESIAN_POINT('',(0.157543518,-0.18257392,0.00501));
#13492=CARTESIAN_POINT('',(0.157543518,-0.182573919999961,0.00501));
#13493=CARTESIAN_POINT('',(0.157543518,-0.182573919999961,0.00651));
#13494=CARTESIAN_POINT('',(0.157543518,-0.182573919999961,0.00651));
#13495=CARTESIAN_POINT('',(0.157543518,-0.18257392,0.00651));
#13496=CARTESIAN_POINT('',(0.15754335821561,-0.1815735139195,0.00651));
#13497=CARTESIAN_POINT('',(0.15754335821561,-0.1815735139195,0.00501));
#13498=CARTESIAN_POINT('',(0.158250746000003,-0.182280914000003,0.00501));
#13499=CARTESIAN_POINT('',(0.158250746000003,-0.182280914000003,0.00651));
#13500=CARTESIAN_POINT('',(0.158250746000003,-0.182280914000003,0.00651));
#13501=CARTESIAN_POINT('',(0.15754335821561,-0.1815735139195,0.00651));
#13502=CARTESIAN_POINT('',(0.184575069,-0.155947651,0.00651));
#13503=CARTESIAN_POINT('',(0.184575069,-0.155947651,0.00501));
#13504=CARTESIAN_POINT('',(0.184575029757852,-0.155947690259285,0.00501));
#13505=CARTESIAN_POINT('',(0.184575029757852,-0.155947690259285,0.00651));
#13506=CARTESIAN_POINT('',(0.184575029757852,-0.155947690259285,0.00651));
#13507=CARTESIAN_POINT('',(0.184575069,-0.155947651,0.00651));
#13508=CARTESIAN_POINT('',(0.18528222558569,-0.1566544691499,0.00651));
#13509=CARTESIAN_POINT('',(0.18528222558569,-0.1566544691499,0.00501));
#13510=CARTESIAN_POINT('',(0.185282299,-0.155654637999989,0.00501));
#13511=CARTESIAN_POINT('',(0.185282299,-0.155654637999989,0.00651));
#13512=CARTESIAN_POINT('',(0.185282299,-0.155654637999989,0.00651));
#13513=CARTESIAN_POINT('',(0.18528222558569,-0.1566544691499,0.00651));
#13514=CARTESIAN_POINT('',(0.196623715,-0.155654637,0.00651));
#13515=CARTESIAN_POINT('',(0.196623715,-0.155654637,0.00501));
#13516=CARTESIAN_POINT('',(0.196623715,-0.155654637,0.00501));
#13517=CARTESIAN_POINT('',(0.196623715,-0.155654637,0.00651));
#13518=CARTESIAN_POINT('',(0.196623715,-0.155654637,0.00651));
#13519=CARTESIAN_POINT('',(0.196623715,-0.155654637,0.00651));
#13520=CARTESIAN_POINT('',(0.229345354,-0.155654646,0.00651));
#13521=CARTESIAN_POINT('',(0.229345354,-0.155654646,0.00501));
#13522=CARTESIAN_POINT('',(0.229345356757938,-0.155654646000001,0.00501));
#13523=CARTESIAN_POINT('',(0.229345356757938,-0.155654646000001,0.00651));
#13524=CARTESIAN_POINT('',(0.229345356757938,-0.155654646000001,0.00651));
#13525=CARTESIAN_POINT('',(0.229345354,-0.155654646,0.00651));
#13526=CARTESIAN_POINT('',(0.22934535924083,-0.1566546441054,0.00651));
#13527=CARTESIAN_POINT('',(0.22934535924083,-0.1566546441054,0.00501));
#13528=CARTESIAN_POINT('',(0.230052581466039,-0.155947655466856,0.00501));
#13529=CARTESIAN_POINT('',(0.230052581466039,-0.155947655466856,0.00651));
#13530=CARTESIAN_POINT('',(0.230052581466039,-0.155947655466856,0.00651));
#13531=CARTESIAN_POINT('',(0.22934535924083,-0.1566546441054,0.00651));
#13532=CARTESIAN_POINT('',(0.256376915,-0.182280911,0.00651));
#13533=CARTESIAN_POINT('',(0.256376915,-0.182280911,0.00501));
#13534=CARTESIAN_POINT('',(0.256376915000001,-0.182280910999999,0.00501));
#13535=CARTESIAN_POINT('',(0.256376915000001,-0.182280910999999,0.00651));
#13536=CARTESIAN_POINT('',(0.256376915000001,-0.182280910999999,0.00651));
#13537=CARTESIAN_POINT('',(0.256376915,-0.182280911,0.00651));
#13538=CARTESIAN_POINT('',(0.25708406653064,-0.1815740982231,0.00651));
#13539=CARTESIAN_POINT('',(0.25708406653064,-0.1815740982231,0.00501));
#13540=CARTESIAN_POINT('',(0.257084129999999,-0.182573921999997,0.00501));
#13541=CARTESIAN_POINT('',(0.257084129999999,-0.182573921999997,0.00651));
#13542=CARTESIAN_POINT('',(0.257084129999999,-0.182573921999997,0.00651));
#13543=CARTESIAN_POINT('',(0.25708406653064,-0.1815740982231,0.00651));
#13544=CARTESIAN_POINT('',(0.263641736,-0.182573924,0.00651));
#13545=CARTESIAN_POINT('',(0.263641736,-0.182573924,0.00501));
#13546=CARTESIAN_POINT('',(0.263641736,-0.182573923999976,0.00501));
#13547=CARTESIAN_POINT('',(0.263641736,-0.182573923999976,0.00651));
#13548=CARTESIAN_POINT('',(0.263641736,-0.182573923999976,0.00651));
#13549=CARTESIAN_POINT('',(0.263641736,-0.182573924,0.00651));
#13550=CARTESIAN_POINT('',(0.2636416811928,-0.1815737949758,0.00651));
#13551=CARTESIAN_POINT('',(0.2636416811928,-0.1815737949758,0.00501));
#13552=CARTESIAN_POINT('',(0.264349255999988,-0.182280615999988,0.00501));
#13553=CARTESIAN_POINT('',(0.264349255999988,-0.182280615999988,0.00651));
#13554=CARTESIAN_POINT('',(0.264349255999988,-0.182280615999988,0.00651));
#13555=CARTESIAN_POINT('',(0.2636416811928,-0.1815737949758,0.00651));
#13556=CARTESIAN_POINT('',(0.276278911,-0.170336985,0.00651));
#13557=CARTESIAN_POINT('',(0.276278911,-0.170336985,0.00501));
#13558=CARTESIAN_POINT('',(0.276278910999983,-0.170336984999983,0.00501));
#13559=CARTESIAN_POINT('',(0.276278910999983,-0.170336984999983,0.00651));
#13560=CARTESIAN_POINT('',(0.276278910999983,-0.170336984999983,0.00651));
#13561=CARTESIAN_POINT('',(0.276278911,-0.170336985,0.00651));
#13562=CARTESIAN_POINT('',(0.27698662132188,-0.1710440183545,0.00651));
#13563=CARTESIAN_POINT('',(0.27698662132188,-0.1710440183545,0.00501));
#13564=CARTESIAN_POINT('',(0.276727057999992,-0.17007790399997,0.00501));
#13565=CARTESIAN_POINT('',(0.276727057999992,-0.17007790399997,0.00651));
#13566=CARTESIAN_POINT('',(0.276727057999992,-0.17007790399997,0.00651));
#13567=CARTESIAN_POINT('',(0.27698662132188,-0.1710440183545,0.00651));
#13568=CARTESIAN_POINT('',(0.29448982,-0.165307487,0.00651));
#13569=CARTESIAN_POINT('',(0.29448982,-0.165307487,0.00501));
#13570=CARTESIAN_POINT('',(0.294489819999993,-0.165307486999975,0.00501));
#13571=CARTESIAN_POINT('',(0.294489819999993,-0.165307486999975,0.00651));
#13572=CARTESIAN_POINT('',(0.294489819999993,-0.165307486999975,0.00651));
#13573=CARTESIAN_POINT('',(0.29448982,-0.165307487,0.00651));
#13574=CARTESIAN_POINT('',(0.29423063541144,-0.1643419535849,0.00651));
#13575=CARTESIAN_POINT('',(0.29423063541144,-0.1643419535849,0.00501));
#13576=CARTESIAN_POINT('',(0.295096700999986,-0.164841314999992,0.00501));
#13577=CARTESIAN_POINT('',(0.295096700999986,-0.164841314999992,0.00651));
#13578=CARTESIAN_POINT('',(0.295096700999986,-0.164841314999992,0.00651));
#13579=CARTESIAN_POINT('',(0.29423063541144,-0.1643419535849,0.00651));
#13580=CARTESIAN_POINT('',(0.296502175,-0.162404411,0.00651));
#13581=CARTESIAN_POINT('',(0.296502175,-0.162404411,0.00501));
#13582=CARTESIAN_POINT('',(0.296502174999989,-0.162404410999994,0.00501));
#13583=CARTESIAN_POINT('',(0.296502174999989,-0.162404410999994,0.00651));
#13584=CARTESIAN_POINT('',(0.296502174999989,-0.162404410999994,0.00651));
#13585=CARTESIAN_POINT('',(0.296502175,-0.162404411,0.00651));
#13586=CARTESIAN_POINT('',(0.29563582194447,-0.1619047784733,0.00651));
#13587=CARTESIAN_POINT('',(0.29563582194447,-0.1619047784733,0.00501));
#13588=CARTESIAN_POINT('',(0.29661387,-0.161695919,0.00501));
#13589=CARTESIAN_POINT('',(0.29661387,-0.161695919,0.00651));
#13590=CARTESIAN_POINT('',(0.29661387,-0.161695919,0.00651));
#13591=CARTESIAN_POINT('',(0.29563582194447,-0.1619047784733,0.00651));
#13592=CARTESIAN_POINT('',(0.296454147,-0.160948146,0.00651));
#13593=CARTESIAN_POINT('',(0.296454147,-0.160948146,0.00501));
#13594=CARTESIAN_POINT('',(0.296454147000001,-0.160948145999999,0.00501));
#13595=CARTESIAN_POINT('',(0.296454147000001,-0.160948145999999,0.00651));
#13596=CARTESIAN_POINT('',(0.296454147000001,-0.160948145999999,0.00651));
#13597=CARTESIAN_POINT('',(0.296454147,-0.160948146,0.00651));
#13598=CARTESIAN_POINT('',(0.2974321442738,-0.1607392791957,0.00651));
#13599=CARTESIAN_POINT('',(0.2974321442738,-0.1607392791957,0.00501));
#13600=CARTESIAN_POINT('',(0.296565468,-0.160240303999998,0.00501));
#13601=CARTESIAN_POINT('',(0.296565468,-0.160240303999998,0.00651));
#13602=CARTESIAN_POINT('',(0.296565468,-0.160240303999998,0.00651));
#13603=CARTESIAN_POINT('',(0.2974321442738,-0.1607392791957,0.00651));
#13604=CARTESIAN_POINT('',(0.296719764,-0.159972322,0.00651));
#13605=CARTESIAN_POINT('',(0.296719764,-0.159972322,0.00501));
#13606=CARTESIAN_POINT('',(0.296719763999992,-0.159972321999995,0.00501));
#13607=CARTESIAN_POINT('',(0.296719763999992,-0.159972321999995,0.00651));
#13608=CARTESIAN_POINT('',(0.296719763999992,-0.159972321999995,0.00651));
#13609=CARTESIAN_POINT('',(0.296719764,-0.159972322,0.00651));
#13610=CARTESIAN_POINT('',(0.29758652113693,-0.1604714390837,0.00651));
#13611=CARTESIAN_POINT('',(0.29758652113693,-0.1604714390837,0.00501));
#13612=CARTESIAN_POINT('',(0.297328017999996,-0.159505228999986,0.00501));
#13613=CARTESIAN_POINT('',(0.297328017999996,-0.159505228999986,0.00651));
#13614=CARTESIAN_POINT('',(0.297328017999996,-0.159505228999986,0.00651));
#13615=CARTESIAN_POINT('',(0.29758652113693,-0.1604714390837,0.00651));
#13616=CARTESIAN_POINT('',(0.311542611,-0.155703653,0.00651));
#13617=CARTESIAN_POINT('',(0.311542611,-0.155703653,0.00501));
#13618=CARTESIAN_POINT('',(0.311542607681032,-0.15570365388763,0.00501));
#13619=CARTESIAN_POINT('',(0.311542607681032,-0.15570365388763,0.00651));
#13620=CARTESIAN_POINT('',(0.311542607681032,-0.15570365388763,0.00651));
#13621=CARTESIAN_POINT('',(0.311542611,-0.155703653,0.00651));
#13622=CARTESIAN_POINT('',(0.31128423375767,-0.1547375760356,0.00651));
#13623=CARTESIAN_POINT('',(0.31128423375767,-0.1547375760356,0.00501));
#13624=CARTESIAN_POINT('',(0.312150713999982,-0.155236850999989,0.00501));
#13625=CARTESIAN_POINT('',(0.312150713999982,-0.155236850999989,0.00651));
#13626=CARTESIAN_POINT('',(0.312150713999982,-0.155236850999989,0.00651));
#13627=CARTESIAN_POINT('',(0.31128423375767,-0.1547375760356,0.00651));
#13628=CARTESIAN_POINT('',(0.313497513,-0.152899431,0.00651));
#13629=CARTESIAN_POINT('',(0.313497513,-0.152899431,0.00501));
#13630=CARTESIAN_POINT('',(0.313497512999984,-0.152899430999991,0.00501));
#13631=CARTESIAN_POINT('',(0.313497512999984,-0.152899430999991,0.00651));
#13632=CARTESIAN_POINT('',(0.313497512999984,-0.152899430999991,0.00651));
#13633=CARTESIAN_POINT('',(0.313497513,-0.152899431,0.00651));
#13634=CARTESIAN_POINT('',(0.31263099299378,-0.152400177061,0.00651));
#13635=CARTESIAN_POINT('',(0.31263099299378,-0.152400177061,0.00501));
#13636=CARTESIAN_POINT('',(0.313596855000011,-0.152140904999997,0.00501));
#13637=CARTESIAN_POINT('',(0.313596855000011,-0.152140904999997,0.00651));
#13638=CARTESIAN_POINT('',(0.313596855000011,-0.152140904999997,0.00651));
#13639=CARTESIAN_POINT('',(0.31263099299378,-0.152400177061,0.00651));
#13640=CARTESIAN_POINT('',(0.307571862,-0.129698155,0.00651));
#13641=CARTESIAN_POINT('',(0.307571862,-0.129698155,0.00501));
#13642=CARTESIAN_POINT('',(0.307571862961969,-0.12969815858328,0.00501));
#13643=CARTESIAN_POINT('',(0.307571862961969,-0.12969815858328,0.00651));
#13644=CARTESIAN_POINT('',(0.307571862961969,-0.12969815858328,0.00651));
#13645=CARTESIAN_POINT('',(0.307571862,-0.129698155,0.00651));
#13646=CARTESIAN_POINT('',(0.30853768556064,-0.1294388790799,0.00651));
#13647=CARTESIAN_POINT('',(0.30853768556064,-0.1294388790799,0.00501));
#13648=CARTESIAN_POINT('',(0.30768016999999,-0.128924382999994,0.00501));
#13649=CARTESIAN_POINT('',(0.30768016999999,-0.128924382999994,0.00651));
#13650=CARTESIAN_POINT('',(0.30768016999999,-0.128924382999994,0.00651));
#13651=CARTESIAN_POINT('',(0.30853768556064,-0.1294388790799,0.00651));
#13652=CARTESIAN_POINT('',(0.308243007,-0.127986321,0.00651));
#13653=CARTESIAN_POINT('',(0.308243007,-0.127986321,0.00501));
#13654=CARTESIAN_POINT('',(0.308249825105649,-0.127974882692709,0.00501));
#13655=CARTESIAN_POINT('',(0.308249825105649,-0.127974882692709,0.00651));
#13656=CARTESIAN_POINT('',(0.308249825105649,-0.127974882692709,0.00651));
#13657=CARTESIAN_POINT('',(0.308243007,-0.127986321,0.00651));
#13658=CARTESIAN_POINT('',(0.308812991,-0.126997228,0.00651));
#13659=CARTESIAN_POINT('',(0.308812991,-0.126997228,0.00501));
#13660=CARTESIAN_POINT('',(0.30881299048,-0.126997228902646,0.00501));
#13661=CARTESIAN_POINT('',(0.30881299048,-0.126997228902646,0.00651));
#13662=CARTESIAN_POINT('',(0.30881299048,-0.126997228902646,0.00651));
#13663=CARTESIAN_POINT('',(0.308812991,-0.126997228,0.00651));
#13664=CARTESIAN_POINT('',(0.30967947519202,-0.1274963972603,0.00651));
#13665=CARTESIAN_POINT('',(0.30967947519202,-0.1274963972603,0.00501));
#13666=CARTESIAN_POINT('',(0.309416528999996,-0.126531604999987,0.00501));
#13667=CARTESIAN_POINT('',(0.309416528999996,-0.126531604999987,0.00651));
#13668=CARTESIAN_POINT('',(0.309416528999996,-0.126531604999987,0.00651));
#13669=CARTESIAN_POINT('',(0.30967947519202,-0.1274963972603,0.00651));
#13670=CARTESIAN_POINT('',(0.315630635,-0.124837929,0.00651));
#13671=CARTESIAN_POINT('',(0.315630635,-0.124837929,0.00501));
#13672=CARTESIAN_POINT('',(0.315630634999986,-0.124837928999948,0.00501));
#13673=CARTESIAN_POINT('',(0.315630634999986,-0.124837928999948,0.00651));
#13674=CARTESIAN_POINT('',(0.315630634999986,-0.124837928999948,0.00651));
#13675=CARTESIAN_POINT('',(0.315630635,-0.124837929,0.00651));
#13676=CARTESIAN_POINT('',(0.31589363459525,-0.1258026663886,0.00651));
#13677=CARTESIAN_POINT('',(0.31589363459525,-0.1258026663886,0.00501));
#13678=CARTESIAN_POINT('',(0.316391847847015,-0.124935670515531,0.00501));
#13679=CARTESIAN_POINT('',(0.316391845038776,-0.124935675402411,0.00651));
#13680=CARTESIAN_POINT('',(0.316391847847015,-0.124935670515531,0.00651));
#13681=CARTESIAN_POINT('',(0.31589363459525,-0.1258026663886,0.00651));
#13682=CARTESIAN_POINT('',(0.315893649795942,-0.125802631890625,0.00651));
#13683=CARTESIAN_POINT('',(0.315893649795942,-0.125802631890625,0.00501));
#13684=CARTESIAN_POINT('',(0.316859587771896,-0.125544167883648,0.00501));
#13685=CARTESIAN_POINT('',(0.316859587771896,-0.125544167883648,0.00651));
#13686=CARTESIAN_POINT('',(0.31685958651098,-0.125544168221042,0.00651));
#13687=CARTESIAN_POINT('',(0.315893649795942,-0.125802631890625,0.00651));
#13688=CARTESIAN_POINT('',(0.31726574,-0.127061482,0.00651));
#13689=CARTESIAN_POINT('',(0.31726574,-0.127061482,0.00501));
#13690=CARTESIAN_POINT('',(0.317265740000012,-0.127061481999997,0.00501));
#13691=CARTESIAN_POINT('',(0.317265740000012,-0.127061481999997,0.00651));
#13692=CARTESIAN_POINT('',(0.317265740000012,-0.127061481999997,0.00651));
#13693=CARTESIAN_POINT('',(0.31726574,-0.127061482,0.00651));
#13694=CARTESIAN_POINT('',(0.31823194574984,-0.1268027595083,0.00651));
#13695=CARTESIAN_POINT('',(0.31823194574984,-0.1268027595083,0.00501));
#13696=CARTESIAN_POINT('',(0.317721192000021,-0.127662771999964,0.00501));
#13697=CARTESIAN_POINT('',(0.317721192000021,-0.127662771999964,0.00651));
#13698=CARTESIAN_POINT('',(0.317721192000021,-0.127662771999964,0.00651));
#13699=CARTESIAN_POINT('',(0.31823194574984,-0.1268027595083,0.00651));
#13700=CARTESIAN_POINT('',(0.319020479,-0.128434215,0.00651));
#13701=CARTESIAN_POINT('',(0.319020479,-0.128434215,0.00501));
#13702=CARTESIAN_POINT('',(0.3190204759747,-0.128434213203748,0.00501));
#13703=CARTESIAN_POINT('',(0.3190204759747,-0.128434213203748,0.00651));
#13704=CARTESIAN_POINT('',(0.3190204759747,-0.128434213203748,0.00651));
#13705=CARTESIAN_POINT('',(0.319020479,-0.128434215,0.00651));
#13706=CARTESIAN_POINT('',(0.31953102986471,-0.1275743164278,0.00651));
#13707=CARTESIAN_POINT('',(0.31953102986471,-0.1275743164278,0.00501));
#13708=CARTESIAN_POINT('',(0.319789362000001,-0.128540418000004,0.00501));
#13709=CARTESIAN_POINT('',(0.319789362000001,-0.128540418000004,0.00651));
#13710=CARTESIAN_POINT('',(0.319789362000001,-0.128540418000004,0.00651));
#13711=CARTESIAN_POINT('',(0.31953102986471,-0.1275743164278,0.00651));
#13712=CARTESIAN_POINT('',(0.333709723,-0.12481776,0.00651));
#13713=CARTESIAN_POINT('',(0.333709723,-0.12481776,0.00501));
#13714=CARTESIAN_POINT('',(0.333709702064816,-0.124817765600553,0.00501));
#13715=CARTESIAN_POINT('',(0.333709702064816,-0.124817765600553,0.00651));
#13716=CARTESIAN_POINT('',(0.333709702064816,-0.124817765600553,0.00651));
#13717=CARTESIAN_POINT('',(0.333709723,-0.12481776,0.00651));
#13718=CARTESIAN_POINT('',(0.33396812045755,-0.1257833662916,0.00651));
#13719=CARTESIAN_POINT('',(0.33396812045755,-0.1257833662916,0.00501));
#13720=CARTESIAN_POINT('',(0.334472948000003,-0.124920629999995,0.00501));
#13721=CARTESIAN_POINT('',(0.334472948000003,-0.124920629999995,0.00651));
#13722=CARTESIAN_POINT('',(0.334472948000003,-0.124920629999995,0.00651));
#13723=CARTESIAN_POINT('',(0.33396812045755,-0.1257833662916,0.00651));
#13724=CARTESIAN_POINT('',(0.334868795,-0.125152163,0.00651));
#13725=CARTESIAN_POINT('',(0.334868795,-0.125152163,0.00501));
#13726=CARTESIAN_POINT('',(0.334868795000006,-0.12515216299999,0.00501));
#13727=CARTESIAN_POINT('',(0.334868795000006,-0.12515216299999,0.00651));
#13728=CARTESIAN_POINT('',(0.334868795000006,-0.12515216299999,0.00651));
#13729=CARTESIAN_POINT('',(0.334868795,-0.125152163,0.00651));
#13730=CARTESIAN_POINT('',(0.33436405404823,-0.1260152510882,0.00651));
#13731=CARTESIAN_POINT('',(0.33436405404823,-0.1260152510882,0.00501));
#13732=CARTESIAN_POINT('',(0.335329757000001,-0.12575621,0.00501));
#13733=CARTESIAN_POINT('',(0.335329757000001,-0.12575621,0.00651));
#13734=CARTESIAN_POINT('',(0.335329757000001,-0.12575621,0.00651));
#13735=CARTESIAN_POINT('',(0.33436405404823,-0.1260152510882,0.00651));
#13736=CARTESIAN_POINT('',(0.335576944,-0.12667754,0.00651));
#13737=CARTESIAN_POINT('',(0.335576944,-0.12667754,0.00501));
#13738=CARTESIAN_POINT('',(0.335576944000008,-0.126677539999998,0.00501));
#13739=CARTESIAN_POINT('',(0.335576944000008,-0.126677539999998,0.00651));
#13740=CARTESIAN_POINT('',(0.335576944000008,-0.126677539999998,0.00651));
#13741=CARTESIAN_POINT('',(0.335576944,-0.12667754,0.00651));
#13742=CARTESIAN_POINT('',(0.33654247097888,-0.1264186480106,0.00651));
#13743=CARTESIAN_POINT('',(0.33654247097888,-0.1264186480106,0.00501));
#13744=CARTESIAN_POINT('',(0.336043219000015,-0.127284681999974,0.00501));
#13745=CARTESIAN_POINT('',(0.336043219000015,-0.127284681999974,0.00651));
#13746=CARTESIAN_POINT('',(0.336043219000015,-0.127284681999974,0.00651));
#13747=CARTESIAN_POINT('',(0.33654247097888,-0.1264186480106,0.00651));
#13748=CARTESIAN_POINT('',(0.33874139,-0.12884069,0.00651));
#13749=CARTESIAN_POINT('',(0.33874139,-0.12884069,0.00501));
#13750=CARTESIAN_POINT('',(0.338741390000015,-0.128840689999973,0.00501));
#13751=CARTESIAN_POINT('',(0.338741390000015,-0.128840689999973,0.00651));
#13752=CARTESIAN_POINT('',(0.338741390000015,-0.128840689999973,0.00651));
#13753=CARTESIAN_POINT('',(0.33874139,-0.12884069,0.00651));
#13754=CARTESIAN_POINT('',(0.3392409268817,-0.1279745956394,0.00651));
#13755=CARTESIAN_POINT('',(0.3392409268817,-0.1279745956394,0.00501));
#13756=CARTESIAN_POINT('',(0.339499288999988,-0.128940465999957,0.00501));
#13757=CARTESIAN_POINT('',(0.339499288999988,-0.128940465999957,0.00651));
#13758=CARTESIAN_POINT('',(0.339499288999988,-0.128940465999957,0.00651));
#13759=CARTESIAN_POINT('',(0.3392409268817,-0.1279745956394,0.00651));
#13760=CARTESIAN_POINT('',(0.389551327,-0.115556137,0.00651));
#13761=CARTESIAN_POINT('',(0.389551327,-0.115556137,0.00501));
#13762=CARTESIAN_POINT('',(0.389551326999988,-0.115556136999956,0.00501));
#13763=CARTESIAN_POINT('',(0.389551326999988,-0.115556136999956,0.00651));
#13764=CARTESIAN_POINT('',(0.389551326999988,-0.115556136999956,0.00651));
#13765=CARTESIAN_POINT('',(0.389551327,-0.115556137,0.00651));
#13766=CARTESIAN_POINT('',(0.38929309586151,-0.1145902157946,0.00651));
#13767=CARTESIAN_POINT('',(0.38929309586151,-0.1145902157946,0.00501));
#13768=CARTESIAN_POINT('',(0.39016062299998,-0.115087290999988,0.00501));
#13769=CARTESIAN_POINT('',(0.39016062299998,-0.115087290999988,0.00651));
#13770=CARTESIAN_POINT('',(0.39016062299998,-0.115087290999988,0.00651));
#13771=CARTESIAN_POINT('',(0.38929309586151,-0.1145902157946,0.00651));
#13772=CARTESIAN_POINT('',(0.391820033,-0.11219164,0.00651));
#13773=CARTESIAN_POINT('',(0.391820033,-0.11219164,0.00501));
#13774=CARTESIAN_POINT('',(0.391820032999994,-0.112191639999997,0.00501));
#13775=CARTESIAN_POINT('',(0.391820032999994,-0.112191639999997,0.00651));
#13776=CARTESIAN_POINT('',(0.391820032999994,-0.112191639999997,0.00651));
#13777=CARTESIAN_POINT('',(0.391820033,-0.11219164,0.00651));
#13778=CARTESIAN_POINT('',(0.3909520534715,-0.1116943858547,0.00651));
#13779=CARTESIAN_POINT('',(0.3909520534715,-0.1116943858547,0.00501));
#13780=CARTESIAN_POINT('',(0.391918375000005,-0.111435787999999,0.00501));
#13781=CARTESIAN_POINT('',(0.391918375000005,-0.111435787999999,0.00651));
#13782=CARTESIAN_POINT('',(0.391918375000005,-0.111435787999999,0.00651));
#13783=CARTESIAN_POINT('',(0.3909520534715,-0.1116943858547,0.00651));
#13784=CARTESIAN_POINT('',(0.372561974,-0.039142754,0.00651));
#13785=CARTESIAN_POINT('',(0.372561974,-0.039142754,0.00501));
#13786=CARTESIAN_POINT('',(0.372561973999999,-0.0391427540000003,0.00501));
#13787=CARTESIAN_POINT('',(0.372561973999999,-0.0391427540000003,0.00651));
#13788=CARTESIAN_POINT('',(0.372561973999999,-0.0391427540000003,0.00651));
#13789=CARTESIAN_POINT('',(0.372561974,-0.039142754,0.00651));
#13790=CARTESIAN_POINT('',(0.37159643986181,-0.03940113348319,0.00651));
#13791=CARTESIAN_POINT('',(0.37159643986181,-0.03940113348319,0.00501));
#13792=CARTESIAN_POINT('',(0.372294005,-0.0386852990000002,0.00501));
#13793=CARTESIAN_POINT('',(0.372294005,-0.0386852990000002,0.00651));
#13794=CARTESIAN_POINT('',(0.372294005,-0.0386852990000002,0.00651));
#13795=CARTESIAN_POINT('',(0.37159643986181,-0.03940113348319,0.00651));
#13796=CARTESIAN_POINT('',(0.367531182,-0.034042772,0.00651));
#13797=CARTESIAN_POINT('',(0.367531182,-0.034042772,0.00501));
#13798=CARTESIAN_POINT('',(0.367531182,-0.034042772,0.00501));
#13799=CARTESIAN_POINT('',(0.367531182,-0.034042772,0.00651));
#13800=CARTESIAN_POINT('',(0.367531182,-0.034042772,0.00651));
#13801=CARTESIAN_POINT('',(0.367531182,-0.034042772,0.00651));
#13802=CARTESIAN_POINT('',(0.36683323486888,-0.03475863184705,0.00651));
#13803=CARTESIAN_POINT('',(0.36683323486888,-0.03475863184705,0.00501));
#13804=CARTESIAN_POINT('',(0.366574824501097,-0.033792811157506,0.00501));
#13805=CARTESIAN_POINT('',(0.366574824501097,-0.033792811157506,0.00651));
#13806=CARTESIAN_POINT('',(0.366574824501097,-0.033792811157506,0.00651));
#13807=CARTESIAN_POINT('',(0.36683323486888,-0.03475863184705,0.00651));
#13808=CARTESIAN_POINT('',(0.321042394,-0.045968151,0.00651));
#13809=CARTESIAN_POINT('',(0.321042394,-0.045968151,0.00501));
#13810=CARTESIAN_POINT('',(0.321042398693408,-0.0459682046612301,0.00501));
#13811=CARTESIAN_POINT('',(0.321042396500052,-0.0459681944999808,0.00651));
#13812=CARTESIAN_POINT('',(0.321042398693408,-0.0459682046612301,0.00651));
#13813=CARTESIAN_POINT('',(0.321042394,-0.045968151,0.00651));
#13814=CARTESIAN_POINT('',(0.32078831696047,-0.0449704311344699,0.00651));
#13815=CARTESIAN_POINT('',(0.32078831696047,-0.0449704311344699,0.00501));
#13816=CARTESIAN_POINT('',(0.320189183,-0.045807829999989,0.00501));
#13817=CARTESIAN_POINT('',(0.320189183,-0.045807829999989,0.00651));
#13818=CARTESIAN_POINT('',(0.320189183,-0.045807829999989,0.00651));
#13819=CARTESIAN_POINT('',(0.32078831696047,-0.0449704311344699,0.00651));
#13820=CARTESIAN_POINT('',(0.320788344133287,-0.0449705434602588,0.00651));
#13821=CARTESIAN_POINT('',(0.320788344133287,-0.0449705434602588,0.00501));
#13822=CARTESIAN_POINT('',(0.31976203635849,-0.0450519848542712,0.00501));
#13823=CARTESIAN_POINT('',(0.319762043367517,-0.0450519852949379,0.00651));
#13824=CARTESIAN_POINT('',(0.319762036383588,-0.0450519851848245,0.0065099999999898));
#13825=CARTESIAN_POINT('',(0.320788344133287,-0.0449705434602588,0.00651));
#13826=CARTESIAN_POINT('',(0.31868222056389,-0.0451674865847,0.00651));
#13827=CARTESIAN_POINT('',(0.31868222056389,-0.0451674865847,0.00501));
#13828=CARTESIAN_POINT('',(0.31924328099991,-0.0442376079999495,0.00501));
#13829=CARTESIAN_POINT('',(0.31924328099991,-0.0442376079999495,0.00651));
#13830=CARTESIAN_POINT('',(0.31924328099991,-0.0442376079999495,0.00651));
#13831=CARTESIAN_POINT('',(0.31868222056389,-0.0451674865847,0.00651));
#13832=CARTESIAN_POINT('',(0.316526469,-0.04265566,0.00651));
#13833=CARTESIAN_POINT('',(0.316526469,-0.04265566,0.00501));
#13834=CARTESIAN_POINT('',(0.316526469000001,-0.0426556599999972,0.00501));
#13835=CARTESIAN_POINT('',(0.316526469000001,-0.0426556599999972,0.00651));
#13836=CARTESIAN_POINT('',(0.316526469000001,-0.0426556599999972,0.00651));
#13837=CARTESIAN_POINT('',(0.316526469,-0.04265566,0.00651));
#13838=CARTESIAN_POINT('',(0.3160233213594,-0.04351959058055,0.00651));
#13839=CARTESIAN_POINT('',(0.3160233213594,-0.04351959058055,0.00501));
#13840=CARTESIAN_POINT('',(0.315764629999999,-0.0425538719999942,0.00501));
#13841=CARTESIAN_POINT('',(0.315764629999999,-0.0425538719999942,0.00651));
#13842=CARTESIAN_POINT('',(0.315764629999999,-0.0425538719999942,0.00651));
#13843=CARTESIAN_POINT('',(0.3160233213594,-0.04351959058055,0.00651));
#13844=CARTESIAN_POINT('',(0.301229912,-0.046445678,0.00651));
#13845=CARTESIAN_POINT('',(0.301229912,-0.046445678,0.00501));
#13846=CARTESIAN_POINT('',(0.301229912000322,-0.0464456779999098,0.00501));
#13847=CARTESIAN_POINT('',(0.301229912000322,-0.0464456779999098,0.00651));
#13848=CARTESIAN_POINT('',(0.301229912000322,-0.0464456779999098,0.00651));
#13849=CARTESIAN_POINT('',(0.301229912,-0.046445678,0.00651));
#13850=CARTESIAN_POINT('',(0.30097531603658,-0.04544876535453,0.00651));
#13851=CARTESIAN_POINT('',(0.30097531603658,-0.04544876535453,0.00501));
#13852=CARTESIAN_POINT('',(0.299949712999992,-0.0455311809999691,0.00501));
#13853=CARTESIAN_POINT('',(0.299949712999992,-0.0455311809999691,0.00651));
#13854=CARTESIAN_POINT('',(0.299949712999992,-0.0455311809999691,0.00651));
#13855=CARTESIAN_POINT('',(0.30097531603658,-0.04544876535453,0.00651));
#13856=CARTESIAN_POINT('',(0.29887170952201,-0.04564719993984,0.00651));
#13857=CARTESIAN_POINT('',(0.29887170952201,-0.04564719993984,0.00501));
#13858=CARTESIAN_POINT('',(0.299426856000081,-0.0447158760000442,0.00501));
#13859=CARTESIAN_POINT('',(0.299426856000081,-0.0447158760000442,0.00651));
#13860=CARTESIAN_POINT('',(0.299426856000081,-0.0447158760000442,0.00651));
#13861=CARTESIAN_POINT('',(0.29887170952201,-0.04564719993984,0.00651));
#13862=CARTESIAN_POINT('',(0.296972659,-0.04330388,0.00651));
#13863=CARTESIAN_POINT('',(0.296972659,-0.04330388,0.00501));
#13864=CARTESIAN_POINT('',(0.296972659000002,-0.043303879999997,0.00501));
#13865=CARTESIAN_POINT('',(0.296972659000002,-0.043303879999997,0.00651));
#13866=CARTESIAN_POINT('',(0.296972659000002,-0.043303879999997,0.00651));
#13867=CARTESIAN_POINT('',(0.296972659,-0.04330388,0.00651));
#13868=CARTESIAN_POINT('',(0.29647394855118,-0.04417082595893,0.00651));
#13869=CARTESIAN_POINT('',(0.29647394855118,-0.04417082595893,0.00501));
#13870=CARTESIAN_POINT('',(0.29621575,-0.0432045749999945,0.00501));
#13871=CARTESIAN_POINT('',(0.29621575,-0.0432045749999945,0.00651));
#13872=CARTESIAN_POINT('',(0.29621575,-0.0432045749999945,0.00651));
#13873=CARTESIAN_POINT('',(0.29647394855118,-0.04417082595893,0.00651));
#13874=CARTESIAN_POINT('',(0.278159391,-0.0480307,0.00651));
#13875=CARTESIAN_POINT('',(0.278159391,-0.0480307,0.00501));
#13876=CARTESIAN_POINT('',(0.278159390999999,-0.0480306999999971,0.00501));
#13877=CARTESIAN_POINT('',(0.278159390999999,-0.0480306999999971,0.00651));
#13878=CARTESIAN_POINT('',(0.278159390999999,-0.0480306999999971,0.00651));
#13879=CARTESIAN_POINT('',(0.278159391,-0.0480307,0.00651));
#13880=CARTESIAN_POINT('',(0.27841750516083,-0.04899666293496,0.00651));
#13881=CARTESIAN_POINT('',(0.27841750516083,-0.04899666293496,0.00501));
#13882=CARTESIAN_POINT('',(0.277550698,-0.0484983129999969,0.00501));
#13883=CARTESIAN_POINT('',(0.277550698,-0.0484983129999969,0.00651));
#13884=CARTESIAN_POINT('',(0.277550698,-0.0484983129999969,0.00651));
#13885=CARTESIAN_POINT('',(0.27841750516083,-0.04899666293496,0.00651));
#13886=CARTESIAN_POINT('',(0.275965154,-0.051255771,0.00651));
#13887=CARTESIAN_POINT('',(0.275965154,-0.051255771,0.00501));
#13888=CARTESIAN_POINT('',(0.275965153999806,-0.0512557710003374,0.00501));
#13889=CARTESIAN_POINT('',(0.275965153999806,-0.0512557710003374,0.00651));
#13890=CARTESIAN_POINT('',(0.275965153999806,-0.0512557710003374,0.00651));
#13891=CARTESIAN_POINT('',(0.275965154,-0.051255771,0.00651));
#13892=CARTESIAN_POINT('',(0.27690041554304,-0.05177735993265,0.00651));
#13893=CARTESIAN_POINT('',(0.27690041554304,-0.05177735993265,0.00501));
#13894=CARTESIAN_POINT('',(0.275915800999995,-0.0521984340000052,0.00501));
#13895=CARTESIAN_POINT('',(0.275915800999995,-0.0521984340000052,0.00651));
#13896=CARTESIAN_POINT('',(0.275915800999995,-0.0521984340000052,0.00651));
#13897=CARTESIAN_POINT('',(0.27690041554304,-0.05177735993265,0.00651));
#13898=CARTESIAN_POINT('',(0.27498389213941,-0.05262227362324,0.00651));
#13899=CARTESIAN_POINT('',(0.27498389213941,-0.05262227362324,0.00501));
#13900=CARTESIAN_POINT('',(0.275259078999878,-0.0536083600000279,0.00501));
#13901=CARTESIAN_POINT('',(0.275259078999878,-0.0536083600000279,0.00651));
#13902=CARTESIAN_POINT('',(0.275259078999878,-0.0536083600000279,0.00651));
#13903=CARTESIAN_POINT('',(0.27498389213941,-0.05262227362324,0.00651));
#13904=CARTESIAN_POINT('',(0.261070979,-0.057421461,0.00651));
#13905=CARTESIAN_POINT('',(0.261070979,-0.057421461,0.00501));
#13906=CARTESIAN_POINT('',(0.261070978999665,-0.0574214610000902,0.00501));
#13907=CARTESIAN_POINT('',(0.261070978999665,-0.0574214610000902,0.00651));
#13908=CARTESIAN_POINT('',(0.261070978999665,-0.0574214610000902,0.00651));
#13909=CARTESIAN_POINT('',(0.261070979,-0.057421461,0.00651));
#13910=CARTESIAN_POINT('',(0.232750629,-0.065790042,0.00651));
#13911=CARTESIAN_POINT('',(0.232750629,-0.065790042,0.00501));
#13912=CARTESIAN_POINT('',(0.232750628999999,-0.0657900419999964,0.00501));
#13913=CARTESIAN_POINT('',(0.232750628999999,-0.0657900419999964,0.00651));
#13914=CARTESIAN_POINT('',(0.232750628999999,-0.0657900419999964,0.00651));
#13915=CARTESIAN_POINT('',(0.232750629,-0.065790042,0.00651));
#13916=CARTESIAN_POINT('',(0.2324672385489,-0.0648310662544,0.00651));
#13917=CARTESIAN_POINT('',(0.2324672385489,-0.0648310662544,0.00501));
#13918=CARTESIAN_POINT('',(0.231868489000004,-0.0656319680000001,0.00501));
#13919=CARTESIAN_POINT('',(0.231868489000004,-0.0656319680000001,0.00651));
#13920=CARTESIAN_POINT('',(0.231868489000004,-0.0656319680000001,0.00651));
#13921=CARTESIAN_POINT('',(0.2324672385489,-0.0648310662544,0.00651));
#13922=CARTESIAN_POINT('',(0.22200926,-0.059938826,0.00651));
#13923=CARTESIAN_POINT('',(0.22200926,-0.059938826,0.00501));
#13924=CARTESIAN_POINT('',(0.222009263049336,-0.0599388277608171,0.00501));
#13925=CARTESIAN_POINT('',(0.222009263049336,-0.0599388277608171,0.00651));
#13926=CARTESIAN_POINT('',(0.222009263049336,-0.0599388277608171,0.00651));
#13927=CARTESIAN_POINT('',(0.22200926,-0.059938826,0.00651));
#13928=CARTESIAN_POINT('',(0.2215091922958,-0.06080484729947,0.00651));
#13929=CARTESIAN_POINT('',(0.2215091922958,-0.06080484729947,0.00501));
#13930=CARTESIAN_POINT('',(0.221509196324657,-0.0598048169999979,0.00501));
#13931=CARTESIAN_POINT('',(0.221509196324657,-0.0598048169999979,0.00651));
#13932=CARTESIAN_POINT('',(0.221509196324657,-0.0598048169999979,0.00651));
#13933=CARTESIAN_POINT('',(0.2215091922958,-0.06080484729947,0.00651));
#13934=CARTESIAN_POINT('',(0.207365057,-0.059804812,0.00651));
#13935=CARTESIAN_POINT('',(0.207365057,-0.059804812,0.00501));
#13936=CARTESIAN_POINT('',(0.207365057,-0.059804812,0.00501));
#13937=CARTESIAN_POINT('',(0.207365057,-0.059804812,0.00651));
#13938=CARTESIAN_POINT('',(0.207365057,-0.059804812,0.00651));
#13939=CARTESIAN_POINT('',(0.207365057,-0.059804812,0.00651));
#13940=CARTESIAN_POINT('',(0.193231952,-0.059804814,0.00651));
#13941=CARTESIAN_POINT('',(0.193231952,-0.059804814,0.00501));
#13942=CARTESIAN_POINT('',(0.193231952167654,-0.059804814,0.00501));
#13943=CARTESIAN_POINT('',(0.193231952167654,-0.059804814,0.00651));
#13944=CARTESIAN_POINT('',(0.193231952167654,-0.059804814,0.00651));
#13945=CARTESIAN_POINT('',(0.193231952,-0.059804814,0.00651));
#13946=CARTESIAN_POINT('',(0.19323195247682,-0.06080481593565,0.00651));
#13947=CARTESIAN_POINT('',(0.19323195247682,-0.06080481593565,0.00501));
#13948=CARTESIAN_POINT('',(0.192714201803275,-0.0599492821190494,0.00501));
#13949=CARTESIAN_POINT('',(0.192714201803275,-0.0599492821190494,0.00651));
#13950=CARTESIAN_POINT('',(0.192714201803275,-0.0599492821190494,0.00651));
#13951=CARTESIAN_POINT('',(0.19323195247682,-0.06080481593565,0.00651));
#13952=CARTESIAN_POINT('',(0.183481088,-0.065536967,0.00651));
#13953=CARTESIAN_POINT('',(0.183481088,-0.065536967,0.00501));
#13954=CARTESIAN_POINT('',(0.183481087999999,-0.0655369670000006,0.00501));
#13955=CARTESIAN_POINT('',(0.183481087999999,-0.0655369670000006,0.00651));
#13956=CARTESIAN_POINT('',(0.183481087999999,-0.0655369670000006,0.00651));
#13957=CARTESIAN_POINT('',(0.183481088,-0.065536967,0.00651));
#13958=CARTESIAN_POINT('',(0.18277307063283,-0.06483104231037,0.00651));
#13959=CARTESIAN_POINT('',(0.18277307063283,-0.06483104231037,0.00501));
#13960=CARTESIAN_POINT('',(0.182503302270608,-0.0657938041170081,0.00501));
#13961=CARTESIAN_POINT('',(0.182503302270608,-0.0657938041170081,0.00651));
#13962=CARTESIAN_POINT('',(0.182503302270608,-0.0657938041170081,0.00651));
#13963=CARTESIAN_POINT('',(0.18277307063283,-0.06483104231037,0.00651));
#13964=CARTESIAN_POINT('',(0.167892549,-0.061701337999989,0.00651));
#13965=CARTESIAN_POINT('',(0.167892549,-0.061701337999989,0.00501));
#13966=CARTESIAN_POINT('',(0.153281800238188,-0.057608833579469,0.00501));
#13967=CARTESIAN_POINT('',(0.153281800238188,-0.057608833579469,0.00651));
#13968=CARTESIAN_POINT('',(0.153281800238188,-0.057608833579469,0.00651));
#13969=CARTESIAN_POINT('',(0.167892549,-0.061701337999989,0.00651));
#13970=CARTESIAN_POINT('',(0.207146999,-0.140003637999989,0.00651));
#13971=CARTESIAN_POINT('',(0.207146999,-0.140003637999989,0.00501));
#13972=CARTESIAN_POINT('',(0.207146999,-0.140003637999989,0.00651));
#13973=CARTESIAN_POINT('',(0.345998011147879,-0.0521405060696787,0.00651));
#13974=CARTESIAN_POINT('',(0.345998011147879,-0.0521405060696787,0.00501));
#13975=CARTESIAN_POINT('',(0.345998011147879,-0.0521405060696787,0.00651));
#13976=CARTESIAN_POINT('',(0.361412511147828,-0.109643506069602,0.00651));
#13977=CARTESIAN_POINT('',(0.361412511147828,-0.109643506069602,0.00501));
#13978=CARTESIAN_POINT('',(0.361412511147828,-0.109643506069602,0.00651));
#13979=CARTESIAN_POINT('',(0.0531120111478793,-0.110217706069679,0.00651));
#13980=CARTESIAN_POINT('',(0.0531120111478793,-0.110217706069679,0.00501));
#13981=CARTESIAN_POINT('',(0.0531120111478793,-0.110217706069679,0.00651));
#13982=CARTESIAN_POINT('',(0.0685203111478793,-0.0527129060696787,0.00651));
#13983=CARTESIAN_POINT('',(0.0685203111478793,-0.0527129060696787,0.00501));
#13984=CARTESIAN_POINT('',(0.0685203111478793,-0.0527129060696787,0.00651));
#13985=CARTESIAN_POINT('',(0.181766837008324,-0.12734014502695,0.00651));
#13986=CARTESIAN_POINT('',(0.181766837008324,-0.12734014502695,0.00501));
#13987=CARTESIAN_POINT('',(0.181766837008324,-0.12734014502695,0.00651));
#13988=CARTESIAN_POINT('',(0.181766837008298,-0.0820964450269111,0.00651));
#13989=CARTESIAN_POINT('',(0.181766837008298,-0.0820964450269111,0.00501));
#13990=CARTESIAN_POINT('',(0.181766837008298,-0.0820964450269111,0.00651));
#13991=CARTESIAN_POINT('',(0.2341543370083,-0.0820964450269138,0.00651));
#13992=CARTESIAN_POINT('',(0.2341543370083,-0.0820964450269138,0.00501));
#13993=CARTESIAN_POINT('',(0.2341543370083,-0.0820964450269138,0.00651));
#13994=CARTESIAN_POINT('',(0.234154337008324,-0.12972144502695,0.00651));
#13995=CARTESIAN_POINT('',(0.234154337008324,-0.12972144502695,0.00501));
#13996=CARTESIAN_POINT('',(0.234154337008324,-0.12972144502695,0.00651));
#13997=CARTESIAN_POINT('',(0.077262699,-0.084489787999989,0.00651));
#13998=CARTESIAN_POINT('',(0.077262699,-0.084489787999989,0.00501));
#13999=CARTESIAN_POINT('',(0.077262699,-0.084489787999989,0.00651));
#14000=CARTESIAN_POINT('',(0.067382449,-0.094317437999989,0.00651));
#14001=CARTESIAN_POINT('',(0.067382449,-0.094317437999989,0.00501));
#14002=CARTESIAN_POINT('',(0.067382449,-0.094317437999989,0.00651));
#14003=CARTESIAN_POINT('',(0.062451899,-0.112718337999989,0.00651));
#14004=CARTESIAN_POINT('',(0.062451899,-0.112718337999989,0.00501));
#14005=CARTESIAN_POINT('',(0.062451899,-0.112718337999989,0.00651));
#14006=CARTESIAN_POINT('',(0.100437499,-0.071603787999989,0.00651));
#14007=CARTESIAN_POINT('',(0.100437499,-0.071603787999989,0.00501));
#14008=CARTESIAN_POINT('',(0.100437499,-0.071603787999989,0.00651));
#14009=CARTESIAN_POINT('',(0.086952999,-0.121928487999989,0.00651));
#14010=CARTESIAN_POINT('',(0.086952999,-0.121928487999989,0.00501));
#14011=CARTESIAN_POINT('',(0.086952999,-0.121928487999989,0.00651));
#14012=CARTESIAN_POINT('',(0.086933749,-0.094954387999989,0.00651));
#14013=CARTESIAN_POINT('',(0.086933749,-0.094954387999989,0.00501));
#14014=CARTESIAN_POINT('',(0.086933749,-0.094954387999989,0.00651));
#14015=CARTESIAN_POINT('',(0.058871499,-0.052592937999989,0.00651));
#14016=CARTESIAN_POINT('',(0.058871499,-0.052592937999989,0.00501));
#14017=CARTESIAN_POINT('',(0.058871499,-0.052592937999989,0.00651));
#14018=CARTESIAN_POINT('',(0.053940999,-0.070993787999989,0.00651));
#14019=CARTESIAN_POINT('',(0.053940999,-0.070993787999989,0.00501));
#14020=CARTESIAN_POINT('',(0.053940999,-0.070993787999989,0.00651));
#14021=CARTESIAN_POINT('',(0.044060749,-0.080821487999989,0.00651));
#14022=CARTESIAN_POINT('',(0.044060749,-0.080821487999989,0.00501));
#14023=CARTESIAN_POINT('',(0.044060749,-0.080821487999989,0.00651));
#14024=CARTESIAN_POINT('',(0.030557049,-0.104172137999989,0.00651));
#14025=CARTESIAN_POINT('',(0.030557049,-0.104172137999989,0.00501));
#14026=CARTESIAN_POINT('',(0.030557049,-0.104172137999989,0.00651));
#14027=CARTESIAN_POINT('',(0.090766399,-0.061139137999989,0.00651));
#14028=CARTESIAN_POINT('',(0.090766399,-0.061139137999989,0.00501));
#14029=CARTESIAN_POINT('',(0.090766399,-0.061139137999989,0.00651));
#14030=CARTESIAN_POINT('',(0.096794749,-0.058152637999989,0.00651));
#14031=CARTESIAN_POINT('',(0.096794749,-0.058152637999989,0.00501));
#14032=CARTESIAN_POINT('',(0.096794749,-0.058152637999989,0.00651));
#14033=CARTESIAN_POINT('',(0.155796699,-0.085810887999989,0.00651));
#14034=CARTESIAN_POINT('',(0.155796699,-0.085810887999989,0.00501));
#14035=CARTESIAN_POINT('',(0.155796699,-0.085810887999989,0.00651));
#14036=CARTESIAN_POINT('',(0.150866199,-0.104211787999989,0.00651));
#14037=CARTESIAN_POINT('',(0.150866199,-0.104211787999989,0.00501));
#14038=CARTESIAN_POINT('',(0.150866199,-0.104211787999989,0.00651));
#14039=CARTESIAN_POINT('',(0.140985949,-0.114039437999989,0.00651));
#14040=CARTESIAN_POINT('',(0.140985949,-0.114039437999989,0.00501));
#14041=CARTESIAN_POINT('',(0.140985949,-0.114039437999989,0.00651));
#14042=CARTESIAN_POINT('',(0.118887199,-0.122909637999989,0.00651));
#14043=CARTESIAN_POINT('',(0.118887199,-0.122909637999989,0.00501));
#14044=CARTESIAN_POINT('',(0.118887199,-0.122909637999989,0.00651));
#14045=CARTESIAN_POINT('',(0.155937799,-0.163765787999989,0.00651));
#14046=CARTESIAN_POINT('',(0.155937799,-0.163765787999989,0.00501));
#14047=CARTESIAN_POINT('',(0.155937799,-0.163765787999989,0.00651));
#14048=CARTESIAN_POINT('',(0.136055449,-0.132440337999989,0.00651));
#14049=CARTESIAN_POINT('',(0.136055449,-0.132440337999989,0.00501));
#14050=CARTESIAN_POINT('',(0.136055449,-0.132440337999989,0.00651));
#14051=CARTESIAN_POINT('',(0.108123849,-0.144678087999989,0.00651));
#14052=CARTESIAN_POINT('',(0.108123849,-0.144678087999989,0.00501));
#14053=CARTESIAN_POINT('',(0.108123849,-0.144678087999989,0.00651));
#14054=CARTESIAN_POINT('',(0.125292149,-0.154208837999989,0.00651));
#14055=CARTESIAN_POINT('',(0.125292149,-0.154208837999989,0.00501));
#14056=CARTESIAN_POINT('',(0.125292149,-0.154208837999989,0.00651));
#14057=CARTESIAN_POINT('',(0.129951249,-0.062106337999989,0.00651));
#14058=CARTESIAN_POINT('',(0.129951249,-0.062106337999989,0.00501));
#14059=CARTESIAN_POINT('',(0.129951249,-0.062106337999989,0.00651));
#14060=CARTESIAN_POINT('',(0.125020749,-0.080507237999989,0.00651));
#14061=CARTESIAN_POINT('',(0.125020749,-0.080507237999989,0.00501));
#14062=CARTESIAN_POINT('',(0.125020749,-0.080507237999989,0.00651));
#14063=CARTESIAN_POINT('',(0.120090249,-0.098908137999989,0.00651));
#14064=CARTESIAN_POINT('',(0.120090249,-0.098908137999989,0.00501));
#14065=CARTESIAN_POINT('',(0.120090249,-0.098908137999989,0.00651));
#14066=CARTESIAN_POINT('',(0.106586499,-0.122258787999989,0.00651));
#14067=CARTESIAN_POINT('',(0.106586499,-0.122258787999989,0.00501));
#14068=CARTESIAN_POINT('',(0.106586499,-0.122258787999989,0.00651));
#14069=CARTESIAN_POINT('',(0.123817699,-0.104508737999989,0.00651));
#14070=CARTESIAN_POINT('',(0.123817699,-0.104508737999989,0.00501));
#14071=CARTESIAN_POINT('',(0.123817699,-0.104508737999989,0.00651));
#14072=CARTESIAN_POINT('',(0.128748199,-0.086107837999989,0.00651));
#14073=CARTESIAN_POINT('',(0.128748199,-0.086107837999989,0.00501));
#14074=CARTESIAN_POINT('',(0.128748199,-0.086107837999989,0.00651));
#14075=CARTESIAN_POINT('',(0.133678699,-0.067706937999989,0.00651));
#14076=CARTESIAN_POINT('',(0.133678699,-0.067706937999989,0.00501));
#14077=CARTESIAN_POINT('',(0.133678699,-0.067706937999989,0.00651));
#14078=CARTESIAN_POINT('',(0.281903099,-0.099375337999989,0.00651));
#14079=CARTESIAN_POINT('',(0.281903099,-0.099375337999989,0.00501));
#14080=CARTESIAN_POINT('',(0.281903099,-0.099375337999989,0.00651));
#14081=CARTESIAN_POINT('',(0.307644549,-0.094794337999989,0.00651));
#14082=CARTESIAN_POINT('',(0.307644549,-0.094794337999989,0.00501));
#14083=CARTESIAN_POINT('',(0.307644549,-0.094794337999989,0.00651));
#14084=CARTESIAN_POINT('',(0.278238549,-0.132256687999989,0.00651));
#14085=CARTESIAN_POINT('',(0.278238549,-0.132256687999989,0.00501));
#14086=CARTESIAN_POINT('',(0.278238549,-0.132256687999989,0.00651));
#14087=CARTESIAN_POINT('',(0.258497299,-0.085627237999989,0.00651));
#14088=CARTESIAN_POINT('',(0.258497299,-0.085627237999989,0.00501));
#14089=CARTESIAN_POINT('',(0.258497299,-0.085627237999989,0.00651));
#14090=CARTESIAN_POINT('',(0.281883849,-0.126349437999989,0.00651));
#14091=CARTESIAN_POINT('',(0.281883849,-0.126349437999989,0.00501));
#14092=CARTESIAN_POINT('',(0.281883849,-0.126349437999989,0.00651));
#14093=CARTESIAN_POINT('',(0.304001849,-0.108245487999989,0.00651));
#14094=CARTESIAN_POINT('',(0.304001849,-0.108245487999989,0.00501));
#14095=CARTESIAN_POINT('',(0.304001849,-0.108245487999989,0.00651));
#14096=CARTESIAN_POINT('',(0.301396599,-0.153991337999989,0.00651));
#14097=CARTESIAN_POINT('',(0.301396599,-0.153991337999989,0.00501));
#14098=CARTESIAN_POINT('',(0.301396599,-0.153991337999989,0.00651));
#14099=CARTESIAN_POINT('',(0.275422349,-0.158367437999989,0.00651));
#14100=CARTESIAN_POINT('',(0.275422349,-0.158367437999989,0.00501));
#14101=CARTESIAN_POINT('',(0.275422349,-0.158367437999989,0.00651));
#14102=CARTESIAN_POINT('',(0.272042099,-0.062573587999989,0.00651));
#14103=CARTESIAN_POINT('',(0.272042099,-0.062573587999989,0.00501));
#14104=CARTESIAN_POINT('',(0.272042099,-0.062573587999989,0.00651));
#14105=CARTESIAN_POINT('',(0.297783549,-0.057992587999989,0.00651));
#14106=CARTESIAN_POINT('',(0.297783549,-0.057992587999989,0.00501));
#14107=CARTESIAN_POINT('',(0.297783549,-0.057992587999989,0.00651));
#14108=CARTESIAN_POINT('',(0.268377549,-0.095454937999989,0.00651));
#14109=CARTESIAN_POINT('',(0.268377549,-0.095454937999989,0.00501));
#14110=CARTESIAN_POINT('',(0.268377549,-0.095454937999989,0.00651));
#14111=CARTESIAN_POINT('',(0.273308049,-0.113855787999989,0.00651));
#14112=CARTESIAN_POINT('',(0.273308049,-0.113855787999989,0.00501));
#14113=CARTESIAN_POINT('',(0.273308049,-0.113855787999989,0.00651));
#14114=CARTESIAN_POINT('',(0.285545849,-0.085924187999989,0.00651));
#14115=CARTESIAN_POINT('',(0.285545849,-0.085924187999989,0.00501));
#14116=CARTESIAN_POINT('',(0.285545849,-0.085924187999989,0.00651));
#14117=CARTESIAN_POINT('',(0.289191149,-0.080016937999989,0.00651));
#14118=CARTESIAN_POINT('',(0.289191149,-0.080016937999989,0.00501));
#14119=CARTESIAN_POINT('',(0.289191149,-0.080016937999989,0.00651));
#14120=CARTESIAN_POINT('',(0.328458149,-0.079356387999989,0.00651));
#14121=CARTESIAN_POINT('',(0.328458149,-0.079356387999989,0.00501));
#14122=CARTESIAN_POINT('',(0.328458149,-0.079356387999989,0.00651));
#14123=CARTESIAN_POINT('',(0.338338399,-0.089184037999989,0.00651));
#14124=CARTESIAN_POINT('',(0.338338399,-0.089184037999989,0.00501));
#14125=CARTESIAN_POINT('',(0.338338399,-0.089184037999989,0.00651));
#14126=CARTESIAN_POINT('',(0.343268899,-0.107584937999989,0.00651));
#14127=CARTESIAN_POINT('',(0.343268899,-0.107584937999989,0.00501));
#14128=CARTESIAN_POINT('',(0.343268899,-0.107584937999989,0.00651));
#14129=CARTESIAN_POINT('',(0.375777099,-0.098874387999989,0.00651));
#14130=CARTESIAN_POINT('',(0.375777099,-0.098874387999989,0.00501));
#14131=CARTESIAN_POINT('',(0.375777099,-0.098874387999989,0.00651));
#14132=CARTESIAN_POINT('',(0.365896849,-0.089046687999989,0.00651));
#14133=CARTESIAN_POINT('',(0.365896849,-0.089046687999989,0.00501));
#14134=CARTESIAN_POINT('',(0.365896849,-0.089046687999989,0.00651));
#14135=CARTESIAN_POINT('',(0.360966349,-0.070645837999989,0.00651));
#14136=CARTESIAN_POINT('',(0.360966349,-0.070645837999989,0.00501));
#14137=CARTESIAN_POINT('',(0.360966349,-0.070645837999989,0.00651));
#14138=CARTESIAN_POINT('',(0.369558849,-0.048621437999989,0.00651));
#14139=CARTESIAN_POINT('',(0.369558849,-0.048621437999989,0.00501));
#14140=CARTESIAN_POINT('',(0.369558849,-0.048621437999989,0.00651));
#14141=CARTESIAN_POINT('',(0.258299649,-0.154401487999989,0.00651));
#14142=CARTESIAN_POINT('',(0.258299649,-0.154401487999989,0.00501));
#14143=CARTESIAN_POINT('',(0.258299649,-0.154401487999989,0.00651));
#14144=CARTESIAN_POINT('',(0.318685649,-0.116488437999989,0.00651));
#14145=CARTESIAN_POINT('',(0.318685649,-0.116488437999989,0.00501));
#14146=CARTESIAN_POINT('',(0.318685649,-0.116488437999989,0.00651));
#14147=CARTESIAN_POINT('',(0.318704899,-0.089514337999989,0.00651));
#14148=CARTESIAN_POINT('',(0.318704899,-0.089514337999989,0.00501));
#14149=CARTESIAN_POINT('',(0.318704899,-0.089514337999989,0.00651));
#14150=CARTESIAN_POINT('',(0.317397849,-0.084636387999989,0.00651));
#14151=CARTESIAN_POINT('',(0.317397849,-0.084636387999989,0.00501));
#14152=CARTESIAN_POINT('',(0.317397849,-0.084636387999989,0.00651));
#14153=CARTESIAN_POINT('',(0.308843899,-0.052712537999989,0.00651));
#14154=CARTESIAN_POINT('',(0.308843899,-0.052712537999989,0.00501));
#14155=CARTESIAN_POINT('',(0.308843899,-0.052712537999989,0.00651));
#14156=CARTESIAN_POINT('',(0.328477399,-0.052382287999989,0.00651));
#14157=CARTESIAN_POINT('',(0.328477399,-0.052382287999989,0.00501));
#14158=CARTESIAN_POINT('',(0.328477399,-0.052382287999989,0.00651));
#14159=CARTESIAN_POINT('',(0.153276742,-0.057607412,0.00651));
#14160=CARTESIAN_POINT('',(0.153276742,-0.057607412,0.00501));
#14161=CARTESIAN_POINT('',(0.153276742,-0.057607412,0.00651));
#14162=CARTESIAN_POINT('',(0.207133799,-0.115001337999989,0.00651));
#14163=CARTESIAN_POINT('',(0.207133799,-0.115001337999989,0.00501));
#14164=CARTESIAN_POINT('',(0.207133799,-0.115001337999989,0.00651));
#14165=CARTESIAN_POINT('',(0.20731380625,-0.108160621249989,0.00651));
#14166=CARTESIAN_POINT('',(0.20731380625,-0.108160621249989,0.00501));
#14167=MECHANICAL_DESIGN_GEOMETRIC_PRESENTATION_REPRESENTATION('',(#8712),
#14168);
#14168=(
GEOMETRIC_REPRESENTATION_CONTEXT(3)
GLOBAL_UNCERTAINTY_ASSIGNED_CONTEXT((#14169))
GLOBAL_UNIT_ASSIGNED_CONTEXT((#14172,#14171,#14170))
REPRESENTATION_CONTEXT('Part 2','TOP_LEVEL_ASSEMBLY_PART')
);
#14169=UNCERTAINTY_MEASURE_WITH_UNIT(LENGTH_MEASURE(2.E-5),#14172,
'DISTANCE_ACCURACY_VALUE','Maximum Tolerance applied to model');
#14170=(
NAMED_UNIT(*)
SI_UNIT($,.STERADIAN.)
SOLID_ANGLE_UNIT()
);
#14171=(
NAMED_UNIT(*)
PLANE_ANGLE_UNIT()
SI_UNIT($,.RADIAN.)
);
#14172=(
LENGTH_UNIT()
NAMED_UNIT(*)
SI_UNIT($,.METRE.)
);
#14173=PRODUCT_DEFINITION_SHAPE('','',#14174);
#14174=PRODUCT_DEFINITION('','',#14176,#14175);
#14175=PRODUCT_DEFINITION_CONTEXT('',#14182,'design');
#14176=PRODUCT_DEFINITION_FORMATION_WITH_SPECIFIED_SOURCE('','',#14178,
 .NOT_KNOWN.);
#14177=PRODUCT_RELATED_PRODUCT_CATEGORY('','',(#14178));
#14178=PRODUCT('Part 2','Part 2','Part 2',(#14180));
#14179=PRODUCT_CATEGORY('','');
#14180=PRODUCT_CONTEXT('',#14182,'mechanical');
#14181=APPLICATION_PROTOCOL_DEFINITION('international standard',
'ap242_managed_model_based_3d_engineering',2020,#14182);
#14182=APPLICATION_CONTEXT('managed model based 3d engineering');
ENDSEC;
END-ISO-10303-21;
